# This file uses centimeters as units for non-parametric coordinates.

mtllib Sarkofag V.mtl
g default
v -22.087787 1.339364 40.622846
v -18.111934 2.100484 69.040749
v -18.516738 3.616909 42.556611
v -18.863233 5.188071 70.188472
v -14.434875 4.679018 62.626419
v -14.742792 9.016774 62.050805
v -12.725017 16.419397 54.693307
v -15.537230 14.099210 60.077741
v -11.478869 87.201513 71.447248
v -13.854542 97.253914 68.546033
v -22.046929 113.524771 64.466408
v -20.900742 129.814155 63.796177
v -22.431106 131.145744 67.227849
v -22.232373 138.727647 59.642719
v -3.946943 167.967307 73.468514
v -7.384213 172.904135 63.444056
v -7.760953 177.270300 67.833188
v -9.195521 192.917836 62.961431
v -10.368978 195.217323 66.302560
v -22.402546 1.577821 43.806266
v -23.642644 5.525782 43.592682
v -21.936555 4.979454 40.553948
v -18.335161 0.925006 40.596666
v -18.346466 0.109144 43.984306
v -19.870980 1.183758 64.806206
v -15.858832 1.036828 64.831040
v -15.012927 2.976302 69.432877
v -21.576375 5.162884 64.972742
v -16.740239 6.914922 70.234739
v -18.857183 7.646954 42.408218
v -19.075849 7.225970 45.739408
v -18.155766 3.689678 45.765938
v -13.561798 3.581552 42.058646
v -13.413442 0.832825 40.758315
v -13.616241 3.618724 45.604824
v -20.672259 8.799873 40.725411
v -19.320992 8.756247 64.875772
v -15.566781 3.963547 59.979999
v -17.744217 6.337741 60.078648
v -15.695402 7.028953 63.701741
v -12.101546 7.711326 64.701323
v -11.595392 5.369068 63.283224
v -11.850353 4.627321 59.593660
v -15.668131 9.254112 59.378511
v -12.321699 11.503559 59.597937
v -12.053152 9.889611 62.582248
v -16.131148 10.015468 55.262116
v -16.280197 10.871421 50.103554
v -14.248042 16.320287 50.357437
v -7.344843 16.232379 54.736129
v -6.739521 11.471749 58.949950
v -7.937274 14.627187 60.892759
v -8.397217 19.916999 57.936568
v -14.750330 20.236103 57.295808
v -17.892474 14.758126 52.402250
v -20.676821 10.000955 52.305554
v -19.923935 9.867465 58.121427
v -17.667066 19.629740 52.483324
v -11.543229 83.583978 70.632685
v -1.424501 84.078387 68.033552
v -1.424501 88.977445 69.697855
v -13.069229 93.447923 72.063997
v -20.601156 90.326028 69.965207
v -19.274086 83.798601 68.927055
v -11.574170 86.932506 67.834125
v -18.197417 86.918754 65.972606
v -22.283048 93.042388 66.421758
v -9.227254 104.690098 69.128923
v -1.424501 101.804972 69.169676
v -1.424501 92.998923 67.747287
v -1.424501 86.740475 65.138923
v -27.286382 112.482747 63.183651
v -28.099761 120.493137 61.065179
v -21.944786 121.789518 64.344392
v -15.943522 117.310061 67.940414
v -16.980027 110.657881 65.858777
v -21.399360 125.671855 64.203078
v -27.748604 126.053286 60.287028
v -25.309365 131.726820 59.474202
v -19.628910 138.969917 63.678436
v -15.603772 131.228410 68.462354
v -15.584136 123.835881 68.719524
v -19.343702 130.746206 69.864681
v -17.900804 136.848755 71.105967
v -21.535518 142.041484 66.906147
v -25.905565 135.095013 61.963730
v -25.882855 126.348862 64.867831
v -26.210506 140.412841 56.697745
v -26.183235 148.142904 56.815139
v -21.219965 146.845525 61.116400
v -17.776745 143.722352 66.425723
v -4.407778 165.088758 72.338007
v -1.424501 164.083717 72.499112
v -1.424501 169.384429 75.052195
v -1.424501 172.633813 74.673246
v -4.863258 170.520552 72.731020
v -7.237444 166.439586 70.998720
v -1.424501 164.549663 69.224250
v -4.727794 166.122982 68.490340
v -1.424501 171.245874 70.921885
v -13.737326 164.779036 64.453555
v -16.623716 166.886152 61.331708
v -13.413442 174.080037 60.998380
v -6.828871 168.200576 66.008447
v -10.548275 162.715991 67.292656
v -11.090725 181.846269 62.009735
v -6.848506 181.104781 64.816420
v -1.424501 176.983444 68.424971
v -1.424501 173.764880 69.743267
v -6.140346 172.515281 70.211700
v -1.424501 176.977724 72.348012
v -1.424501 179.717508 71.303606
v -12.507838 169.637259 66.406778
v -9.641084 168.191314 68.684396
v -14.021741 177.066575 64.431522
v -16.510961 171.110448 63.673348
v -10.002750 188.418820 63.031622
v -12.318725 189.703013 58.637555
v -10.140494 195.481631 59.425520
v -6.127454 195.125289 65.581892
v -6.392332 188.007756 66.484353
v -6.614767 199.847313 60.881990
v -6.578372 197.266061 68.622603
v -7.108030 202.289968 64.136284
v -11.699816 198.112864 62.640571
v -11.252666 190.705573 66.532337
v -7.135301 190.470556 70.181570
v -14.237432 191.785206 62.118500
v -15.876187 192.883315 56.779527
v -16.513243 186.106442 55.762366
v -15.459283 185.256295 61.095808
v -12.402621 183.817457 65.649329
v -12.833209 199.350412 57.484676
v -13.333314 199.726060 52.223143
v -16.310443 193.198052 51.659215
v -7.729219 204.293339 58.270017
v -8.130950 204.716936 52.555786
v -8.364689 204.691557 48.242907
v -13.470266 199.639482 48.080738
v -1.424501 206.483683 58.735101
v -1.424501 207.095040 52.724476
v -1.424501 207.187803 48.376257
v -1.424501 207.231953 44.905585
v -8.455527 204.669989 44.874745
v -7.911490 203.713716 42.154867
v -12.992077 198.979199 41.790957
v -13.595813 199.556344 44.648807
v -1.424501 206.161887 41.931791
v -1.424501 203.764752 43.142537
v -6.809136 201.734040 43.096783
v -6.881827 201.599098 46.237725
v -10.918271 197.176149 46.046503
v -10.945443 197.416377 42.879961
v -1.424501 203.755866 46.358571
v -1.424501 203.717113 49.715438
v -6.967310 201.506847 49.509452
v -6.814492 201.332810 54.909442
v -10.840325 196.704594 54.286193
v -10.973507 197.015663 49.365189
v -1.424501 203.511427 55.132773
v -1.424501 201.783434 61.799727
v -1.424501 195.861111 66.782144
v -1.424501 188.212509 68.177525
v -1.424501 181.746299 67.687879
v -13.155506 190.808048 53.469792
v -13.256162 191.171105 49.143754
v -13.226610 191.364380 45.876746
v -13.669198 184.364187 48.663113
v -13.746350 184.535258 45.578630
v -13.862179 184.763063 42.477561
v -13.225122 191.616669 42.746676
v -16.560942 185.507323 41.712415
v -15.624299 192.381699 41.805930
v -17.087525 185.830793 44.523997
v -16.511755 192.840554 44.599454
v -16.991432 186.028983 47.662038
v -16.428454 193.056849 47.882296
v -16.851406 186.221517 51.184223
v -18.786774 179.513913 47.413056
v -18.643773 179.626830 50.748588
v -18.322270 179.484286 55.296112
v -21.358503 173.573595 50.637959
v -20.918890 173.359701 55.177391
v -19.570599 172.436851 59.914043
v -17.390881 178.733978 60.387919
v -25.692253 168.648677 55.444154
v -23.633520 167.151027 60.397057
v -20.194864 165.726661 64.076983
v -26.911129 161.248306 59.968271
v -23.321835 159.953133 63.790158
v -19.702295 159.150650 67.518531
v -16.622922 164.636799 67.204116
v -15.777812 158.505142 70.941586
v -13.209949 163.529141 69.816640
v -11.397154 157.648806 73.488496
v -9.642571 162.246883 71.947056
v -6.623791 156.560266 74.907628
v -5.782448 160.819364 73.383639
v -1.424501 155.868700 75.191745
v -1.424501 159.845615 73.889162
v -6.731984 151.912398 75.821192
v -1.424501 151.365677 76.035236
v -6.647294 146.853668 76.780795
v -1.424501 146.283980 76.927158
v -6.642732 140.512242 76.424545
v -1.424501 141.494428 76.117119
v -7.695105 131.216677 73.515305
v -1.424501 130.190238 72.859305
v -8.188468 118.526216 72.416194
v -1.424501 117.024590 73.027789
v -8.789229 106.123909 72.564821
v -1.424501 103.089422 72.791544
v -14.904734 120.956934 71.947261
v -16.581372 109.982158 69.798809
v -22.257265 102.852444 70.376109
v -29.730185 98.320878 69.452804
v -23.765216 115.461105 67.621830
v -30.180311 110.932408 67.834929
v -35.941090 108.297388 65.680779
v -37.644105 106.259387 59.167789
v -34.061656 96.858167 61.833811
v -32.035549 122.274946 64.008172
v -37.439819 119.797399 61.534320
v -39.002214 117.001528 55.667287
v -39.363881 115.901501 50.102179
v -38.270650 105.661110 52.153175
v -37.989907 130.020964 58.864687
v -39.342661 127.228985 53.223983
v -39.466024 126.368804 48.555931
v -39.518982 126.000346 44.572360
v -39.447877 115.898206 45.348624
v -37.900655 137.188069 51.228287
v -38.278881 136.599570 47.410694
v -38.472658 136.159081 43.985774
v -37.358899 135.428183 41.348375
v -38.312996 125.652297 41.328826
v -35.437911 145.828947 46.782895
v -35.616515 145.307456 43.660716
v -34.589823 144.517904 41.475455
v -32.576510 143.442145 42.957444
v -35.429580 134.434932 43.290951
v -33.541915 154.064909 43.595935
v -32.539422 153.292523 41.593553
v -30.485253 152.239572 42.799699
v -30.457980 151.782108 45.759654
v -32.419824 142.870002 46.046570
v -30.010831 161.127310 41.649251
v -28.257833 159.902314 42.868170
v -28.221540 159.596774 45.752145
v -28.186731 159.323487 49.016259
v -30.343043 151.360976 48.775673
v -24.552811 166.135640 42.672431
v -24.536150 165.869094 45.614675
v -24.557373 165.646728 48.871776
v -24.577801 165.053605 53.395759
v -27.890120 158.364291 53.546405
v -19.560088 170.989555 45.338263
v -19.562368 170.806514 48.540871
v -19.544914 170.354880 52.808225
v -18.941178 168.894570 57.737962
v -22.996464 162.602921 58.411129
v -15.933704 177.241401 48.475655
v -15.901871 176.880161 52.367145
v -15.491811 175.918091 57.142024
v -13.528478 184.019006 52.555693
v -13.023811 183.061620 57.541838
v -15.924581 177.485931 45.333938
v -19.616811 171.220818 42.346694
v -16.010064 177.765209 42.447210
v -21.538494 173.089736 41.739855
v -18.341904 178.942601 41.780758
v -21.952421 173.555437 44.149131
v -18.924518 179.387355 44.377726
v -21.670188 173.542613 47.146173
v -26.904287 168.555682 43.901520
v -26.668960 168.758688 46.984945
v -26.314139 169.003920 50.577983
v -30.675953 162.351782 46.725460
v -30.212144 162.764356 50.358155
v -29.477503 162.660206 55.194414
v -32.764136 155.190572 49.997510
v -31.721583 155.553588 54.331516
v -28.639931 154.578565 58.456052
v -34.323458 147.293983 54.440377
v -30.891544 147.417220 58.281344
v -25.921530 148.037124 60.952434
v -24.830481 153.836015 62.194241
v -21.726912 149.063192 66.621394
v -21.080038 153.714225 66.906024
v -17.303118 149.107849 71.772288
v -16.862811 153.545036 71.218242
v -12.121181 148.094349 75.052638
v -11.997915 152.873192 74.251290
v -17.011860 144.657200 72.138420
v -12.010014 142.625130 75.018483
v -13.073792 133.613289 73.858354
v -21.788199 145.455175 66.560888
v -26.165087 142.125956 60.648949
v -31.496074 139.623412 58.882122
v -32.791309 132.199240 61.626180
v -36.207358 138.838275 55.752689
v -35.159446 146.474515 50.255051
v -33.233204 154.555746 46.550611
v -31.007273 162.013600 43.643242
v -26.265743 167.719421 41.685610
v -19.902019 159.987140 62.180343
v -21.049792 152.865759 61.407598
v -24.785063 155.313617 57.596241
v -29.681792 150.539656 53.101037
v -31.227525 141.780296 54.058935
v -32.310145 142.317359 49.447710
v -33.668254 134.081368 56.536132
v -35.525676 133.317367 50.858055
v -35.496122 133.898956 46.875269
v -35.783710 124.935689 52.669178
v -35.958445 124.888049 47.719085
v -36.043928 125.296000 43.612399
v -35.969749 115.620393 48.792202
v -36.050770 115.817752 43.972216
v -38.479399 115.896129 41.281936
v -35.198816 106.992896 44.201088
v -37.746248 106.413153 41.238296
v -38.487731 105.999431 46.192352
v -35.049767 98.001539 41.206048
v -35.723912 97.428598 46.581737
v -35.359964 96.989240 53.553150
v -30.740213 91.368452 46.849900
v -30.111487 91.036443 53.966791
v -27.900730 90.270691 62.416206
v -25.950983 85.667358 53.845611
v -24.209291 84.575039 62.140494
v -25.327612 79.533781 53.599497
v -24.027715 78.514900 61.623823
v -18.973706 77.406121 67.878166
v -23.145515 72.155080 60.262860
v -17.705642 71.760767 65.973510
v -9.316506 72.484618 67.414770
v -10.794906 77.970030 68.994109
v -1.424501 72.995769 66.351692
v -1.424501 78.743356 67.245476
v -8.115777 66.492060 66.415973
v -1.424501 66.351989 64.550960
v -8.157427 60.038863 64.188946
v -1.424501 60.658608 61.469241
v -8.158221 54.403587 60.955572
v -1.424501 55.820460 58.021058
v -8.019683 48.995752 58.973610
v -1.424501 49.792573 56.659067
v -7.951654 43.253160 58.748465
v -1.424501 43.566506 56.820043
v -7.974363 37.457631 58.030898
v -1.424501 37.692510 56.013505
v -8.025732 31.651743 57.364932
v -1.424501 31.752668 55.312561
v -8.158915 25.838317 57.358693
v -1.424501 25.776127 55.212246
v -1.424501 19.695503 54.920161
v -1.424501 13.929788 60.498615
v -7.160985 12.126194 66.004691
v -1.424501 12.358267 66.232198
v -7.046744 9.270391 69.394817
v -1.424501 9.238000 69.711060
v -6.902255 4.878770 69.113152
v -1.424501 4.895035 69.879945
v -6.841664 1.539085 64.944562
v -1.424501 0.661969 65.135647
v -6.971872 0.677215 58.758102
v -1.424501 -0.109730 58.824126
v -7.194306 0.393831 52.582723
v -1.424501 -0.020616 52.616143
v -7.380445 0.340233 47.925340
v -1.424501 0.026093 48.026747
v -7.532470 0.344260 44.202015
v -1.424501 0.072747 44.230708
v -7.685288 0.797468 40.688467
v -1.424501 0.666818 40.756746
v -7.798042 3.695256 41.711199
v -1.424501 3.563079 41.631698
v -7.786737 3.785999 45.455860
v -1.424501 3.496002 45.443470
v -7.630844 3.796686 49.785407
v -1.424501 3.435585 50.081177
v -7.229808 3.983751 55.105414
v -1.424501 3.371283 55.810422
v -7.506785 4.294542 59.910243
v -1.424501 3.309766 60.894486
v -7.611903 5.118362 63.758315
v -1.424501 4.337582 64.697570
v -7.623308 7.889493 65.444466
v -1.424501 7.458328 66.575393
v -7.139763 9.976143 62.787796
v -1.424501 9.910433 63.580433
v -1.424501 12.532760 55.806364
v -1.424501 16.140590 52.366060
v -7.116360 23.466868 53.460654
v -1.424501 23.259273 51.562085
v -7.222271 30.349816 53.394462
v -1.424501 30.400663 51.664071
v -7.348612 36.922684 54.213651
v -1.424501 37.145932 52.415445
v -7.449961 43.239158 55.054383
v -1.424501 43.527547 53.243116
v -7.543874 49.426654 55.304316
v -1.424501 50.192018 53.223610
v -7.685288 55.288607 57.193118
v -1.424501 56.795898 54.276342
v -7.579376 61.253773 60.741606
v -1.424501 62.007900 58.096651
v -7.647505 67.905665 63.127499
v -1.424501 68.534979 61.765892
v -9.526842 74.222103 64.295689
v -1.424501 75.194850 63.209816
v -10.792625 80.201964 66.093721
v -1.424501 81.023162 64.088250
v -17.498379 73.306715 62.861223
v -18.006022 80.078425 64.937686
v -21.062684 74.285710 56.572420
v -21.407690 80.882165 58.038744
v -22.023525 87.174906 58.776283
v -22.146098 81.151822 50.181439
v -23.266599 87.587748 50.738228
v -27.637438 93.139412 51.011425
v -26.240057 92.743352 59.308124
v -32.531091 98.939314 50.823690
v -31.842567 99.018057 59.016858
v -29.405606 100.677587 66.087913
v -22.464625 104.632158 66.171288
v -34.913610 107.647231 57.027143
v -33.486677 110.264281 62.866048
v -35.678493 116.938642 54.487351
v -34.013260 119.067393 60.109783
v -34.029920 126.174361 58.631664
v -35.135250 106.808195 50.115503
v -32.680143 99.249621 44.378438
v -28.043729 93.397946 44.598858
v -30.403538 91.651283 41.188608
v -23.558649 87.692321 44.562081
v -26.277843 86.423347 41.168798
v -26.546389 86.081152 46.979154
v -25.263251 80.438662 41.223635
v -25.601416 79.943247 46.956348
v -24.844067 73.839535 41.153019
v -25.067295 73.596825 46.651929
v -24.838812 73.290944 52.812097
v -22.388960 67.842619 46.169562
v -22.153634 67.750211 51.689086
v -20.359780 66.821294 58.532175
v -19.644777 62.382808 50.663780
v -18.625625 61.589532 56.956959
v -14.761733 60.495627 62.932930
v -15.680230 66.329004 64.132512
v -18.199697 55.915546 55.491140
v -14.431106 54.853858 60.259629
v -18.683143 49.951691 54.302323
v -14.521151 49.132206 58.667456
v -19.542634 43.653501 53.870089
v -14.998547 43.341840 58.576088
v -18.713389 37.400565 53.434482
v -14.703521 37.409131 57.986057
v -18.273082 31.300075 52.870540
v -14.653540 31.455953 57.415235
v -18.037757 25.289651 52.503342
v -14.671688 25.656436 57.144603
v -18.508408 25.058357 48.012305
v -18.119470 19.329668 47.862030
v -18.742942 31.216490 48.250746
v -18.889710 31.053189 44.379079
v -18.671044 24.840249 44.211884
v -19.289159 37.390630 48.511108
v -19.432953 37.283379 44.514744
v -18.871562 37.236490 40.904646
v -18.447122 30.928872 40.811814
v -20.388538 43.782791 48.826528
v -20.558017 43.742826 44.653581
v -20.123760 43.723978 40.909981
v -17.247088 43.794375 42.370125
v -16.115281 37.439545 42.232460
v -19.747714 50.235054 44.999303
v -19.382279 50.319333 41.196568
v -16.376292 50.078732 42.334183
v -16.169030 50.196598 46.270318
v -17.046669 43.709711 46.140920
v -18.986597 56.512746 41.099840
v -15.966230 56.706069 42.658558
v -15.798240 56.845335 46.857930
v -15.556170 56.945851 51.698787
v -15.880748 50.222165 50.737705
v -16.637302 63.264016 42.932904
v -16.492021 63.318204 47.606953
v -16.080473 63.090027 53.266217
v -13.685065 61.644966 59.519480
v -13.203106 55.636471 56.629600
v -19.137829 69.102561 48.472708
v -18.275362 68.535804 54.901725
v -14.627063 67.726399 60.851470
v -21.756465 74.722804 49.338490
v -19.293721 69.144900 43.348650
v -21.744367 74.717835 43.754876
v -22.297428 80.957609 44.247918
v -22.084811 67.942448 41.202967
v -19.799876 62.405942 41.068510
v -19.892995 62.373010 45.688142
v -19.259707 56.430657 45.346577
v -19.065237 56.459236 49.823507
v -19.494239 50.227384 49.240663
v -13.357511 49.465477 55.390247
v -13.556443 43.311400 55.215600
v -16.800038 43.648568 50.552710
v -13.009431 36.839290 54.610781
v -15.696097 37.097232 50.376689
v -15.920118 37.329072 46.082231
v -15.182405 30.523930 50.115036
v -15.392741 30.739170 46.042015
v -15.636397 30.864812 42.300041
v -15.132424 23.994991 46.073301
v -15.401766 24.409751 42.386252
v -18.137618 24.579370 40.892454
v -14.755685 17.850058 42.276121
v -17.338719 18.447763 40.862843
v -18.245116 19.002246 44.066453
v -18.326038 13.076025 40.767927
v -18.942666 13.723958 43.904406
v -18.553827 14.112652 47.595855
v -21.411459 9.470243 43.737679
v -21.167009 9.638417 47.482741
v -23.565492 5.584310 47.609757
v -23.378560 5.626266 52.564974
v -22.358714 1.475083 47.719459
v -22.124181 1.332240 52.756484
v -21.188231 1.430900 58.789851
v -22.667325 5.521421 58.507078
v -17.762365 0.059974 52.744194
v -16.859736 0.368467 58.777132
v -12.790765 0.339536 52.620652
v -12.174931 1.010112 58.683003
v -11.711914 2.149449 64.641974
v -11.549973 4.392372 69.123001
v -12.631204 8.629847 69.748382
v -14.175353 11.504337 65.768020
v -13.116136 0.236193 47.743383
v -18.187599 0.051972 47.783451
v -13.301481 0.234546 44.160845
v -16.181822 11.648310 42.250319
v -16.317287 11.179952 45.759407
v -14.552191 17.181784 45.952505
v -14.863876 23.646367 50.099744
v -12.297502 23.338263 54.087075
v -12.613056 30.317973 54.101544
v -19.128804 6.912660 50.162654
v -18.513664 6.618009 55.351722
v -16.722091 3.781501 55.343006
v -17.888706 3.454567 50.120372
v -12.395084 3.986856 54.963422
v -13.278078 3.658829 49.803751
v -17.652686 151.141359 66.122412
v -16.595751 158.030803 65.894419
v -12.568331 156.364434 69.363638
v -13.200132 149.659912 70.394317
v -7.322134 147.818241 73.014788
v -7.530982 138.954244 72.517187
v -13.202413 141.430396 70.465886
v -7.423484 154.864253 71.563057
v -1.424501 153.687362 72.105748
v -1.424501 146.778040 73.337509
v -6.396101 160.813538 69.512883
v -1.424501 159.161533 70.468325
v -1.424501 137.612050 71.048327
v -1.424501 129.023322 69.465293
v -8.485773 129.971540 69.595487
v -1.424501 122.041218 69.375839
v -8.584148 122.539435 68.611083
v -1.424501 113.328928 69.634592
v -8.273157 114.526043 68.877332
v -1.424501 203.720680 65.028937
v -1.424501 196.958902 70.130686
v -1.424501 190.759624 71.840673
v -7.552105 183.539502 69.144575
v -1.424501 184.694732 71.446944
v 19.238786 1.339364 40.622846
v 15.262933 2.100484 69.040749
v 15.667737 3.616909 42.556611
v 16.014232 5.188071 70.188472
v 11.585874 4.679018 62.626419
v 11.893791 9.016774 62.050805
v 9.876016 16.419397 54.693307
v 12.688229 14.099210 60.077741
v 8.629868 87.201513 71.447248
v 11.005541 97.253914 68.546033
v 19.197928 113.524771 64.466408
v 18.051741 129.814155 63.796177
v 19.597575 130.980221 67.229156
v 19.383372 138.727647 59.642719
v 1.097942 167.967307 73.468514
v 4.535212 172.904135 63.444056
v 4.911952 177.270300 67.833188
v 6.346520 192.917836 62.961431
v 7.519977 195.217323 66.302560
v 19.553545 1.577821 43.806266
v 20.793643 5.525782 43.592682
v 19.087554 4.979454 40.553948
v 15.486160 0.925006 40.596666
v 15.497465 0.109144 43.984306
v 17.021979 1.183758 64.806206
v 13.009831 1.036828 64.831040
v 12.163926 2.976302 69.432877
v 18.727374 5.162884 64.972742
v 13.891238 6.914922 70.234739
v 16.008182 7.646954 42.408218
v 16.226848 7.225970 45.739408
v 15.306765 3.689678 45.765938
v 10.712797 3.581552 42.058646
v 10.564441 0.832825 40.758315
v 10.767240 3.618724 45.604824
v 17.823258 8.799873 40.725411
v 16.471991 8.756247 64.875772
v 12.717780 3.963547 59.979999
v 14.895216 6.337741 60.078648
v 12.846401 7.028953 63.701741
v 9.252545 7.711326 64.701323
v 8.746391 5.369068 63.283224
v 9.001352 4.627321 59.593660
v 12.819130 9.254112 59.378511
v 9.472698 11.503559 59.597937
v 9.204151 9.889611 62.582248
v 13.282147 10.015468 55.262116
v 13.431196 10.871421 50.103554
v 11.399041 16.320287 50.357437
v 4.495842 16.232379 54.736129
v 3.890520 11.471749 58.949950
v 5.088273 14.627187 60.892759
v 5.548216 19.916999 57.936568
v 11.901329 20.236103 57.295808
v 15.043473 14.758126 52.402250
v 17.827820 10.000955 52.305554
v 17.074934 9.867465 58.121427
v 14.818065 19.629740 52.483324
v 8.694228 83.583978 70.632685
v 10.220228 93.447923 72.063997
v 17.752155 90.326028 69.965207
v 16.425085 83.798601 68.927055
v 8.725169 86.932506 67.834125
v 15.348416 86.918754 65.972606
v 19.434047 93.042388 66.421758
v 6.378253 104.690098 69.128923
v 24.437381 112.482747 63.183651
v 25.250760 120.493137 61.065179
v 19.095785 121.789518 64.344392
v 13.094521 117.310061 67.940414
v 14.131026 110.657881 65.858777
v 18.550359 125.671855 64.203078
v 24.899603 126.053286 60.287028
v 22.460364 131.726820 59.474202
v 16.779909 138.969917 63.678436
v 12.754771 131.228410 68.462354
v 12.735135 123.835881 68.719524
v 16.494701 130.746206 69.864681
v 15.051803 136.848755 71.105967
v 18.686517 142.041484 66.906147
v 23.056564 135.095013 61.963730
v 23.033854 126.348862 64.867831
v 23.361505 140.412841 56.697745
v 23.334234 148.142904 56.815139
v 18.370964 146.845525 61.116400
v 14.927744 143.722352 66.425723
v 1.558777 165.088758 72.338007
v 2.014257 170.520552 72.731020
v 4.388443 166.439586 70.998720
v 1.878793 166.122982 68.490340
v 10.888325 164.779036 64.453555
v 13.774715 166.886152 61.331708
v 10.564441 174.080037 60.998380
v 3.979870 168.200576 66.008447
v 7.699274 162.715991 67.292656
v 8.241724 181.846269 62.009735
v 3.999505 181.104781 64.816420
v 3.291345 172.515281 70.211700
v 9.658837 169.637259 66.406778
v 6.792083 168.191314 68.684396
v 11.172740 177.066575 64.431522
v 13.661960 171.110448 63.673348
v 7.153749 188.418820 63.031622
v 9.469724 189.703013 58.637555
v 7.291493 195.481631 59.425520
v 3.278453 195.125289 65.581892
v 3.543331 188.007756 66.484353
v 3.765766 199.847313 60.881990
v 3.729371 197.266061 68.622603
v 4.259029 202.289968 64.136284
v 8.850815 198.112864 62.640571
v 8.403665 190.705573 66.532337
v 4.286300 190.470556 70.181570
v 11.388431 191.785206 62.118500
v 13.027186 192.883315 56.779527
v 13.664242 186.106442 55.762366
v 12.610282 185.256295 61.095808
v 9.553620 183.817457 65.649329
v 9.984208 199.350412 57.484676
v 10.484313 199.726060 52.223143
v 13.461442 193.198052 51.659215
v 4.880218 204.293339 58.270017
v 5.281949 204.716936 52.555786
v 5.515688 204.691557 48.242907
v 10.621265 199.639482 48.080738
v 5.606526 204.669989 44.874745
v 5.062489 203.713716 42.154867
v 10.143076 198.979199 41.790957
v 10.746812 199.556344 44.648807
v 3.960135 201.734040 43.096783
v 4.032826 201.599098 46.237725
v 8.069270 197.176149 46.046503
v 8.096442 197.416377 42.879961
v 4.118309 201.506847 49.509452
v 3.965491 201.332810 54.909442
v 7.991324 196.704594 54.286193
v 8.124506 197.015663 49.365189
v 10.306505 190.808048 53.469792
v 10.407161 191.171105 49.143754
v 10.377609 191.364380 45.876746
v 10.820197 184.364187 48.663113
v 10.897349 184.535258 45.578630
v 11.013178 184.763063 42.477561
v 10.376121 191.616669 42.746676
v 13.711941 185.507323 41.712415
v 12.775298 192.381699 41.805930
v 14.238524 185.830793 44.523997
v 13.662754 192.840554 44.599454
v 14.142431 186.028983 47.662038
v 13.579453 193.056849 47.882296
v 14.002405 186.221517 51.184223
v 15.937773 179.513913 47.413056
v 15.794772 179.626830 50.748588
v 15.473269 179.484286 55.296112
v 18.509502 173.573595 50.637959
v 18.069889 173.359701 55.177391
v 16.721598 172.436851 59.914043
v 14.541880 178.733978 60.387919
v 22.843252 168.648677 55.444154
v 20.784519 167.151027 60.397057
v 17.345863 165.726661 64.076983
v 24.062128 161.248306 59.968271
v 20.472834 159.953133 63.790158
v 16.853294 159.150650 67.518531
v 13.773921 164.636799 67.204116
v 12.928811 158.505142 70.941586
v 10.360948 163.529141 69.816640
v 8.548153 157.648806 73.488496
v 6.793570 162.246883 71.947056
v 3.774790 156.560266 74.907628
v 2.933447 160.819364 73.383639
v 3.882983 151.912398 75.821192
v 3.798293 146.853668 76.780795
v 3.793731 140.512242 76.424545
v 4.846104 131.216677 73.515305
v 5.339467 118.526216 72.416194
v 5.940228 106.123909 72.564821
v 12.055733 120.956934 71.947261
v 13.732371 109.982158 69.798809
v 19.408264 102.852444 70.376109
v 26.881184 98.320878 69.452804
v 20.916215 115.461105 67.621830
v 27.331310 110.932408 67.834929
v 33.092089 108.297388 65.680779
v 34.795104 106.259387 59.167789
v 31.212655 96.858167 61.833811
v 29.186548 122.274946 64.008172
v 34.590818 119.797399 61.534320
v 36.153213 117.001528 55.667287
v 36.514880 115.901501 50.102179
v 35.421649 105.661110 52.153175
v 35.140906 130.020964 58.864687
v 36.493660 127.228985 53.223983
v 36.617023 126.368804 48.555931
v 36.669981 126.000346 44.572360
v 36.598876 115.898206 45.348624
v 35.051654 137.188069 51.228287
v 35.429880 136.599570 47.410694
v 35.623657 136.159081 43.985774
v 34.509898 135.428183 41.348375
v 35.463995 125.652297 41.328826
v 32.588910 145.828947 46.782895
v 32.767514 145.307456 43.660716
v 31.740822 144.517904 41.475455
v 29.727509 143.442145 42.957444
v 32.580579 134.434932 43.290951
v 30.692913 154.064909 43.595935
v 29.690421 153.292523 41.593553
v 27.636252 152.239572 42.799699
v 27.608979 151.782108 45.759654
v 29.570823 142.870002 46.046570
v 27.161830 161.127310 41.649251
v 25.408832 159.902314 42.868170
v 25.372539 159.596774 45.752145
v 25.337730 159.323487 49.016259
v 27.494042 151.360976 48.775673
v 21.703810 166.135640 42.672431
v 21.687149 165.869094 45.614675
v 21.708372 165.646728 48.871776
v 21.728800 165.053605 53.395759
v 25.041119 158.364291 53.546405
v 16.711087 170.989555 45.338263
v 16.713367 170.806514 48.540871
v 16.695913 170.354880 52.808225
v 16.092177 168.894570 57.737962
v 20.147463 162.602921 58.411129
v 13.084703 177.241401 48.475655
v 13.052870 176.880161 52.367145
v 12.642810 175.918091 57.142024
v 10.679477 184.019006 52.555693
v 10.174810 183.061620 57.541838
v 13.075580 177.485931 45.333938
v 16.767810 171.220818 42.346694
v 13.161063 177.765209 42.447210
v 18.689493 173.089736 41.739855
v 15.492903 178.942601 41.780758
v 19.103420 173.555437 44.149131
v 16.075517 179.387355 44.377726
v 18.821187 173.542613 47.146173
v 24.055286 168.555682 43.901520
v 23.819959 168.758688 46.984945
v 23.465138 169.003920 50.577983
v 27.826952 162.351782 46.725460
v 27.363143 162.764356 50.358155
v 26.628502 162.660206 55.194414
v 29.915135 155.190572 49.997510
v 28.872582 155.553588 54.331516
v 25.790930 154.578565 58.456052
v 31.474457 147.293983 54.440377
v 28.042543 147.417220 58.281344
v 23.072529 148.037124 60.952434
v 21.981480 153.836015 62.194241
v 18.877911 149.063192 66.621394
v 18.231037 153.714225 66.906024
v 14.454117 149.107849 71.772288
v 14.013810 153.545036 71.218242
v 9.272180 148.094349 75.052638
v 9.148914 152.873192 74.251290
v 14.162859 144.657200 72.138420
v 9.161013 142.625130 75.018483
v 10.224791 133.613289 73.858354
v 18.939198 145.455175 66.560888
v 23.316086 142.125956 60.648949
v 28.647073 139.623412 58.882122
v 29.942308 132.199240 61.626180
v 33.358357 138.838275 55.752689
v 32.310445 146.474515 50.255051
v 30.384203 154.555746 46.550611
v 28.158272 162.013600 43.643242
v 23.416742 167.719421 41.685610
v 17.053018 159.987140 62.180343
v 18.200791 152.865759 61.407598
v 21.936062 155.313617 57.596241
v 26.832791 150.539656 53.101037
v 28.378524 141.780296 54.058935
v 29.461144 142.317359 49.447710
v 30.819253 134.081368 56.536132
v 32.676675 133.317367 50.858055
v 32.647121 133.898956 46.875269
v 32.934709 124.935689 52.669178
v 33.109444 124.888049 47.719085
v 33.194927 125.296000 43.612399
v 33.120748 115.620393 48.792202
v 33.201769 115.817752 43.972216
v 35.630398 115.896129 41.281936
v 32.349815 106.992896 44.201088
v 34.897247 106.413153 41.238296
v 35.638730 105.999431 46.192352
v 32.200766 98.001539 41.206048
v 32.874911 97.428598 46.581737
v 32.510963 96.989240 53.553150
v 27.891212 91.368452 46.849900
v 27.262486 91.036443 53.966791
v 25.051729 90.270691 62.416206
v 23.101982 85.667358 53.845611
v 21.360290 84.575039 62.140494
v 22.478611 79.533781 53.599497
v 21.178714 78.514900 61.623823
v 16.124705 77.406121 67.878166
v 20.296514 72.155080 60.262860
v 14.856641 71.760767 65.973510
v 6.467505 72.484618 67.414770
v 7.945905 77.970030 68.994109
v 5.266776 66.492060 66.415973
v 5.308426 60.038863 64.188946
v 5.309220 54.403587 60.955572
v 5.170682 48.995752 58.973610
v 5.102653 43.253160 58.748465
v 5.125362 37.457631 58.030898
v 5.176731 31.651743 57.364932
v 5.309914 25.838317 57.358693
v 4.311984 12.126194 66.004691
v 4.197743 9.270391 69.394817
v 4.053254 4.878770 69.113152
v 3.992663 1.539085 64.944562
v 4.122871 0.677215 58.758102
v 4.345305 0.393831 52.582723
v 4.531444 0.340233 47.925340
v 4.683469 0.344260 44.202015
v 4.836287 0.797468 40.688467
v 4.949041 3.695256 41.711199
v 4.937736 3.785999 45.455860
v 4.781843 3.796686 49.785407
v 4.380807 3.983751 55.105414
v 4.657784 4.294542 59.910243
v 4.762902 5.118362 63.758315
v 4.774307 7.889493 65.444466
v 4.290762 9.976143 62.787796
v 4.267359 23.466868 53.460654
v 4.373270 30.349816 53.394462
v 4.499611 36.922684 54.213651
v 4.600960 43.239158 55.054383
v 4.694873 49.426654 55.304316
v 4.836287 55.288607 57.193118
v 4.730375 61.253773 60.741606
v 4.798504 67.905665 63.127499
v 6.677841 74.222103 64.295689
v 7.943624 80.201964 66.093721
v 14.649378 73.306715 62.861223
v 15.157021 80.078425 64.937686
v 18.213683 74.285710 56.572420
v 18.558689 80.882165 58.038744
v 19.174524 87.174906 58.776283
v 19.297097 81.151822 50.181439
v 20.417598 87.587748 50.738228
v 24.788437 93.139412 51.011425
v 23.391056 92.743352 59.308124
v 29.682090 98.939314 50.823690
v 28.993566 99.018057 59.016858
v 26.556605 100.677587 66.087913
v 19.615624 104.632158 66.171288
v 32.064609 107.647231 57.027143
v 30.637676 110.264281 62.866048
v 32.829492 116.938642 54.487351
v 31.164259 119.067393 60.109783
v 31.180919 126.174361 58.631664
v 32.286249 106.808195 50.115503
v 29.831142 99.249621 44.378438
v 25.194728 93.397946 44.598858
v 27.554537 91.651283 41.188608
v 20.709648 87.692321 44.562081
v 23.428842 86.423347 41.168798
v 23.697388 86.081152 46.979154
v 22.414250 80.438662 41.223635
v 22.752415 79.943247 46.956348
v 21.995066 73.839535 41.153019
v 22.218294 73.596825 46.651929
v 21.989811 73.290944 52.812097
v 19.539959 67.842619 46.169562
v 19.304633 67.750211 51.689086
v 17.510779 66.821294 58.532175
v 16.795776 62.382808 50.663780
v 15.776624 61.589532 56.956959
v 11.912732 60.495627 62.932930
v 12.831229 66.329004 64.132512
v 15.350696 55.915546 55.491140
v 11.582105 54.853858 60.259629
v 15.834142 49.951691 54.302323
v 11.672150 49.132206 58.667456
v 16.693633 43.653501 53.870089
v 12.149546 43.341840 58.576088
v 15.864388 37.400565 53.434482
v 11.854520 37.409131 57.986057
v 15.424081 31.300075 52.870540
v 11.804539 31.455953 57.415235
v 15.188756 25.289651 52.503342
v 11.822687 25.656436 57.144603
v 15.659407 25.058357 48.012305
v 15.270469 19.329668 47.862030
v 15.893941 31.216490 48.250746
v 16.040709 31.053189 44.379079
v 15.822043 24.840249 44.211884
v 16.440158 37.390630 48.511108
v 16.583952 37.283379 44.514744
v 16.022561 37.236490 40.904646
v 15.598121 30.928872 40.811814
v 17.539537 43.782791 48.826528
v 17.709016 43.742826 44.653581
v 17.274759 43.723978 40.909981
v 14.398087 43.794375 42.370125
v 13.266280 37.439545 42.232460
v 16.898713 50.235054 44.999303
v 16.533278 50.319333 41.196568
v 13.527291 50.078732 42.334183
v 13.320029 50.196598 46.270318
v 14.197668 43.709711 46.140920
v 16.137596 56.512746 41.099840
v 13.117229 56.706069 42.658558
v 12.949239 56.845335 46.857930
v 12.707169 56.945851 51.698787
v 13.031747 50.222165 50.737705
v 13.788301 63.264016 42.932904
v 13.643020 63.318204 47.606953
v 13.231472 63.090027 53.266217
v 10.836064 61.644966 59.519480
v 10.354105 55.636471 56.629600
v 16.288828 69.102561 48.472708
v 15.426361 68.535804 54.901725
v 11.778062 67.726399 60.851470
v 18.907464 74.722804 49.338490
v 16.444720 69.144900 43.348650
v 18.895366 74.717835 43.754876
v 19.448427 80.957609 44.247918
v 19.235810 67.942448 41.202967
v 16.950875 62.405942 41.068510
v 17.043994 62.373010 45.688142
v 16.410706 56.430657 45.346577
v 16.216236 56.459236 49.823507
v 16.645238 50.227384 49.240663
v 10.508510 49.465477 55.390247
v 10.707442 43.311400 55.215600
v 13.951037 43.648568 50.552710
v 10.160430 36.839290 54.610781
v 12.847096 37.097232 50.376689
v 13.071117 37.329072 46.082231
v 12.333404 30.523930 50.115036
v 12.543740 30.739170 46.042015
v 12.787396 30.864812 42.300041
v 12.283423 23.994991 46.073301
v 12.552765 24.409751 42.386252
v 15.288617 24.579370 40.892454
v 11.906684 17.850058 42.276121
v 14.489718 18.447763 40.862843
v 15.396115 19.002246 44.066453
v 15.477037 13.076025 40.767927
v 16.093665 13.723958 43.904406
v 15.704826 14.112652 47.595855
v 18.562458 9.470243 43.737679
v 18.318008 9.638417 47.482741
v 20.716491 5.584310 47.609757
v 20.529559 5.626266 52.564974
v 19.509713 1.475083 47.719459
v 19.275180 1.332240 52.756484
v 18.339230 1.430900 58.789851
v 19.818324 5.521421 58.507078
v 14.913364 0.059974 52.744194
v 14.010735 0.368467 58.777132
v 9.941764 0.339536 52.620652
v 9.325930 1.010112 58.683003
v 8.862913 2.149449 64.641974
v 8.700972 4.392372 69.123001
v 9.782203 8.629847 69.748382
v 11.326352 11.504337 65.768020
v 10.267135 0.236193 47.743383
v 15.338598 0.051972 47.783451
v 10.452480 0.234546 44.160845
v 13.332821 11.648310 42.250319
v 13.468286 11.179952 45.759407
v 11.703190 17.181784 45.952505
v 12.014875 23.646367 50.099744
v 9.448501 23.338263 54.087075
v 9.764055 30.317973 54.101544
v 16.279803 6.912660 50.162654
v 15.664663 6.618009 55.351722
v 13.873090 3.781501 55.343006
v 15.039705 3.454567 50.120372
v 9.546083 3.986856 54.963422
v 10.429077 3.658829 49.803751
v 14.803685 151.141359 66.122412
v 13.746750 158.030803 65.894419
v 9.719330 156.364434 69.363638
v 10.351131 149.659912 70.394317
v 4.473133 147.818241 73.014788
v 4.681981 138.954244 72.517187
v 10.353412 141.430396 70.465886
v 4.574483 154.864253 71.563057
v 3.547100 160.813538 69.512883
v 5.636772 129.971540 69.595487
v 5.735147 122.539435 68.611083
v 5.424156 114.526043 68.877332
v 4.703104 183.539502 69.144575
v 18.717556 123.061744 68.737136
v -21.486231 123.339459 68.777801
v 11.113833 127.468053 72.930465
v 5.085695 125.054907 72.981610
v -1.424501 123.797690 72.941157
v -7.934696 125.054907 72.981610
v -13.962834 127.468053 72.930465
v -13.903532 127.877523 72.992222
vt 0.484847 0.440760
vt 0.481257 0.448058
vt 0.470560 0.443631
vt 0.477559 0.434564
vt 0.491650 0.430615
vt 0.494097 0.440246
vt 0.493586 0.450253
vt 0.483999 0.519470
vt 0.481147 0.507492
vt 0.492479 0.509422
vt 0.491728 0.523549
vt 0.478557 0.527023
vt 0.468629 0.510319
vt 0.484447 0.533627
vt 0.330276 0.860983
vt 0.325046 0.855432
vt 0.329261 0.852470
vt 0.333775 0.857256
vt 0.507804 0.431860
vt 0.508206 0.441017
vt 0.340336 0.862126
vt 0.337525 0.866929
vt 0.995415 0.701994
vt 0.983998 0.705839
vt 0.979291 0.695035
vt 0.987137 0.693585
vt 0.912509 0.740372
vt 0.906864 0.735287
vt 0.919303 0.722993
vt 0.926582 0.733019
vt 0.349617 0.840975
vt 0.347392 0.843658
vt 0.344004 0.840999
vt 0.347575 0.838177
vt 0.351014 0.835894
vt 0.352903 0.839566
vt 0.352262 0.845072
vt 0.345459 0.835528
vt 0.341873 0.836545
vt 0.342437 0.830617
vt 0.347616 0.832818
vt 0.331763 0.826792
vt 0.336395 0.837911
vt 0.329712 0.841334
vt 0.325630 0.832604
vt 0.337953 0.819221
vt 0.347774 0.824051
vt 0.915878 0.698000
vt 0.892264 0.694955
vt 0.895364 0.677054
vt 0.915634 0.676039
vt 0.938759 0.687454
vt 0.946667 0.702199
vt 0.932056 0.709257
vt 0.934040 0.673532
vt 0.849206 0.477084
vt 0.853368 0.487267
vt 0.824404 0.496707
vt 0.819117 0.481627
vt 0.872028 0.461443
vt 0.875723 0.480628
vt 0.846790 0.458225
vt 0.239666 0.726309
vt 0.252477 0.737381
vt 0.244131 0.745168
vt 0.233406 0.740691
vt 0.237198 0.711917
vt 0.249645 0.707340
vt 0.259079 0.719044
vt 0.266280 0.727670
vt 0.211595 0.715678
vt 0.206966 0.722829
vt 0.195836 0.716423
vt 0.201810 0.706845
vt 0.214842 0.703649
vt 0.220827 0.713244
vt 0.192704 0.697640
vt 0.197542 0.702266
vt 0.189099 0.710813
vt 0.183603 0.702759
vt 0.198886 0.687772
vt 0.207813 0.695728
vt 0.182533 0.686966
vt 0.853124 0.341231
vt 0.841526 0.343947
vt 0.834553 0.326515
vt 0.849383 0.309445
vt 0.869718 0.327062
vt 0.866653 0.353588
vt 0.177384 0.692677
vt 0.170084 0.696927
vt 0.161019 0.688825
vt 0.169674 0.682273
vt 0.180239 0.678140
vt 0.790962 0.232597
vt 0.793455 0.241671
vt 0.784558 0.244960
vt 0.782382 0.228019
vt 0.783177 0.218442
vt 0.794559 0.225056
vt 0.803325 0.237239
vt 0.170115 0.636107
vt 0.164591 0.638811
vt 0.162469 0.628396
vt 0.150065 0.637882
vt 0.156165 0.652952
vt 0.148890 0.655864
vt 0.141811 0.645126
vt 0.158363 0.640469
vt 0.163406 0.649915
vt 0.135042 0.633631
vt 0.141529 0.627956
vt 0.153349 0.624169
vt 0.158386 0.626602
vt 0.810359 0.203859
vt 0.802359 0.218333
vt 0.787246 0.204633
vt 0.788714 0.196143
vt 0.824788 0.226283
vt 0.813521 0.231119
vt 0.832302 0.204025
vt 0.839988 0.221551
vt 0.124603 0.619298
vt 0.129268 0.624687
vt 0.122263 0.628604
vt 0.117800 0.619995
vt 0.125961 0.612293
vt 0.134785 0.618971
vt 0.115840 0.611203
vt 0.818383 0.151993
vt 0.806402 0.144986
vt 0.816787 0.128864
vt 0.828115 0.142869
vt 0.820127 0.165061
vt 0.804431 0.165035
vt 0.834860 0.161032
vt 0.849622 0.155286
vt 0.857127 0.173400
vt 0.841606 0.179332
vt 0.825408 0.184654
vt 0.841329 0.136437
vt 0.854744 0.131229
vt 0.863037 0.150334
vt 0.831155 0.118699
vt 0.846111 0.112126
vt 0.857820 0.108238
vt 0.865483 0.127653
vt 0.820049 0.102844
vt 0.837033 0.093437
vt 0.849875 0.088253
vt 0.860264 0.084851
vt 0.867048 0.105431
vt 0.875216 0.103246
vt 0.882388 0.122280
vt 0.874493 0.124740
vt 0.870048 0.083432
vt 0.878235 0.084534
vt 0.882213 0.101728
vt 0.089867 0.621980
vt 0.094437 0.619902
vt 0.098773 0.628829
vt 0.094214 0.631037
vt 0.889736 0.119724
vt 0.085941 0.613410
vt 0.090597 0.611118
vt 0.095551 0.608694
vt 0.099120 0.617711
vt 0.106736 0.613927
vt 0.110249 0.623011
vt 0.103455 0.626503
vt 0.103888 0.605077
vt 0.115344 0.602551
vt 0.128339 0.604911
vt 0.139553 0.611983
vt 0.147227 0.619490
vt 0.114649 0.632093
vt 0.108647 0.635280
vt 0.104059 0.637750
vt 0.114504 0.644618
vt 0.110146 0.647105
vt 0.105759 0.649556
vt 0.099586 0.640050
vt 0.896836 0.138448
vt 0.905273 0.157235
vt 0.897418 0.160313
vt 0.889826 0.141467
vt 0.889366 0.163200
vt 0.881912 0.144309
vt 0.880401 0.166143
vt 0.873100 0.147149
vt 0.870246 0.169139
vt 0.887357 0.184405
vt 0.877396 0.187443
vt 0.863880 0.192085
vt 0.883675 0.205316
vt 0.870052 0.210274
vt 0.855112 0.216195
vt 0.848492 0.197915
vt 0.877349 0.227878
vt 0.862431 0.234380
vt 0.847741 0.239012
vt 0.870601 0.252022
vt 0.855796 0.256525
vt 0.840988 0.259867
vt 0.833754 0.242878
vt 0.826115 0.262866
vt 0.820969 0.246801
vt 0.811594 0.266041
vt 0.808630 0.251054
vt 0.797250 0.269528
vt 0.796313 0.255523
vt 0.782003 0.271401
vt 0.783229 0.258407
vt 0.796752 0.283964
vt 0.781279 0.285808
vt 0.796258 0.299632
vt 0.781324 0.302193
vt 0.797678 0.318820
vt 0.782256 0.317620
vt 0.804774 0.347886
vt 0.787066 0.354322
vt 0.790727 0.374132
vt 0.808803 0.366623
vt 0.813072 0.386476
vt 0.794605 0.395122
vt 0.823221 0.423967
vt 0.805002 0.438374
vt 0.830794 0.375076
vt 0.843135 0.406827
vt 0.862689 0.424865
vt 0.885817 0.431908
vt 0.860846 0.386633
vt 0.879857 0.397504
vt 0.897641 0.401829
vt 0.916266 0.404841
vt 0.909601 0.432518
vt 0.884893 0.364364
vt 0.902720 0.369371
vt 0.921381 0.373920
vt 0.937553 0.374624
vt 0.935403 0.404492
vt 0.904970 0.340799
vt 0.922684 0.344868
vt 0.936189 0.344520
vt 0.947596 0.343273
vt 0.950999 0.372680
vt 0.920171 0.316063
vt 0.931453 0.315119
vt 0.941441 0.314119
vt 0.950032 0.313659
vt 0.957637 0.342136
vt 0.925136 0.288036
vt 0.934583 0.287038
vt 0.942167 0.286474
vt 0.950217 0.285763
vt 0.958572 0.313503
vt 0.926267 0.262198
vt 0.933190 0.261422
vt 0.940749 0.260327
vt 0.137690 0.700183
vt 0.141970 0.697993
vt 0.150943 0.709737
vt 0.146432 0.712003
vt 0.924905 0.238772
vt 0.931987 0.237753
vt 0.130371 0.689288
vt 0.134447 0.687104
vt 0.138957 0.684561
vt 0.146280 0.695650
vt 0.124092 0.679191
vt 0.128275 0.677026
vt 0.132843 0.674590
vt 0.139347 0.671634
vt 0.145582 0.681585
vt 0.122537 0.667166
vt 0.127130 0.664681
vt 0.133492 0.661598
vt 0.141590 0.658715
vt 0.147952 0.668975
vt 0.121035 0.654639
vt 0.126809 0.651627
vt 0.134336 0.648211
vt 0.120152 0.641575
vt 0.127775 0.637809
vt 0.116471 0.657064
vt 0.118280 0.669448
vt 0.112324 0.659260
vt 0.911777 0.177105
vt 0.918741 0.196956
vt 0.910610 0.198044
vt 0.904185 0.179327
vt 0.903209 0.199822
vt 0.896335 0.181659
vt 0.894218 0.202260
vt 0.910071 0.219130
vt 0.901272 0.220883
vt 0.890960 0.223129
vt 0.909241 0.241187
vt 0.898846 0.242793
vt 0.885470 0.246464
vt 0.907066 0.264214
vt 0.894029 0.266135
vt 0.879219 0.270547
vt 0.901633 0.289775
vt 0.886434 0.290906
vt 0.869755 0.290083
vt 0.863689 0.273802
vt 0.849075 0.288904
vt 0.846234 0.275504
vt 0.829698 0.290583
vt 0.828921 0.277470
vt 0.812467 0.294893
vt 0.812547 0.280496
vt 0.829210 0.303752
vt 0.813125 0.311185
vt 0.819209 0.337937
vt 0.824834 0.355970
vt 0.824459 0.354768
vt 0.850888 0.364632
vt 0.850004 0.299367
vt 0.871798 0.306819
vt 0.888352 0.313280
vt 0.888271 0.335905
vt 0.905189 0.314416
vt 0.914571 0.288995
vt 0.917452 0.263282
vt 0.918063 0.239753
vt 0.917104 0.218030
vt 0.924435 0.216930
vt 0.156066 0.666016
vt 0.162983 0.675417
vt 0.154498 0.679085
vt 0.152617 0.692239
vt 0.162478 0.702818
vt 0.155896 0.707126
vt 0.172358 0.711819
vt 0.166001 0.718728
vt 0.160519 0.721816
vt 0.176566 0.727188
vt 0.170768 0.732540
vt 0.165416 0.736377
vt 0.155491 0.724592
vt 0.182341 0.742482
vt 0.176749 0.747758
vt 0.967020 0.340949
vt 0.973377 0.370222
vt 0.962866 0.371196
vt 0.976798 0.398449
vt 0.965733 0.399820
vt 0.951703 0.401906
vt 0.966518 0.426433
vt 0.951391 0.428407
vt 0.932257 0.430894
vt 0.950378 0.451560
vt 0.929360 0.453574
vt 0.903296 0.456868
vt 0.927613 0.472858
vt 0.901114 0.475922
vt 0.927378 0.490567
vt 0.903407 0.493357
vt 0.880707 0.498790
vt 0.906664 0.512073
vt 0.884441 0.516086
vt 0.860207 0.521236
vt 0.857586 0.504173
vt 0.837774 0.527837
vt 0.830812 0.511847
vt 0.863926 0.538737
vt 0.845490 0.546551
vt 0.871293 0.557157
vt 0.851489 0.564052
vt 0.877446 0.575043
vt 0.855350 0.579762
vt 0.881410 0.591547
vt 0.860890 0.595597
vt 0.885039 0.608152
vt 0.865767 0.611662
vt 0.888354 0.625118
vt 0.868940 0.627678
vt 0.891502 0.642251
vt 0.871144 0.643639
vt 0.894003 0.659347
vt 0.873024 0.659318
vt 0.872574 0.674728
vt 0.873304 0.694473
vt 0.886629 0.711231
vt 0.870167 0.710023
vt 0.883860 0.723986
vt 0.868050 0.723216
vt 0.529808 0.546799
vt 0.512931 0.543767
vt 0.515329 0.530957
vt 0.531507 0.534396
vt 0.518292 0.515042
vt 0.533933 0.516684
vt 0.520491 0.496404
vt 0.536430 0.498452
vt 0.522356 0.478092
vt 0.538916 0.480306
vt 0.523647 0.464272
vt 0.540769 0.466776
vt 0.524541 0.453175
vt 0.542305 0.455566
vt 0.525179 0.442620
vt 0.543728 0.445181
vt 0.525577 0.433551
vt 0.544942 0.436317
vt 0.356452 0.876246
vt 0.346622 0.872017
vt 0.349365 0.866709
vt 0.359183 0.870635
vt 0.352838 0.860622
vt 0.362617 0.863336
vt 0.356866 0.852860
vt 0.366191 0.853442
vt 0.358320 0.845092
vt 0.367759 0.843918
vt 0.358003 0.838502
vt 0.367254 0.836489
vt 0.356278 0.833276
vt 0.365016 0.830075
vt 0.352809 0.828687
vt 0.360694 0.824292
vt 0.349885 0.815141
vt 0.343804 0.810490
vt 0.328493 0.811945
vt 0.334818 0.804290
vt 0.319934 0.804832
vt 0.326371 0.797504
vt 0.311940 0.797734
vt 0.318635 0.790499
vt 0.304441 0.790666
vt 0.311373 0.783609
vt 0.297157 0.783605
vt 0.304557 0.776097
vt 0.290086 0.776491
vt 0.298399 0.768168
vt 0.283161 0.767771
vt 0.291566 0.761230
vt 0.276284 0.758858
vt 0.283994 0.752133
vt 0.267996 0.752272
vt 0.277584 0.743188
vt 0.260361 0.745369
vt 0.271989 0.735351
vt 0.259205 0.761384
vt 0.251715 0.753094
vt 0.251723 0.769725
vt 0.243720 0.762551
vt 0.235641 0.756393
vt 0.237060 0.773490
vt 0.228067 0.767904
vt 0.217704 0.762909
vt 0.225691 0.751693
vt 0.206335 0.757613
vt 0.213357 0.747272
vt 0.218394 0.737207
vt 0.221855 0.725936
vt 0.200190 0.741694
vt 0.203401 0.732334
vt 0.187097 0.734450
vt 0.191586 0.725402
vt 0.182615 0.718985
vt 0.194475 0.750738
vt 0.200157 0.765749
vt 0.188326 0.757761
vt 0.211849 0.771529
vt 0.978434 0.424959
vt 0.979847 0.448534
vt 0.966930 0.450194
vt 0.980448 0.470111
vt 0.966874 0.470625
vt 0.948921 0.471408
vt 0.964453 0.489101
vt 0.947199 0.489653
vt 0.961350 0.508389
vt 0.945955 0.508617
vt 0.928436 0.508993
vt 0.945941 0.527443
vt 0.929646 0.527583
vt 0.908494 0.530281
vt 0.930973 0.545200
vt 0.911340 0.547420
vt 0.890001 0.551312
vt 0.886738 0.533732
vt 0.914815 0.564903
vt 0.896089 0.569321
vt 0.918999 0.582757
vt 0.900865 0.586935
vt 0.922547 0.601445
vt 0.904508 0.604363
vt 0.924528 0.620385
vt 0.907401 0.622376
vt 0.927530 0.638697
vt 0.910706 0.640562
vt 0.930820 0.656713
vt 0.913596 0.658611
vt 0.944283 0.654710
vt 0.948502 0.670823
vt 0.941002 0.636985
vt 0.952226 0.635551
vt 0.955453 0.652846
vt 0.938667 0.618985
vt 0.950184 0.617894
vt 0.960842 0.616666
vt 0.962570 0.634112
vt 0.936666 0.599999
vt 0.948237 0.599248
vt 0.958662 0.598659
vt 0.967746 0.597821
vt 0.969722 0.615518
vt 0.947083 0.580518
vt 0.958412 0.579999
vt 0.967833 0.580104
vt 0.276094 0.807975
vt 0.279664 0.802683
vt 0.287593 0.809292
vt 0.283872 0.814037
vt 0.959281 0.562160
vt 0.969308 0.562182
vt 0.268085 0.801838
vt 0.271614 0.796016
vt 0.275837 0.789209
vt 0.283977 0.796700
vt 0.259477 0.796621
vt 0.263165 0.790073
vt 0.268066 0.782246
vt 0.275597 0.774139
vt 0.282886 0.782668
vt 0.254454 0.784633
vt 0.260324 0.775988
vt 0.267895 0.767295
vt 0.245823 0.779373
vt 0.250542 0.791813
vt 0.241795 0.787236
vt 0.232848 0.782050
vt 0.976914 0.489936
vt 0.973124 0.508412
vt 0.222955 0.776639
vt 0.971527 0.526327
vt 0.960660 0.527189
vt 0.971468 0.544270
vt 0.960188 0.544760
vt 0.946191 0.545077
vt 0.946377 0.562508
vt 0.932623 0.562765
vt 0.934423 0.581018
vt 0.290214 0.790361
vt 0.297667 0.797325
vt 0.291790 0.803789
vt 0.305766 0.804272
vt 0.300350 0.810185
vt 0.295855 0.815450
vt 0.308612 0.816999
vt 0.304100 0.821876
vt 0.300084 0.826405
vt 0.291922 0.820236
vt 0.312109 0.828813
vt 0.307586 0.832783
vt 0.971747 0.633081
vt 0.974080 0.649862
vt 0.965174 0.651236
vt 0.979060 0.665642
vt 0.970422 0.667226
vt 0.960206 0.668714
vt 0.975287 0.681708
vt 0.965410 0.683109
vt 0.953975 0.684937
vt 0.970349 0.696557
vt 0.959958 0.698817
vt 0.974916 0.709048
vt 0.964675 0.711763
vt 0.952749 0.715766
vt 0.465349 0.471343
vt 0.467347 0.456013
vt 0.479588 0.458836
vt 0.478375 0.473116
vt 0.478496 0.490595
vt 0.465645 0.489940
vt 0.939674 0.722632
vt 0.491707 0.474769
vt 0.491851 0.492020
vt 0.506255 0.476223
vt 0.505637 0.494166
vt 0.504420 0.512388
vt 0.501723 0.527624
vt 0.496541 0.539698
vt 0.897671 0.728178
vt 0.905531 0.715071
vt 0.507211 0.461964
vt 0.492510 0.460763
vt 0.507859 0.451398
vt 0.984083 0.681007
vt 0.319965 0.848619
vt 0.324537 0.845544
vt 0.314305 0.840182
vt 0.319288 0.836796
vt 0.317069 0.824303
vt 0.323023 0.818918
vt 0.313973 0.811371
vt 0.333977 0.848264
vt 0.339349 0.843976
vt 0.343167 0.847774
vt 0.338064 0.852684
vt 0.349101 0.851059
vt 0.344256 0.857060
vt 0.171212 0.670497
vt 0.163630 0.662346
vt 0.171215 0.657889
vt 0.179483 0.664872
vt 0.188303 0.659073
vt 0.198830 0.668774
vt 0.189507 0.673388
vt 0.178677 0.652521
vt 0.185982 0.645884
vt 0.195630 0.652901
vt 0.170690 0.645862
vt 0.177823 0.640814
vt 0.207604 0.663486
vt 0.217851 0.673814
vt 0.208590 0.680694
vt 0.226217 0.682073
vt 0.217364 0.689506
vt 0.236526 0.692684
vt 0.227091 0.698752
vt 0.803761 0.117998
vt 0.791318 0.142249
vt 0.787740 0.162228
vt 0.807456 0.185275
vt 0.787975 0.181139
vt 0.601627 0.456758
vt 0.610314 0.452751
vt 0.614616 0.463365
vt 0.603123 0.464754
vt 0.592857 0.453776
vt 0.597805 0.445158
vt 0.590657 0.463551
vt 0.581279 0.532796
vt 0.572738 0.534646
vt 0.575813 0.520837
vt 0.587246 0.522025
vt 0.598543 0.528115
vt 0.584490 0.541534
vt 0.577040 0.546311
vt 0.277832 0.885005
vt 0.274381 0.888777
vt 0.269266 0.884637
vt 0.271902 0.880210
vt 0.579061 0.450724
vt 0.581912 0.442013
vt 0.284309 0.891785
vt 0.279732 0.894951
vt 0.282610 0.542691
vt 0.285880 0.554029
vt 0.280769 0.560156
vt 0.273661 0.550757
vt 0.208513 0.596133
vt 0.221821 0.587472
vt 0.226992 0.598732
vt 0.210177 0.603546
vt 0.259342 0.905803
vt 0.256398 0.903978
vt 0.258942 0.900204
vt 0.261850 0.903382
vt 0.258186 0.909186
vt 0.254381 0.907580
vt 0.263627 0.908131
vt 0.253597 0.902069
vt 0.254340 0.898416
vt 0.251058 0.904423
vt 0.248471 0.899426
vt 0.243851 0.889071
vt 0.249183 0.882517
vt 0.258196 0.885927
vt 0.255288 0.892850
vt 0.242328 0.905244
vt 0.236770 0.895815
vt 0.247094 0.613971
vt 0.266115 0.624950
vt 0.255293 0.642120
vt 0.238171 0.636045
vt 0.245216 0.594351
vt 0.258530 0.585077
vt 0.267505 0.599199
vt 0.277325 0.610138
vt 0.406947 0.780391
vt 0.388234 0.804388
vt 0.377684 0.792386
vt 0.400113 0.771771
vt 0.431768 0.768170
vt 0.416860 0.755543
vt 0.422198 0.791743
vt 0.136699 0.804827
vt 0.150567 0.797498
vt 0.155841 0.807855
vt 0.148707 0.816765
vt 0.130921 0.824733
vt 0.118538 0.816209
vt 0.122162 0.803452
vt 0.140066 0.831262
vt 0.123979 0.777638
vt 0.114432 0.768549
vt 0.123531 0.761869
vt 0.130760 0.772483
vt 0.122249 0.787028
vt 0.112229 0.781785
vt 0.104565 0.760164
vt 0.108983 0.750702
vt 0.117428 0.755574
vt 0.109544 0.764639
vt 0.095193 0.767073
vt 0.103800 0.775374
vt 0.093154 0.750828
vt 0.526891 0.843285
vt 0.553131 0.862441
vt 0.530984 0.866989
vt 0.519215 0.852364
vt 0.523130 0.825739
vt 0.547753 0.836074
vt 0.098460 0.745263
vt 0.102147 0.737662
vt 0.087504 0.738360
vt 0.093383 0.729235
vt 0.084180 0.749207
vt 0.591447 0.951040
vt 0.591228 0.960762
vt 0.577533 0.950557
vt 0.584763 0.944417
vt 0.599783 0.951604
vt 0.599964 0.964767
vt 0.593466 0.937990
vt 0.033236 0.735244
vt 0.043781 0.736574
vt 0.041503 0.742286
vt 0.041758 0.722160
vt 0.048358 0.713382
vt 0.059600 0.719629
vt 0.057246 0.727104
vt 0.054764 0.734553
vt 0.044965 0.730238
vt 0.031216 0.714397
vt 0.036385 0.707499
vt 0.031139 0.731308
vt 0.028332 0.726469
vt 0.626005 0.948232
vt 0.622112 0.970879
vt 0.613993 0.967993
vt 0.609468 0.948104
vt 0.603801 0.932106
vt 0.613541 0.924659
vt 0.625120 0.913733
vt 0.636623 0.929028
vt 0.021304 0.698173
vt 0.021486 0.691337
vt 0.030407 0.695137
vt 0.027031 0.702418
vt 0.021747 0.708350
vt 0.014422 0.700057
vt 0.012571 0.690046
vt 0.675139 0.966678
vt 0.687864 0.962672
vt 0.694511 0.979413
vt 0.675368 0.980556
vt 0.656931 0.972440
vt 0.664607 0.958748
vt 0.675343 0.947885
vt 0.662705 0.933030
vt 0.675487 0.922414
vt 0.687591 0.937839
vt 0.650122 0.944537
vt 0.699950 0.954312
vt 0.698487 0.928578
vt 0.711068 0.945175
vt 0.710417 0.971877
vt 0.723481 0.962068
vt 0.719451 0.937571
vt 0.732612 0.953771
vt 0.735315 0.979146
vt 0.718786 0.989333
vt 0.746131 0.970497
vt 0.739585 0.947106
vt 0.754192 0.963113
vt 0.726410 0.931148
vt 0.732426 0.925475
vt 0.745496 0.941060
vt 0.760227 0.955282
vt 0.750250 0.935707
vt 0.763282 0.947607
vt 0.021357 0.663334
vt 0.030716 0.666984
vt 0.028858 0.671697
vt 0.019630 0.668048
vt 0.738257 0.920325
vt 0.010580 0.664881
vt 0.012514 0.660065
vt 0.017798 0.672882
vt 0.008537 0.670005
vt 0.026892 0.676542
vt 0.023923 0.683580
vt 0.014600 0.680763
vt 0.005560 0.678591
vt 0.003906 0.690205
vt 0.007241 0.702985
vt 0.015140 0.713633
vt 0.023205 0.720718
vt 0.036036 0.681056
vt 0.033312 0.687281
vt 0.038153 0.676295
vt 0.047941 0.681658
vt 0.045790 0.686191
vt 0.040109 0.671661
vt 0.050053 0.677098
vt 0.725423 0.904953
vt 0.719353 0.909581
vt 0.706654 0.893721
vt 0.713189 0.888386
vt 0.712996 0.915084
vt 0.700189 0.899322
vt 0.706198 0.921370
vt 0.693227 0.905691
vt 0.685634 0.913071
vt 0.673190 0.897863
vt 0.680724 0.890672
vt 0.662516 0.907365
vt 0.649693 0.893064
vt 0.660694 0.883624
vt 0.649888 0.917915
vt 0.637205 0.903180
vt 0.624948 0.887883
vt 0.637930 0.878070
vt 0.613706 0.898413
vt 0.602395 0.882804
vt 0.613581 0.872109
vt 0.603477 0.908705
vt 0.592220 0.894069
vt 0.593787 0.917923
vt 0.582312 0.905560
vt 0.584029 0.926590
vt 0.572423 0.916658
vt 0.574093 0.935132
vt 0.562349 0.927447
vt 0.565162 0.945120
vt 0.553238 0.939815
vt 0.540327 0.933381
vt 0.549525 0.920801
vt 0.526072 0.925305
vt 0.535628 0.913547
vt 0.513085 0.916927
vt 0.519605 0.902899
vt 0.483463 0.894737
vt 0.497755 0.882461
vt 0.483403 0.869762
vt 0.467994 0.881834
vt 0.451605 0.868162
vt 0.468196 0.856307
vt 0.419009 0.837895
vt 0.440498 0.829081
vt 0.465200 0.820129
vt 0.486821 0.846453
vt 0.459068 0.794243
vt 0.464271 0.770633
vt 0.491332 0.792696
vt 0.491484 0.814595
vt 0.496283 0.775078
vt 0.475401 0.749606
vt 0.502791 0.757368
vt 0.527062 0.786567
vt 0.522684 0.804558
vt 0.532248 0.768073
vt 0.512479 0.740861
vt 0.539564 0.753633
vt 0.558207 0.781184
vt 0.553067 0.798617
vt 0.565132 0.769585
vt 0.547852 0.742868
vt 0.571813 0.760254
vt 0.588434 0.788131
vt 0.582080 0.797500
vt 0.594203 0.779916
vt 0.577728 0.752061
vt 0.598818 0.772654
vt 0.614443 0.799175
vt 0.608940 0.806919
vt 0.618653 0.792842
vt 0.603141 0.765288
vt 0.623220 0.786175
vt 0.636084 0.812954
vt 0.632013 0.818606
vt 0.640745 0.806902
vt 0.102947 0.705115
vt 0.115394 0.712939
vt 0.113475 0.717608
vt 0.101086 0.709548
vt 0.656122 0.825611
vt 0.651761 0.831282
vt 0.089661 0.702869
vt 0.091531 0.698640
vt 0.099076 0.714023
vt 0.087466 0.707558
vt 0.079145 0.697476
vt 0.080988 0.693141
vt 0.077062 0.702214
vt 0.084998 0.714388
vt 0.074605 0.708922
vt 0.066749 0.697266
vt 0.068880 0.692499
vt 0.064155 0.703843
vt 0.072603 0.717704
vt 0.061892 0.712135
vt 0.053708 0.697931
vt 0.056276 0.691946
vt 0.050870 0.705695
vt 0.040003 0.699938
vt 0.043182 0.692052
vt 0.058349 0.687213
vt 0.060225 0.682912
vt 0.070834 0.688081
vt 0.699063 0.872971
vt 0.693403 0.878498
vt 0.680243 0.863718
vt 0.685179 0.857166
vt 0.687520 0.884195
vt 0.675064 0.869296
vt 0.668529 0.875935
vt 0.655759 0.860653
vt 0.661602 0.853845
vt 0.648744 0.868538
vt 0.635476 0.852021
vt 0.641973 0.843750
vt 0.625716 0.861877
vt 0.612772 0.844770
vt 0.620838 0.834351
vt 0.601663 0.855514
vt 0.587458 0.839240
vt 0.595898 0.826549
vt 0.591210 0.867451
vt 0.579997 0.854180
vt 0.581167 0.881828
vt 0.570882 0.872781
vt 0.570961 0.895952
vt 0.559916 0.888844
vt 0.560294 0.908737
vt 0.547708 0.901746
vt 0.533834 0.893183
vt 0.548200 0.882811
vt 0.513506 0.874760
vt 0.500549 0.861015
vt 0.562220 0.866841
vt 0.566413 0.844191
vt 0.549143 0.815570
vt 0.568901 0.826595
vt 0.576168 0.811364
vt 0.602923 0.815656
vt 0.626744 0.825757
vt 0.647550 0.836765
vt 0.666011 0.848255
vt 0.670565 0.842406
vt 0.083179 0.723468
vt 0.080162 0.732206
vt 0.070266 0.726018
vt 0.096153 0.720599
vt 0.107446 0.729633
vt 0.111245 0.722744
vt 0.123577 0.731945
vt 0.117168 0.738805
vt 0.126242 0.726245
vt 0.137709 0.735655
vt 0.132810 0.741840
vt 0.128631 0.721021
vt 0.141132 0.730028
vt 0.153336 0.740470
vt 0.148497 0.746444
vt 0.583363 0.744466
vt 0.554964 0.733253
vt 0.560966 0.724570
vt 0.531422 0.716718
vt 0.538042 0.707747
vt 0.522725 0.727923
vt 0.499474 0.715200
vt 0.508612 0.702984
vt 0.487925 0.730657
vt 0.466738 0.722061
vt 0.478799 0.704731
vt 0.451087 0.743162
vt 0.433411 0.735721
vt 0.449073 0.714128
vt 0.419339 0.725174
vt 0.433524 0.705650
vt 0.403474 0.742294
vt 0.390231 0.730559
vt 0.404624 0.713159
vt 0.387446 0.759806
vt 0.373860 0.749156
vt 0.367631 0.779378
vt 0.357108 0.765471
vt 0.344581 0.749571
vt 0.360430 0.737334
vt 0.332269 0.735763
vt 0.347989 0.721883
vt 0.320470 0.724695
vt 0.335416 0.707750
vt 0.309385 0.712103
vt 0.322976 0.696203
vt 0.297775 0.699976
vt 0.310283 0.684900
vt 0.285372 0.689358
vt 0.297121 0.673693
vt 0.272541 0.679611
vt 0.283732 0.662549
vt 0.259798 0.670286
vt 0.270058 0.651987
vt 0.246146 0.663122
vt 0.229295 0.652805
vt 0.214205 0.647916
vt 0.221223 0.632976
vt 0.201667 0.643293
vt 0.208748 0.629136
vt 0.548014 0.535434
vt 0.546879 0.548418
vt 0.549439 0.519309
vt 0.552333 0.500766
vt 0.555461 0.482627
vt 0.557935 0.468969
vt 0.560058 0.458041
vt 0.562283 0.447703
vt 0.564339 0.438861
vt 0.295029 0.909953
vt 0.289641 0.913101
vt 0.284984 0.903608
vt 0.290069 0.900472
vt 0.282622 0.917077
vt 0.279177 0.907530
vt 0.273026 0.921388
vt 0.271742 0.912133
vt 0.263648 0.923671
vt 0.264105 0.914170
vt 0.256202 0.923728
vt 0.257510 0.914352
vt 0.249637 0.921981
vt 0.252168 0.913027
vt 0.243544 0.918109
vt 0.247331 0.909914
vt 0.233603 0.908022
vt 0.228506 0.902309
vt 0.221645 0.893817
vt 0.228800 0.886932
vt 0.214240 0.885907
vt 0.221060 0.878936
vt 0.206670 0.878723
vt 0.213379 0.871501
vt 0.199252 0.872002
vt 0.205765 0.864557
vt 0.191245 0.865773
vt 0.198173 0.857826
vt 0.182875 0.860231
vt 0.190546 0.851313
vt 0.175440 0.853942
vt 0.181327 0.845066
vt 0.165797 0.847079
vt 0.171920 0.838882
vt 0.156393 0.841362
vt 0.164727 0.831115
vt 0.148156 0.836375
vt 0.157267 0.824023
vt 0.164317 0.814818
vt 0.173150 0.821661
vt 0.173144 0.806132
vt 0.180902 0.813570
vt 0.166394 0.798542
vt 0.177299 0.790120
vt 0.183549 0.798666
vt 0.160956 0.788975
vt 0.171537 0.780163
vt 0.155616 0.777009
vt 0.165397 0.769227
vt 0.145960 0.782792
vt 0.134982 0.787094
vt 0.139968 0.768210
vt 0.149059 0.764301
vt 0.132164 0.756953
vt 0.140847 0.751793
vt 0.125088 0.748491
vt 0.157646 0.757920
vt 0.164185 0.751258
vt 0.173042 0.762452
vt 0.179689 0.773675
vt 0.515739 0.693321
vt 0.488104 0.690974
vt 0.495885 0.680531
vt 0.470270 0.681005
vt 0.477373 0.669427
vt 0.460785 0.696268
vt 0.444039 0.688824
vt 0.452980 0.674057
vt 0.426900 0.680610
vt 0.434647 0.667304
vt 0.417984 0.695693
vt 0.402375 0.685525
vt 0.410486 0.671392
vt 0.389652 0.702636
vt 0.376110 0.691753
vt 0.387671 0.675731
vt 0.375977 0.719907
vt 0.362255 0.708443
vt 0.349544 0.694308
vt 0.362576 0.680153
vt 0.336534 0.681509
vt 0.349066 0.667752
vt 0.323130 0.669789
vt 0.334518 0.655498
vt 0.308850 0.658437
vt 0.318982 0.644485
vt 0.294620 0.646640
vt 0.304494 0.632891
vt 0.280306 0.635272
vt 0.290405 0.621191
vt 0.286776 0.598861
vt 0.298751 0.610438
vt 0.312592 0.621988
vt 0.305852 0.601617
vt 0.319344 0.612909
vt 0.327134 0.632849
vt 0.333732 0.623346
vt 0.325670 0.604599
vt 0.340028 0.614659
vt 0.349028 0.634185
vt 0.342701 0.643901
vt 0.354653 0.625387
vt 0.345381 0.607482
vt 0.359837 0.617881
vt 0.370794 0.634755
vt 0.364787 0.644374
vt 0.375321 0.626491
vt 0.220883 0.834983
vt 0.227515 0.842281
vt 0.223064 0.846349
vt 0.215876 0.838943
vt 0.391665 0.633994
vt 0.386767 0.642743
vt 0.208620 0.831419
vt 0.214159 0.827460
vt 0.210235 0.843695
vt 0.202151 0.836144
vt 0.202056 0.823443
vt 0.208306 0.819271
vt 0.194622 0.828921
vt 0.196161 0.843667
vt 0.187106 0.837043
vt 0.187796 0.821674
vt 0.195974 0.815168
vt 0.179699 0.829880
vt 0.190076 0.806959
vt 0.197613 0.802349
vt 0.202837 0.810725
vt 0.191766 0.793819
vt 0.458362 0.662786
vt 0.440400 0.657031
vt 0.185623 0.784363
vt 0.417923 0.658687
vt 0.424003 0.649639
vt 0.402378 0.650483
vt 0.408335 0.640893
vt 0.395240 0.662528
vt 0.380138 0.653819
vt 0.373170 0.665681
vt 0.358144 0.655162
vt 0.204386 0.850393
vt 0.211893 0.857299
vt 0.217894 0.850950
vt 0.224919 0.859003
vt 0.219432 0.864850
vt 0.229829 0.854123
vt 0.236859 0.861859
vt 0.232337 0.866727
vt 0.234305 0.849840
vt 0.241072 0.857512
vt 0.247999 0.864511
vt 0.244382 0.869321
vt 0.331068 0.597107
vt 0.312022 0.593934
vt 0.317585 0.586845
vt 0.300658 0.581520
vt 0.306274 0.574769
vt 0.294353 0.589695
vt 0.284357 0.578102
vt 0.290422 0.570180
vt 0.277159 0.587171
vt 0.267994 0.575152
vt 0.275058 0.567204
vt 0.259024 0.564693
vt 0.266412 0.557099
vt 0.249688 0.573125
vt 0.612183 0.491457
vt 0.599160 0.489662
vt 0.601832 0.475582
vt 0.614381 0.476155
vt 0.606897 0.509289
vt 0.594343 0.506464
vt 0.237294 0.581154
vt 0.581097 0.504246
vt 0.585875 0.487669
vt 0.567242 0.502605
vt 0.571471 0.485157
vt 0.563514 0.520482
vt 0.562015 0.535883
vt 0.563760 0.548906
vt 0.211866 0.615044
vt 0.227143 0.614620
vt 0.574385 0.471166
vt 0.588868 0.473963
vt 0.576603 0.460815
vt 0.295345 0.562857
vt 0.264725 0.875658
vt 0.262004 0.880449
vt 0.252884 0.875876
vt 0.255884 0.870652
vt 0.240259 0.874607
vt 0.235339 0.880951
vt 0.227130 0.872497
vt 0.265429 0.889657
vt 0.270146 0.893398
vt 0.265635 0.898858
vt 0.261560 0.895338
vt 0.274977 0.899242
vt 0.269359 0.904526
vt 0.075877 0.740783
vt 0.067177 0.733838
vt 0.070893 0.749455
vt 0.063306 0.741738
vt 0.080141 0.758807
vt 0.076244 0.768452
vt 0.065777 0.758687
vt 0.058517 0.749584
vt 0.060175 0.766460
vt 0.052450 0.757370
vt 0.051273 0.742122
vt 0.046778 0.749616
vt 0.071634 0.777600
vt 0.088867 0.777284
vt 0.082707 0.787038
vt 0.098317 0.785367
vt 0.091573 0.794756
vt 0.108272 0.794369
vt 0.102934 0.804235
vt 0.505273 0.833376
vt 0.697592 0.996094
vt 0.670355 0.995043
vt 0.651190 0.988362
vt 0.634825 0.978881
vt 0.640776 0.959876
vn -0.458935 -0.517858 -0.721943
vn -0.731244 -0.675316 -0.096076
vn -0.977778 0.144834 -0.151570
vn -0.409185 0.159855 -0.898340
vn -0.458935 -0.517858 -0.721943
vn -0.409185 0.159855 -0.898340
vn 0.450966 0.588520 -0.671024
vn 0.008849 -0.532339 -0.846485
vn -0.458935 -0.517858 -0.721943
vn 0.008849 -0.532339 -0.846485
vn -0.124361 -0.989034 -0.079661
vn -0.731244 -0.675316 -0.096076
vn -0.398251 -0.705293 0.586479
vn -0.583893 -0.775559 0.239952
vn 0.110253 -0.975227 0.191771
vn 0.206847 -0.658552 0.723549
vn -0.398251 -0.705293 0.586479
vn -0.690035 0.101898 0.716567
vn -0.946593 0.117697 0.300181
vn -0.583893 -0.775559 0.239952
vn -0.398251 -0.705293 0.586479
vn 0.206847 -0.658552 0.723549
vn -0.342814 0.467957 0.814552
vn -0.690035 0.101898 0.716567
vn 0.450966 0.588520 -0.671024
vn 0.816964 -0.263089 -0.513181
vn 0.970018 -0.241610 -0.026267
vn 0.547434 0.836848 -0.001234
vn 0.450966 0.588520 -0.671024
vn -0.023069 0.861910 -0.506536
vn -0.016250 -0.526385 -0.850091
vn 0.008849 -0.532339 -0.846485
vn 0.450966 0.588520 -0.671024
vn 0.547434 0.836848 -0.001234
vn -0.015386 0.999876 -0.003291
vn -0.023069 0.861910 -0.506536
vn 0.450966 0.588520 -0.671024
vn -0.409185 0.159855 -0.898340
vn -0.343236 0.232552 -0.910005
vn 0.816964 -0.263089 -0.513181
vn -0.690035 0.101898 0.716567
vn -0.342814 0.467957 0.814552
vn -0.664466 0.663301 0.344263
vn -0.946593 0.117697 0.300181
vn 0.206485 0.822732 -0.529600
vn 0.307339 0.926650 -0.216476
vn 0.950278 0.024373 -0.310447
vn 0.642391 -0.042864 -0.765177
vn 0.206485 0.822732 -0.529600
vn 0.642391 -0.042864 -0.765177
vn 0.193666 -0.199557 -0.960557
vn 0.063136 0.824412 -0.562457
vn 0.206485 0.822732 -0.529600
vn 0.063136 0.824412 -0.562457
vn -0.027137 0.991517 -0.127114
vn 0.307339 0.926650 -0.216476
vn 0.539205 -0.715299 -0.444528
vn 0.642391 -0.042864 -0.765177
vn 0.950278 0.024373 -0.310447
vn 0.716067 -0.616140 -0.328054
vn 0.539205 -0.715299 -0.444528
vn 0.716067 -0.616140 -0.328054
vn 0.278439 -0.768914 -0.575537
vn 0.158736 -0.834283 -0.527991
vn 0.539205 -0.715299 -0.444528
vn 0.158736 -0.834283 -0.527991
vn 0.193666 -0.199557 -0.960557
vn 0.642391 -0.042864 -0.765177
vn 0.521564 -0.419728 -0.742832
vn 0.807206 -0.536769 -0.245555
vn 0.879652 -0.461064 -0.116758
vn 0.959807 -0.183257 -0.212574
vn 0.521564 -0.419728 -0.742832
vn -0.199023 -0.418121 -0.886321
vn -0.071722 -0.834329 -0.546581
vn 0.278439 -0.768914 -0.575537
vn 0.521564 -0.419728 -0.742832
vn 0.278439 -0.768914 -0.575537
vn 0.716067 -0.616140 -0.328054
vn 0.807206 -0.536769 -0.245555
vn -0.525142 0.663630 0.532749
vn 0.026368 0.746667 0.664676
vn 0.116504 0.330549 0.936571
vn -0.531914 0.217819 0.818305
vn -0.525142 0.663630 0.532749
vn -0.909191 0.350895 0.224153
vn -0.833961 0.539297 0.116908
vn -0.774673 0.597274 0.207715
vn -0.525142 0.663630 0.532749
vn -0.531914 0.217819 0.818305
vn -0.945825 0.054326 0.320099
vn -0.909191 0.350895 0.224153
vn 0.005594 -0.171731 0.985128
vn 0.018570 -0.229866 0.973045
vn 0.000000 -0.237073 0.971492
vn 0.000000 -0.171929 0.985109
vn -0.382268 -0.255936 0.887901
vn -0.523209 -0.243715 0.816612
vn 0.018570 -0.229866 0.973045
vn 0.005594 -0.171731 0.985128
vn 0.005594 -0.171731 0.985128
vn 0.000000 -0.171929 0.985109
vn -0.051987 -0.063413 0.996632
vn -0.382268 -0.255936 0.887901
vn 0.100188 0.046781 -0.993868
vn -0.007292 0.185809 -0.982559
vn 0.501768 0.261234 -0.824612
vn 0.448532 0.300802 -0.841628
vn 0.100188 0.046781 -0.993868
vn 0.121581 0.007836 -0.992551
vn 0.000000 0.080754 -0.996734
vn 0.000000 0.157596 -0.987504
vn 0.100188 0.046781 -0.993868
vn 0.000000 0.157596 -0.987504
vn 0.000000 0.190982 -0.981593
vn -0.007292 0.185809 -0.982559
vn 0.347827 -0.080200 -0.934122
vn 0.220866 -0.219564 -0.950268
vn 0.307097 -0.175986 -0.935265
vn 0.485051 -0.045639 -0.873294
vn 0.347827 -0.080200 -0.934122
vn 0.485051 -0.045639 -0.873294
vn 0.312510 0.054770 -0.948334
vn 0.282693 -0.047271 -0.958045
vn 0.639255 -0.130327 -0.757871
vn 0.573065 -0.113046 -0.811675
vn 0.351078 -0.215678 -0.911168
vn 0.465351 -0.245414 -0.850424
vn 0.467794 0.037081 -0.883059
vn 0.303569 0.012260 -0.952731
vn 0.573065 -0.113046 -0.811675
vn 0.639255 -0.130327 -0.757871
vn 0.639255 -0.130327 -0.757871
vn 0.465351 -0.245414 -0.850424
vn 0.742748 -0.051775 -0.667566
vn 0.467794 0.037081 -0.883059
vn -0.721662 0.100463 0.684917
vn -0.580308 0.008871 0.814349
vn -0.609972 -0.010159 0.792358
vn -0.768353 0.050120 0.638061
vn -0.721662 0.100463 0.684917
vn -0.768353 0.050120 0.638061
vn -0.540485 0.204960 0.816007
vn -0.398008 0.207218 0.893672
vn 0.711984 -0.116547 -0.692457
vn 0.742748 -0.051775 -0.667566
vn 0.465351 -0.245414 -0.850424
vn 0.500052 -0.174210 -0.848292
vn 0.711984 -0.116547 -0.692457
vn 0.500052 -0.174210 -0.848292
vn 0.644386 -0.047976 -0.763194
vn 0.748729 -0.001979 -0.662873
vn 0.711984 -0.116547 -0.692457
vn 0.748729 -0.001979 -0.662873
vn 0.747169 -0.006334 -0.664604
vn 0.742748 -0.051775 -0.667566
vn -0.447226 -0.179582 0.876207
vn -0.254212 0.085404 0.963370
vn -0.000000 0.056298 0.998414
vn 0.000000 -0.098880 0.995099
vn -0.447226 -0.179582 0.876207
vn 0.000000 -0.098880 0.995099
vn 0.000000 0.397407 0.917642
vn -0.639934 0.225267 0.734669
vn -0.447226 -0.179582 0.876207
vn -0.639934 0.225267 0.734669
vn -0.474228 0.286142 0.832605
vn -0.254212 0.085404 0.963370
vn 0.000000 -0.123914 -0.992293
vn 0.426189 -0.233126 -0.874080
vn 0.000000 -0.211503 -0.977377
vn 0.532967 -0.173054 -0.828250
vn 0.465263 -0.378837 -0.800008
vn 0.552120 -0.372445 -0.745955
vn 0.603321 -0.233680 -0.762494
vn 0.532967 -0.173054 -0.828250
vn 0.530465 -0.353983 -0.770262
vn 0.401368 -0.393769 -0.826952
vn 0.465263 -0.378837 -0.800008
vn 0.532967 -0.173054 -0.828250
vn 0.603321 -0.233680 -0.762494
vn 0.711498 -0.032772 -0.701923
vn 0.517893 0.063129 -0.853113
vn 0.532967 -0.173054 -0.828250
vn 0.000000 -0.113907 -0.993491
vn 0.000000 -0.356910 -0.934139
vn 0.530465 -0.353983 -0.770262
vn -0.514069 0.045992 0.856515
vn -0.603951 0.247354 0.757667
vn 0.000000 0.349981 0.936757
vn 0.000000 0.022014 0.999758
vn -0.514069 0.045992 0.856515
vn -0.492480 0.279664 0.824167
vn -0.517839 0.323395 0.791997
vn -0.603951 0.247354 0.757667
vn -0.514069 0.045992 0.856515
vn -0.625997 0.096704 0.773806
vn -0.569453 0.303236 0.764049
vn -0.492480 0.279664 0.824167
vn 0.774531 -0.258299 -0.577394
vn 0.779310 -0.055717 -0.624157
vn 0.939069 -0.159807 -0.304322
vn 0.840411 -0.429464 -0.330560
vn 0.774531 -0.258299 -0.577394
vn 0.481619 -0.379525 -0.789939
vn 0.485072 -0.002301 -0.874471
vn 0.779310 -0.055717 -0.624157
vn 0.774531 -0.258299 -0.577394
vn 0.840411 -0.429464 -0.330560
vn 0.550083 -0.710398 -0.439025
vn 0.481619 -0.379525 -0.789939
vn -0.694904 0.310049 0.648828
vn -0.405808 0.436936 0.802750
vn -0.459077 0.714584 0.527842
vn -0.769486 0.476999 0.424692
vn -0.694904 0.310049 0.648828
vn -0.723692 0.092333 0.683918
vn -0.449150 0.061250 0.891354
vn -0.405808 0.436936 0.802750
vn -0.694904 0.310049 0.648828
vn -0.769486 0.476999 0.424692
vn -0.887903 0.187601 0.420041
vn -0.723692 0.092333 0.683918
vn -0.887903 0.187601 0.420041
vn -0.948753 0.246650 0.197565
vn -0.972341 0.165438 0.164876
vn -0.893424 0.132386 0.429264
vn -0.887903 0.187601 0.420041
vn -0.893424 0.132386 0.429264
vn -0.686398 0.006336 0.727198
vn -0.723692 0.092333 0.683918
vn -0.887903 0.187601 0.420041
vn -0.769486 0.476999 0.424692
vn -0.807596 0.550827 0.210661
vn -0.948753 0.246650 0.197565
vn -0.807596 0.550827 0.210661
vn -0.813604 0.577013 0.071446
vn -0.963550 0.259410 0.065401
vn -0.948753 0.246650 0.197565
vn -0.807596 0.550827 0.210661
vn -0.769486 0.476999 0.424692
vn -0.459077 0.714584 0.527842
vn -0.513062 0.829172 0.221905
vn -0.807596 0.550827 0.210661
vn -0.513062 0.829172 0.221905
vn -0.525363 0.848231 0.067068
vn -0.813604 0.577013 0.071446
vn -0.525363 0.848231 0.067068
vn -0.530941 0.847276 0.014988
vn -0.819386 0.573025 0.015799
vn -0.813604 0.577013 0.071446
vn -0.525363 0.848231 0.067068
vn -0.513062 0.829172 0.221905
vn -0.000000 0.970221 0.242223
vn -0.000000 0.997940 0.064154
vn -0.525363 0.848231 0.067068
vn -0.000000 0.997940 0.064154
vn -0.000000 0.999912 0.013298
vn -0.530941 0.847276 0.014988
vn -0.000000 0.999912 0.013298
vn 0.000000 0.987067 -0.160306
vn -0.524087 0.838601 -0.148599
vn -0.530941 0.847276 0.014988
vn -0.524087 0.838601 -0.148599
vn -0.305218 0.508644 -0.805061
vn -0.466851 0.334489 -0.818637
vn -0.815204 0.561542 -0.141822
vn -0.524087 0.838601 -0.148599
vn -0.815204 0.561542 -0.141822
vn -0.819386 0.573025 0.015799
vn -0.530941 0.847276 0.014988
vn -0.524087 0.838601 -0.148599
vn 0.000000 0.987067 -0.160306
vn 0.000000 0.623047 -0.782184
vn -0.305218 0.508644 -0.805061
vn 0.000000 0.623047 -0.782184
vn 0.000000 -0.821154 -0.570707
vn 0.468624 -0.686122 -0.556442
vn -0.305218 0.508644 -0.805061
vn 0.468624 -0.686122 -0.556442
vn 0.567368 -0.823238 -0.019319
vn 0.850121 -0.526152 -0.021420
vn 0.696233 -0.426119 -0.577652
vn 0.468624 -0.686122 -0.556442
vn 0.696233 -0.426119 -0.577652
vn -0.466851 0.334489 -0.818637
vn -0.305218 0.508644 -0.805061
vn 0.468624 -0.686122 -0.556442
vn 0.000000 -0.821154 -0.570707
vn 0.000000 -0.999866 -0.016348
vn 0.567368 -0.823238 -0.019319
vn 0.000000 -0.999866 -0.016348
vn 0.000000 -0.999519 -0.031006
vn 0.577988 -0.815381 -0.032922
vn 0.567368 -0.823238 -0.019319
vn 0.577988 -0.815381 -0.032922
vn 0.575370 -0.805189 -0.143594
vn 0.854869 -0.500577 -0.136460
vn 0.852017 -0.522375 -0.034528
vn 0.577988 -0.815381 -0.032922
vn 0.852017 -0.522375 -0.034528
vn 0.850121 -0.526152 -0.021420
vn 0.567368 -0.823238 -0.019319
vn 0.577988 -0.815381 -0.032922
vn 0.000000 -0.999519 -0.031006
vn 0.000000 -0.988000 -0.154456
vn 0.575370 -0.805189 -0.143594
vn 0.000000 -0.988000 -0.154456
vn 0.000000 -0.854824 -0.518917
vn 0.550083 -0.710398 -0.439025
vn 0.575370 -0.805189 -0.143594
vn 0.000000 -0.854824 -0.518917
vn 0.000000 -0.432622 -0.901575
vn 0.481619 -0.379525 -0.789939
vn 0.550083 -0.710398 -0.439025
vn 0.000000 -0.432622 -0.901575
vn 0.000000 -0.011627 -0.999932
vn 0.485072 -0.002301 -0.874471
vn 0.481619 -0.379525 -0.789939
vn 0.000000 -0.011627 -0.999932
vn 0.000000 0.085389 -0.996348
vn 0.517893 0.063129 -0.853113
vn 0.485072 -0.002301 -0.874471
vn 0.000000 0.085389 -0.996348
vn 0.000000 -0.113907 -0.993491
vn 0.532967 -0.173054 -0.828250
vn 0.517893 0.063129 -0.853113
vn 0.852017 -0.522375 -0.034528
vn 0.854869 -0.500577 -0.136460
vn 0.971735 -0.205350 -0.116456
vn 0.976179 -0.215043 -0.028837
vn 0.852017 -0.522375 -0.034528
vn 0.976179 -0.215043 -0.028837
vn 0.975863 -0.217559 -0.018967
vn 0.850121 -0.526152 -0.021420
vn 0.975863 -0.217559 -0.018967
vn 0.976179 -0.215043 -0.028837
vn 0.982246 -0.184724 -0.032697
vn 0.981362 -0.189617 -0.031220
vn 0.975863 -0.217559 -0.018967
vn 0.981362 -0.189617 -0.031220
vn 0.809807 -0.149888 -0.567227
vn 0.794564 -0.178092 -0.580475
vn 0.975863 -0.217559 -0.018967
vn 0.794564 -0.178092 -0.580475
vn 0.696233 -0.426119 -0.577652
vn 0.850121 -0.526152 -0.021420
vn 0.794564 -0.178092 -0.580475
vn 0.809807 -0.149888 -0.567227
vn -0.462404 0.100438 -0.880962
vn -0.529290 0.144061 -0.836121
vn 0.794564 -0.178092 -0.580475
vn -0.529290 0.144061 -0.836121
vn -0.466851 0.334489 -0.818637
vn 0.696233 -0.426119 -0.577652
vn -0.529290 0.144061 -0.836121
vn -0.462404 0.100438 -0.880962
vn -0.978139 0.178890 -0.106035
vn -0.960401 0.249889 -0.123231
vn -0.529290 0.144061 -0.836121
vn -0.960401 0.249889 -0.123231
vn -0.815204 0.561542 -0.141822
vn -0.466851 0.334489 -0.818637
vn -0.960401 0.249889 -0.123231
vn -0.978139 0.178890 -0.106035
vn -0.985307 0.168719 0.026529
vn -0.966678 0.255145 0.020831
vn -0.960401 0.249889 -0.123231
vn -0.966678 0.255145 0.020831
vn -0.819386 0.573025 0.015799
vn -0.815204 0.561542 -0.141822
vn -0.966678 0.255145 0.020831
vn -0.985307 0.168719 0.026529
vn -0.984785 0.163555 0.058717
vn -0.963550 0.259410 0.065401
vn -0.966678 0.255145 0.020831
vn -0.963550 0.259410 0.065401
vn -0.813604 0.577013 0.071446
vn -0.819386 0.573025 0.015799
vn -0.984785 0.163555 0.058717
vn -0.985307 0.168719 0.026529
vn -0.936458 0.348627 0.038801
vn -0.940968 0.332189 0.065036
vn -0.984785 0.163555 0.058717
vn -0.940968 0.332189 0.065036
vn -0.936651 0.307305 0.168074
vn -0.972341 0.165438 0.164876
vn -0.984785 0.163555 0.058717
vn -0.972341 0.165438 0.164876
vn -0.948753 0.246650 0.197565
vn -0.963550 0.259410 0.065401
vn -0.936651 0.307305 0.168074
vn -0.940968 0.332189 0.065036
vn -0.810828 0.579540 0.081797
vn -0.813448 0.533412 0.231891
vn -0.936651 0.307305 0.168074
vn -0.813448 0.533412 0.231891
vn -0.738874 0.427898 0.520546
vn -0.858709 0.229378 0.458262
vn -0.936651 0.307305 0.168074
vn -0.858709 0.229378 0.458262
vn -0.893424 0.132386 0.429264
vn -0.972341 0.165438 0.164876
vn -0.858709 0.229378 0.458262
vn -0.738874 0.427898 0.520546
vn -0.569453 0.303236 0.764049
vn -0.625997 0.096704 0.773806
vn -0.858709 0.229378 0.458262
vn -0.625997 0.096704 0.773806
vn -0.686398 0.006336 0.727198
vn -0.893424 0.132386 0.429264
vn -0.738874 0.427898 0.520546
vn -0.813448 0.533412 0.231891
vn -0.757972 0.578183 0.301965
vn -0.677410 0.459133 0.574728
vn -0.738874 0.427898 0.520546
vn -0.677410 0.459133 0.574728
vn -0.574608 0.386781 0.721267
vn -0.569453 0.303236 0.764049
vn -0.574608 0.386781 0.721267
vn -0.677410 0.459133 0.574728
vn -0.751811 0.223581 0.620316
vn -0.687700 0.173725 0.704903
vn -0.574608 0.386781 0.721267
vn -0.687700 0.173725 0.704903
vn -0.651884 0.226816 0.723603
vn -0.504501 0.406847 0.761547
vn -0.574608 0.386781 0.721267
vn -0.504501 0.406847 0.761547
vn -0.492480 0.279664 0.824167
vn -0.569453 0.303236 0.764049
vn -0.504501 0.406847 0.761547
vn -0.651884 0.226816 0.723603
vn -0.534391 0.275523 0.799070
vn -0.430882 0.429292 0.793757
vn -0.504501 0.406847 0.761547
vn -0.430882 0.429292 0.793757
vn -0.517839 0.323395 0.791997
vn -0.492480 0.279664 0.824167
vn -0.430882 0.429292 0.793757
vn -0.534391 0.275523 0.799070
vn -0.343928 0.283294 0.895242
vn -0.310129 0.392635 0.865828
vn -0.430882 0.429292 0.793757
vn -0.310129 0.392635 0.865828
vn -0.474228 0.286142 0.832605
vn -0.517839 0.323395 0.791997
vn -0.310129 0.392635 0.865828
vn -0.343928 0.283294 0.895242
vn -0.131439 0.262150 0.956034
vn -0.124157 0.332609 0.934856
vn -0.310129 0.392635 0.865828
vn -0.124157 0.332609 0.934856
vn -0.254212 0.085404 0.963370
vn -0.474228 0.286142 0.832605
vn -0.124157 0.332609 0.934856
vn -0.131439 0.262150 0.956034
vn -0.000000 0.247183 0.968969
vn 0.000000 0.308390 0.951260
vn -0.124157 0.332609 0.934856
vn 0.000000 0.308390 0.951260
vn -0.000000 0.056298 0.998414
vn -0.254212 0.085404 0.963370
vn -0.000000 0.247183 0.968969
vn -0.131439 0.262150 0.956034
vn -0.140330 0.182238 0.973189
vn -0.000000 0.183618 0.982998
vn -0.000000 0.183618 0.982998
vn -0.140330 0.182238 0.973189
vn -0.144058 0.043923 0.988594
vn 0.000000 0.022924 0.999737
vn 0.000000 0.022924 0.999737
vn -0.144058 0.043923 0.988594
vn -0.064685 -0.199521 0.977756
vn 0.000000 -0.222693 0.974889
vn 0.000000 -0.222693 0.974889
vn -0.064685 -0.199521 0.977756
vn -0.009302 -0.179172 0.983774
vn 0.000000 -0.178256 0.983984
vn 0.000000 -0.035789 0.999359
vn -0.029696 -0.073538 0.996850
vn -0.132981 -0.044275 0.990129
vn 0.000000 -0.010675 0.999943
vn 0.000000 -0.010675 0.999943
vn -0.132981 -0.044275 0.990129
vn -0.090206 -0.024215 0.995629
vn 0.000000 -0.100844 0.994902
vn 0.000000 -0.100844 0.994902
vn -0.090206 -0.024215 0.995629
vn -0.051987 -0.063413 0.996632
vn 0.000000 -0.171929 0.985109
vn -0.090206 -0.024215 0.995629
vn -0.132981 -0.044275 0.990129
vn -0.309179 -0.068913 0.948504
vn -0.220646 0.050842 0.974028
vn -0.090206 -0.024215 0.995629
vn -0.220646 0.050842 0.974028
vn -0.187388 0.075334 0.979393
vn -0.051987 -0.063413 0.996632
vn -0.187388 0.075334 0.979393
vn -0.520912 -0.251303 0.815780
vn -0.382268 -0.255936 0.887901
vn -0.051987 -0.063413 0.996632
vn -0.187388 0.075334 0.979393
vn -0.220646 0.050842 0.974028
vn -0.260384 0.126963 0.957121
vn -0.282248 0.187517 0.940837
vn -0.187388 0.075334 0.979393
vn -0.282248 0.187517 0.940837
vn -0.731109 -0.016885 0.682052
vn -0.520912 -0.251303 0.815780
vn -0.731109 -0.016885 0.682052
vn -0.950329 -0.190965 0.245778
vn -0.812269 -0.478926 0.332940
vn -0.520912 -0.251303 0.815780
vn -0.731109 -0.016885 0.682052
vn -0.282248 0.187517 0.940837
vn -0.351654 0.228594 0.907791
vn -0.799526 0.106432 0.591127
vn -0.731109 -0.016885 0.682052
vn -0.799526 0.106432 0.591127
vn -0.984735 -0.033890 0.170731
vn -0.950329 -0.190965 0.245778
vn -0.984735 -0.033890 0.170731
vn -0.997048 -0.058897 0.049262
vn -0.974940 -0.210415 0.072226
vn -0.950329 -0.190965 0.245778
vn -0.984735 -0.033890 0.170731
vn -0.799526 0.106432 0.591127
vn -0.814767 0.196924 0.545321
vn -0.987084 0.074254 0.141959
vn -0.984735 -0.033890 0.170731
vn -0.987084 0.074254 0.141959
vn -0.998299 0.048787 0.031928
vn -0.997048 -0.058897 0.049262
vn -0.998299 0.048787 0.031928
vn -0.988996 0.041771 -0.141921
vn -0.993940 -0.054915 -0.095221
vn -0.997048 -0.058897 0.049262
vn -0.998299 0.048787 0.031928
vn -0.987084 0.074254 0.141959
vn -0.967232 0.222910 0.121542
vn -0.979450 0.199903 0.026783
vn -0.998299 0.048787 0.031928
vn -0.979450 0.199903 0.026783
vn -0.965589 0.185202 -0.182587
vn -0.988996 0.041771 -0.141921
vn -0.965589 0.185202 -0.182587
vn -0.307117 0.029999 -0.951199
vn -0.345421 -0.004444 -0.938437
vn -0.988996 0.041771 -0.141921
vn -0.965589 0.185202 -0.182587
vn -0.979450 0.199903 0.026783
vn -0.961571 0.272253 0.035483
vn -0.942876 0.261565 -0.206324
vn -0.965589 0.185202 -0.182587
vn -0.942876 0.261565 -0.206324
vn -0.203059 0.053581 -0.977699
vn -0.307117 0.029999 -0.951199
vn -0.203059 0.053581 -0.977699
vn 0.856523 -0.243116 -0.455262
vn 0.897048 -0.175045 -0.405788
vn -0.307117 0.029999 -0.951199
vn -0.203059 0.053581 -0.977699
vn -0.942876 0.261565 -0.206324
vn -0.943537 0.263868 -0.200278
vn -0.243243 0.068200 -0.967565
vn -0.203059 0.053581 -0.977699
vn -0.243243 0.068200 -0.967565
vn 0.841209 -0.218583 -0.494560
vn 0.856523 -0.243116 -0.455262
vn 0.841209 -0.218583 -0.494560
vn 0.967898 -0.244247 -0.059302
vn 0.958625 -0.277032 -0.065506
vn 0.856523 -0.243116 -0.455262
vn 0.841209 -0.218583 -0.494560
vn -0.243243 0.068200 -0.967565
vn -0.285895 0.126304 -0.949901
vn 0.787419 -0.335843 -0.516895
vn 0.841209 -0.218583 -0.494560
vn 0.787419 -0.335843 -0.516895
vn 0.921239 -0.385885 -0.049107
vn 0.967898 -0.244247 -0.059302
vn 0.921239 -0.385885 -0.049107
vn 0.924736 -0.368471 -0.095351
vn 0.964647 -0.229247 -0.130009
vn 0.967898 -0.244247 -0.059302
vn 0.921239 -0.385885 -0.049107
vn 0.787419 -0.335843 -0.516895
vn 0.651905 -0.503861 -0.566695
vn 0.794521 -0.605073 -0.051219
vn 0.921239 -0.385885 -0.049107
vn 0.794521 -0.605073 -0.051219
vn 0.799955 -0.595684 -0.072335
vn 0.924736 -0.368471 -0.095351
vn 0.799955 -0.595684 -0.072335
vn 0.796790 -0.519605 -0.308441
vn 0.872286 -0.270065 -0.407654
vn 0.924736 -0.368471 -0.095351
vn 0.799955 -0.595684 -0.072335
vn 0.794521 -0.605073 -0.051219
vn 0.801592 -0.595722 -0.050644
vn 0.800730 -0.596540 -0.054508
vn 0.799955 -0.595684 -0.072335
vn 0.800730 -0.596540 -0.054508
vn 0.800366 -0.567618 -0.192936
vn 0.796790 -0.519605 -0.308441
vn 0.800366 -0.567618 -0.192936
vn 0.728704 -0.477222 -0.491172
vn 0.721006 -0.335321 -0.606391
vn 0.796790 -0.519605 -0.308441
vn 0.800366 -0.567618 -0.192936
vn 0.800730 -0.596540 -0.054508
vn 0.915826 -0.399313 -0.042559
vn 0.910902 -0.394856 -0.119778
vn 0.800366 -0.567618 -0.192936
vn 0.910902 -0.394856 -0.119778
vn 0.862475 -0.351461 -0.364159
vn 0.728704 -0.477222 -0.491172
vn 0.862475 -0.351461 -0.364159
vn 0.603321 -0.233680 -0.762494
vn 0.552120 -0.372445 -0.745955
vn 0.728704 -0.477222 -0.491172
vn 0.862475 -0.351461 -0.364159
vn 0.910902 -0.394856 -0.119778
vn 0.977910 -0.183882 -0.099394
vn 0.935548 -0.169922 -0.309639
vn 0.862475 -0.351461 -0.364159
vn 0.935548 -0.169922 -0.309639
vn 0.711498 -0.032772 -0.701923
vn 0.603321 -0.233680 -0.762494
vn 0.935548 -0.169922 -0.309639
vn 0.977910 -0.183882 -0.099394
vn 0.971735 -0.205350 -0.116456
vn 0.939069 -0.159807 -0.304322
vn 0.935548 -0.169922 -0.309639
vn 0.939069 -0.159807 -0.304322
vn 0.779310 -0.055717 -0.624157
vn 0.711498 -0.032772 -0.701923
vn 0.977910 -0.183882 -0.099394
vn 0.910902 -0.394856 -0.119778
vn 0.915826 -0.399313 -0.042559
vn 0.982246 -0.184724 -0.032697
vn 0.977910 -0.183882 -0.099394
vn 0.982246 -0.184724 -0.032697
vn 0.976179 -0.215043 -0.028837
vn 0.971735 -0.205350 -0.116456
vn 0.915826 -0.399313 -0.042559
vn 0.800730 -0.596540 -0.054508
vn 0.801592 -0.595722 -0.050644
vn 0.918092 -0.393753 -0.045443
vn 0.915826 -0.399313 -0.042559
vn 0.918092 -0.393753 -0.045443
vn 0.981362 -0.189617 -0.031220
vn 0.982246 -0.184724 -0.032697
vn 0.918092 -0.393753 -0.045443
vn 0.801592 -0.595722 -0.050644
vn 0.657328 -0.487814 -0.574420
vn 0.753317 -0.312933 -0.578435
vn 0.918092 -0.393753 -0.045443
vn 0.753317 -0.312933 -0.578435
vn 0.809807 -0.149888 -0.567227
vn 0.981362 -0.189617 -0.031220
vn 0.753317 -0.312933 -0.578435
vn 0.657328 -0.487814 -0.574420
vn -0.325260 0.236518 -0.915568
vn -0.405822 0.166801 -0.898602
vn 0.753317 -0.312933 -0.578435
vn -0.405822 0.166801 -0.898602
vn -0.462404 0.100438 -0.880962
vn 0.809807 -0.149888 -0.567227
vn -0.405822 0.166801 -0.898602
vn -0.325260 0.236518 -0.915568
vn -0.801918 0.586524 -0.113654
vn -0.927885 0.360785 -0.094150
vn -0.405822 0.166801 -0.898602
vn -0.927885 0.360785 -0.094150
vn -0.978139 0.178890 -0.106035
vn -0.462404 0.100438 -0.880962
vn -0.927885 0.360785 -0.094150
vn -0.801918 0.586524 -0.113654
vn -0.804924 0.591664 0.045065
vn -0.936458 0.348627 0.038801
vn -0.927885 0.360785 -0.094150
vn -0.936458 0.348627 0.038801
vn -0.985307 0.168719 0.026529
vn -0.978139 0.178890 -0.106035
vn -0.804924 0.591664 0.045065
vn -0.801918 0.586524 -0.113654
vn -0.778600 0.606276 -0.161899
vn -0.781253 0.622976 0.039292
vn -0.804924 0.591664 0.045065
vn -0.781253 0.622976 0.039292
vn -0.773477 0.626778 0.094246
vn -0.810828 0.579540 0.081797
vn -0.804924 0.591664 0.045065
vn -0.810828 0.579540 0.081797
vn -0.940968 0.332189 0.065036
vn -0.936458 0.348627 0.038801
vn -0.773477 0.626778 0.094246
vn -0.781253 0.622976 0.039292
vn -0.906830 0.417779 0.055857
vn -0.901076 0.417453 0.117454
vn -0.773477 0.626778 0.094246
vn -0.901076 0.417453 0.117454
vn -0.863107 0.355145 0.359051
vn -0.757972 0.578183 0.301965
vn -0.773477 0.626778 0.094246
vn -0.757972 0.578183 0.301965
vn -0.813448 0.533412 0.231891
vn -0.810828 0.579540 0.081797
vn -0.863107 0.355145 0.359051
vn -0.901076 0.417453 0.117454
vn -0.949823 0.286938 0.124509
vn -0.884657 0.244282 0.397126
vn -0.863107 0.355145 0.359051
vn -0.884657 0.244282 0.397126
vn -0.727471 0.119951 0.675572
vn -0.751811 0.223581 0.620316
vn -0.863107 0.355145 0.359051
vn -0.751811 0.223581 0.620316
vn -0.677410 0.459133 0.574728
vn -0.757972 0.578183 0.301965
vn -0.727471 0.119951 0.675572
vn -0.884657 0.244282 0.397126
vn -0.855925 0.252627 0.451189
vn -0.614719 0.144915 0.775320
vn -0.727471 0.119951 0.675572
vn -0.614719 0.144915 0.775320
vn -0.654014 0.039993 0.755425
vn -0.718150 0.042008 0.694619
vn -0.727471 0.119951 0.675572
vn -0.718150 0.042008 0.694619
vn -0.687700 0.173725 0.704903
vn -0.751811 0.223581 0.620316
vn -0.718150 0.042008 0.694619
vn -0.654014 0.039993 0.755425
vn -0.777202 0.038243 0.628088
vn -0.743110 0.083843 0.663896
vn -0.718150 0.042008 0.694619
vn -0.743110 0.083843 0.663896
vn -0.651884 0.226816 0.723603
vn -0.687700 0.173725 0.704903
vn -0.743110 0.083843 0.663896
vn -0.777202 0.038243 0.628088
vn -0.642384 0.072204 0.762974
vn -0.614325 0.143591 0.775878
vn -0.743110 0.083843 0.663896
vn -0.614325 0.143591 0.775878
vn -0.534391 0.275523 0.799070
vn -0.651884 0.226816 0.723603
vn -0.614325 0.143591 0.775878
vn -0.642384 0.072204 0.762974
vn -0.392051 0.073206 0.917026
vn -0.383551 0.173500 0.907076
vn -0.614325 0.143591 0.775878
vn -0.383551 0.173500 0.907076
vn -0.343928 0.283294 0.895242
vn -0.534391 0.275523 0.799070
vn -0.383551 0.173500 0.907076
vn -0.392051 0.073206 0.917026
vn -0.144058 0.043923 0.988594
vn -0.140330 0.182238 0.973189
vn -0.383551 0.173500 0.907076
vn -0.140330 0.182238 0.973189
vn -0.131439 0.262150 0.956034
vn -0.343928 0.283294 0.895242
vn -0.392051 0.073206 0.917026
vn -0.642384 0.072204 0.762974
vn -0.626377 -0.013243 0.779408
vn -0.371933 -0.079715 0.924830
vn -0.392051 0.073206 0.917026
vn -0.371933 -0.079715 0.924830
vn -0.064685 -0.199521 0.977756
vn -0.144058 0.043923 0.988594
vn -0.371933 -0.079715 0.924830
vn -0.626377 -0.013243 0.779408
vn -0.609972 -0.010159 0.792358
vn -0.324046 -0.115275 0.938992
vn -0.371933 -0.079715 0.924830
vn -0.324046 -0.115275 0.938992
vn -0.009302 -0.179172 0.983774
vn -0.064685 -0.199521 0.977756
vn -0.029696 -0.073538 0.996850
vn -0.301228 -0.065314 0.951313
vn -0.309179 -0.068913 0.948504
vn -0.132981 -0.044275 0.990129
vn -0.309179 -0.068913 0.948504
vn -0.301228 -0.065314 0.951313
vn -0.295619 -0.072936 0.952518
vn -0.580308 0.008871 0.814349
vn -0.499203 -0.015533 0.866346
vn -0.626377 -0.013243 0.779408
vn -0.783835 0.015414 0.620778
vn -0.768353 0.050120 0.638061
vn -0.609972 -0.010159 0.792358
vn -0.626377 -0.013243 0.779408
vn -0.642384 0.072204 0.762974
vn -0.777202 0.038243 0.628088
vn -0.783835 0.015414 0.620778
vn -0.783835 0.015414 0.620778
vn -0.581166 0.101407 0.807442
vn -0.540485 0.204960 0.816007
vn -0.768353 0.050120 0.638061
vn -0.783835 0.015414 0.620778
vn -0.777202 0.038243 0.628088
vn -0.654014 0.039993 0.755425
vn -0.581166 0.101407 0.807442
vn -0.581166 0.101407 0.807442
vn -0.480071 0.250338 0.840751
vn -0.395170 0.276108 0.876131
vn -0.540485 0.204960 0.816007
vn -0.581166 0.101407 0.807442
vn -0.654014 0.039993 0.755425
vn -0.614719 0.144915 0.775320
vn -0.480071 0.250338 0.840751
vn -0.395170 0.276108 0.876131
vn -0.814767 0.196924 0.545321
vn -0.799526 0.106432 0.591127
vn -0.351654 0.228594 0.907791
vn -0.395170 0.276108 0.876131
vn -0.351654 0.228594 0.907791
vn -0.398008 0.207218 0.893672
vn -0.540485 0.204960 0.816007
vn -0.395170 0.276108 0.876131
vn -0.480071 0.250338 0.840751
vn -0.829404 0.284756 0.480628
vn -0.814767 0.196924 0.545321
vn -0.829404 0.284756 0.480628
vn -0.967232 0.222910 0.121542
vn -0.987084 0.074254 0.141959
vn -0.814767 0.196924 0.545321
vn -0.829404 0.284756 0.480628
vn -0.480071 0.250338 0.840751
vn -0.614719 0.144915 0.775320
vn -0.855925 0.252627 0.451189
vn -0.829404 0.284756 0.480628
vn -0.855925 0.252627 0.451189
vn -0.953653 0.275222 0.121649
vn -0.967232 0.222910 0.121542
vn -0.953653 0.275222 0.121649
vn -0.961571 0.272253 0.035483
vn -0.979450 0.199903 0.026783
vn -0.967232 0.222910 0.121542
vn -0.953653 0.275222 0.121649
vn -0.855925 0.252627 0.451189
vn -0.884657 0.244282 0.397126
vn -0.949823 0.286938 0.124509
vn -0.953653 0.275222 0.121649
vn -0.949823 0.286938 0.124509
vn -0.959094 0.277095 0.057940
vn -0.961571 0.272253 0.035483
vn -0.959094 0.277095 0.057940
vn -0.943537 0.263868 -0.200278
vn -0.942876 0.261565 -0.206324
vn -0.961571 0.272253 0.035483
vn -0.959094 0.277095 0.057940
vn -0.949823 0.286938 0.124509
vn -0.901076 0.417453 0.117454
vn -0.906830 0.417779 0.055857
vn -0.959094 0.277095 0.057940
vn -0.906830 0.417779 0.055857
vn -0.892051 0.407513 -0.195392
vn -0.943537 0.263868 -0.200278
vn -0.892051 0.407513 -0.195392
vn -0.285895 0.126304 -0.949901
vn -0.243243 0.068200 -0.967565
vn -0.943537 0.263868 -0.200278
vn -0.892051 0.407513 -0.195392
vn -0.906830 0.417779 0.055857
vn -0.781253 0.622976 0.039292
vn -0.778600 0.606276 -0.161899
vn -0.892051 0.407513 -0.195392
vn -0.778600 0.606276 -0.161899
vn -0.317327 0.234069 -0.918975
vn -0.285895 0.126304 -0.949901
vn -0.317327 0.234069 -0.918975
vn 0.651905 -0.503861 -0.566695
vn 0.787419 -0.335843 -0.516895
vn -0.285895 0.126304 -0.949901
vn -0.317327 0.234069 -0.918975
vn -0.778600 0.606276 -0.161899
vn -0.801918 0.586524 -0.113654
vn -0.325260 0.236518 -0.915568
vn -0.317327 0.234069 -0.918975
vn -0.325260 0.236518 -0.915568
vn 0.657328 -0.487814 -0.574420
vn 0.651905 -0.503861 -0.566695
vn 0.657328 -0.487814 -0.574420
vn 0.801592 -0.595722 -0.050644
vn 0.794521 -0.605073 -0.051219
vn 0.651905 -0.503861 -0.566695
vn 0.721006 -0.335321 -0.606391
vn 0.672233 -0.227789 -0.704426
vn 0.740824 -0.050034 -0.669833
vn 0.728343 -0.107040 -0.676800
vn 0.721006 -0.335321 -0.606391
vn 0.728343 -0.107040 -0.676800
vn 0.872286 -0.270065 -0.407654
vn 0.796790 -0.519605 -0.308441
vn 0.721006 -0.335321 -0.606391
vn 0.728704 -0.477222 -0.491172
vn 0.552120 -0.372445 -0.745955
vn 0.672233 -0.227789 -0.704426
vn 0.728343 -0.107040 -0.676800
vn 0.740824 -0.050034 -0.669833
vn 0.748729 -0.001979 -0.662873
vn 0.644386 -0.047976 -0.763194
vn 0.728343 -0.107040 -0.676800
vn 0.644386 -0.047976 -0.763194
vn 0.854851 -0.166992 -0.491267
vn 0.872286 -0.270065 -0.407654
vn 0.854851 -0.166992 -0.491267
vn 0.644386 -0.047976 -0.763194
vn 0.500052 -0.174210 -0.848292
vn 0.721988 -0.284542 -0.630689
vn 0.854851 -0.166992 -0.491267
vn 0.721988 -0.284542 -0.630689
vn 0.943793 -0.288612 -0.161115
vn 0.964647 -0.229247 -0.130009
vn 0.854851 -0.166992 -0.491267
vn 0.964647 -0.229247 -0.130009
vn 0.924736 -0.368471 -0.095351
vn 0.872286 -0.270065 -0.407654
vn 0.943793 -0.288612 -0.161115
vn 0.721988 -0.284542 -0.630689
vn 0.667314 -0.291621 -0.685309
vn 0.966115 -0.198077 -0.165490
vn 0.943793 -0.288612 -0.161115
vn 0.966115 -0.198077 -0.165490
vn 0.981777 -0.186231 -0.037834
vn 0.958625 -0.277032 -0.065506
vn 0.943793 -0.288612 -0.161115
vn 0.958625 -0.277032 -0.065506
vn 0.967898 -0.244247 -0.059302
vn 0.964647 -0.229247 -0.130009
vn 0.981777 -0.186231 -0.037834
vn 0.966115 -0.198077 -0.165490
vn 0.985280 -0.050558 -0.163299
vn 0.999440 -0.023522 -0.023819
vn 0.981777 -0.186231 -0.037834
vn 0.999440 -0.023522 -0.023819
vn 0.936168 -0.037672 -0.349529
vn 0.897048 -0.175045 -0.405788
vn 0.981777 -0.186231 -0.037834
vn 0.897048 -0.175045 -0.405788
vn 0.856523 -0.243116 -0.455262
vn 0.958625 -0.277032 -0.065506
vn 0.936168 -0.037672 -0.349529
vn 0.999440 -0.023522 -0.023819
vn 0.998258 0.048919 -0.032972
vn 0.945594 0.038947 -0.323009
vn 0.936168 -0.037672 -0.349529
vn 0.945594 0.038947 -0.323009
vn -0.445033 -0.043418 -0.894461
vn -0.345421 -0.004444 -0.938437
vn 0.936168 -0.037672 -0.349529
vn -0.345421 -0.004444 -0.938437
vn -0.307117 0.029999 -0.951199
vn 0.897048 -0.175045 -0.405788
vn -0.445033 -0.043418 -0.894461
vn 0.945594 0.038947 -0.323009
vn 0.934285 0.189886 -0.301753
vn -0.558477 -0.123198 -0.820321
vn -0.445033 -0.043418 -0.894461
vn -0.558477 -0.123198 -0.820321
vn -0.976497 -0.206164 -0.062845
vn -0.993940 -0.054915 -0.095221
vn -0.445033 -0.043418 -0.894461
vn -0.993940 -0.054915 -0.095221
vn -0.988996 0.041771 -0.141921
vn -0.345421 -0.004444 -0.938437
vn -0.976497 -0.206164 -0.062845
vn -0.558477 -0.123198 -0.820321
vn -0.547300 -0.290858 -0.784771
vn -0.880977 -0.470596 -0.049180
vn -0.976497 -0.206164 -0.062845
vn -0.880977 -0.470596 -0.049180
vn -0.870125 -0.485989 0.081833
vn -0.974940 -0.210415 0.072226
vn -0.976497 -0.206164 -0.062845
vn -0.974940 -0.210415 0.072226
vn -0.997048 -0.058897 0.049262
vn -0.993940 -0.054915 -0.095221
vn -0.870125 -0.485989 0.081833
vn -0.880977 -0.470596 -0.049180
vn -0.778433 -0.627066 -0.028823
vn -0.770092 -0.632694 0.081584
vn -0.870125 -0.485989 0.081833
vn -0.770092 -0.632694 0.081584
vn -0.716259 -0.584323 0.381497
vn -0.812269 -0.478926 0.332940
vn -0.870125 -0.485989 0.081833
vn -0.812269 -0.478926 0.332940
vn -0.950329 -0.190965 0.245778
vn -0.974940 -0.210415 0.072226
vn -0.716259 -0.584323 0.381497
vn -0.770092 -0.632694 0.081584
vn -0.916565 -0.385538 0.106159
vn -0.858281 -0.301797 0.415057
vn -0.716259 -0.584323 0.381497
vn -0.858281 -0.301797 0.415057
vn -0.523209 -0.243715 0.816612
vn -0.382268 -0.255936 0.887901
vn -0.716259 -0.584323 0.381497
vn -0.382268 -0.255936 0.887901
vn -0.520912 -0.251303 0.815780
vn -0.812269 -0.478926 0.332940
vn -0.858281 -0.301797 0.415057
vn -0.916565 -0.385538 0.106159
vn -0.987481 -0.105518 0.117248
vn -0.900869 -0.156736 0.404807
vn -0.858281 -0.301797 0.415057
vn -0.900869 -0.156736 0.404807
vn -0.499327 -0.255341 0.827933
vn -0.523209 -0.243715 0.816612
vn -0.499327 -0.255341 0.827933
vn -0.900869 -0.156736 0.404807
vn -0.854403 -0.351539 0.382643
vn -0.463849 -0.370824 0.804571
vn -0.499327 -0.255341 0.827933
vn -0.463849 -0.370824 0.804571
vn 0.012639 -0.252174 0.967599
vn 0.030709 -0.240401 0.970188
vn -0.499327 -0.255341 0.827933
vn 0.030709 -0.240401 0.970188
vn 0.018570 -0.229866 0.973045
vn -0.523209 -0.243715 0.816612
vn 0.030709 -0.240401 0.970188
vn 0.012639 -0.252174 0.967599
vn 0.000000 -0.195418 0.980720
vn 0.000000 -0.197509 0.980301
vn 0.030709 -0.240401 0.970188
vn 0.000000 -0.197509 0.980301
vn 0.000000 -0.237073 0.971492
vn 0.018570 -0.229866 0.973045
vn 0.000000 -0.195418 0.980720
vn 0.012639 -0.252174 0.967599
vn 0.028151 -0.288836 0.956965
vn 0.000000 -0.306054 0.952014
vn 0.000000 -0.306054 0.952014
vn 0.028151 -0.288836 0.956965
vn 0.082339 -0.417897 0.904755
vn 0.000000 -0.474314 0.880355
vn 0.000000 -0.474314 0.880355
vn 0.082339 -0.417897 0.904755
vn 0.155796 -0.398185 0.903978
vn 0.000000 -0.415667 0.909517
vn 0.000000 -0.415667 0.909517
vn 0.155796 -0.398185 0.903978
vn 0.162982 -0.148227 0.975431
vn 0.000000 -0.149019 0.988834
vn 0.000000 -0.149019 0.988834
vn 0.162982 -0.148227 0.975431
vn 0.141121 -0.067831 0.987666
vn 0.000000 -0.065077 0.997880
vn 0.000000 -0.065077 0.997880
vn 0.141121 -0.067831 0.987666
vn 0.146172 -0.114354 0.982628
vn 0.000000 -0.123471 0.992348
vn 0.000000 -0.123471 0.992348
vn 0.146172 -0.114354 0.982628
vn 0.154499 -0.064308 0.985898
vn 0.000000 -0.064388 0.997925
vn 0.000000 -0.064388 0.997925
vn 0.154499 -0.064308 0.985898
vn 0.161927 0.010038 0.986752
vn -0.000000 0.002371 0.999997
vn -0.000000 0.002371 0.999997
vn 0.161927 0.010038 0.986752
vn 0.116504 0.330549 0.936571
vn -0.000000 0.332682 0.943039
vn -0.000000 0.332682 0.943039
vn 0.116504 0.330549 0.936571
vn 0.026368 0.746667 0.664676
vn -0.000000 0.783458 0.621444
vn -0.000000 0.783458 0.621444
vn 0.026368 0.746667 0.664676
vn -0.043761 0.864244 0.501165
vn -0.000000 0.872902 0.487895
vn -0.000000 0.872902 0.487895
vn -0.043761 0.864244 0.501165
vn -0.051878 0.458489 0.887184
vn -0.000000 0.413893 0.910326
vn -0.000000 0.413893 0.910326
vn -0.051878 0.458489 0.887184
vn -0.061756 -0.503743 0.861643
vn 0.000000 -0.468177 0.883635
vn 0.000000 -0.468177 0.883635
vn -0.061756 -0.503743 0.861643
vn -0.108543 -0.922117 0.371375
vn 0.000001 -0.921290 0.388876
vn 0.000001 -0.921290 0.388876
vn -0.108543 -0.922117 0.371375
vn -0.096991 -0.990601 0.096446
vn 0.000001 -0.997239 0.074262
vn 0.000001 -0.997239 0.074262
vn -0.096991 -0.990601 0.096446
vn -0.048063 -0.998372 0.030706
vn 0.000000 -0.999941 0.010824
vn 0.000000 -0.999941 0.010824
vn -0.048063 -0.998372 0.030706
vn -0.020454 -0.999785 0.003440
vn 0.000000 -0.999999 -0.001494
vn 0.000000 -0.999999 -0.001494
vn -0.020454 -0.999785 0.003440
vn -0.014590 -0.997071 -0.075077
vn 0.000000 -0.997173 -0.075133
vn 0.000000 -0.997173 -0.075133
vn -0.014590 -0.997071 -0.075077
vn -0.020738 -0.571566 -0.820294
vn 0.000000 -0.596556 -0.802571
vn 0.000000 -0.596556 -0.802571
vn -0.020738 -0.571566 -0.820294
vn -0.003777 0.855098 -0.518453
vn 0.000000 0.849024 -0.528355
vn 0.000000 0.849024 -0.528355
vn -0.003777 0.855098 -0.518453
vn 0.010535 0.999935 -0.004464
vn 0.000000 0.999999 0.001037
vn 0.000000 0.999999 0.001037
vn 0.010535 0.999935 -0.004464
vn 0.026817 0.999514 -0.015900
vn 0.000000 0.999983 -0.005761
vn 0.000000 0.999983 -0.005761
vn 0.026817 0.999514 -0.015900
vn 0.065867 0.997005 -0.040520
vn 0.000000 0.999842 -0.017798
vn 0.000000 0.999842 -0.017798
vn 0.065867 0.997005 -0.040520
vn 0.114471 0.985583 -0.124589
vn 0.000000 0.991948 -0.126650
vn 0.000000 0.991948 -0.126650
vn 0.114471 0.985583 -0.124589
vn 0.165928 0.820618 -0.546859
vn 0.000000 0.816229 -0.577728
vn 0.000000 0.816229 -0.577728
vn 0.165928 0.820618 -0.546859
vn 0.156906 -0.212592 -0.964461
vn 0.000000 -0.141812 -0.989894
vn 0.000000 -0.141812 -0.989894
vn 0.156906 -0.212592 -0.964461
vn 0.032795 -0.877604 -0.478264
vn -0.000001 -0.885505 -0.464630
vn -0.000001 -0.885505 -0.464630
vn 0.032795 -0.877604 -0.478264
vn -0.071722 -0.834329 -0.546581
vn 0.000000 -0.792805 -0.609476
vn 0.000000 -0.792805 -0.609476
vn -0.071722 -0.834329 -0.546581
vn -0.199023 -0.418121 -0.886321
vn 0.000000 -0.368359 -0.929684
vn 0.000000 -0.368359 -0.929684
vn -0.199023 -0.418121 -0.886321
vn -0.221317 -0.067486 -0.972864
vn 0.000000 -0.071264 -0.997458
vn 0.000000 -0.071264 -0.997458
vn -0.221317 -0.067486 -0.972864
vn -0.211676 0.049910 -0.976065
vn 0.000000 0.056267 -0.998416
vn 0.000000 0.056267 -0.998416
vn -0.211676 0.049910 -0.976065
vn -0.187550 0.110502 -0.976020
vn 0.000000 0.120997 -0.992653
vn 0.000000 0.120997 -0.992653
vn -0.187550 0.110502 -0.976020
vn -0.173158 0.071405 -0.982302
vn 0.000000 0.070294 -0.997526
vn 0.000000 0.070294 -0.997526
vn -0.173158 0.071405 -0.982302
vn -0.191552 0.126327 -0.973319
vn 0.000000 0.128084 -0.991763
vn 0.000000 0.128084 -0.991763
vn -0.191552 0.126327 -0.973319
vn -0.183410 0.378917 -0.907074
vn 0.000000 0.403773 -0.914859
vn 0.000000 0.403773 -0.914859
vn -0.183410 0.378917 -0.907074
vn -0.099781 0.432028 -0.896323
vn 0.000000 0.488814 -0.872388
vn 0.000000 0.488814 -0.872388
vn -0.099781 0.432028 -0.896323
vn -0.034265 0.299486 -0.953485
vn 0.000000 0.290730 -0.956805
vn 0.000000 0.290730 -0.956805
vn -0.034265 0.299486 -0.953485
vn -0.004462 0.257168 -0.966356
vn 0.000000 0.187890 -0.982190
vn 0.000000 0.187890 -0.982190
vn -0.004462 0.257168 -0.966356
vn -0.034175 0.233119 -0.971848
vn 0.000000 0.202919 -0.979196
vn 0.000000 0.202919 -0.979196
vn -0.034175 0.233119 -0.971848
vn -0.007292 0.185809 -0.982559
vn 0.000000 0.190982 -0.981593
vn -0.034175 0.233119 -0.971848
vn -0.004462 0.257168 -0.966356
vn 0.582573 0.361124 -0.728147
vn 0.589859 0.223778 -0.775880
vn -0.034175 0.233119 -0.971848
vn 0.589859 0.223778 -0.775880
vn 0.501768 0.261234 -0.824612
vn -0.007292 0.185809 -0.982559
vn 0.589859 0.223778 -0.775880
vn 0.582573 0.361124 -0.728147
vn 0.922593 0.287931 -0.256744
vn 0.948798 0.131274 -0.287315
vn 0.589859 0.223778 -0.775880
vn 0.948798 0.131274 -0.287315
vn 0.875432 0.390407 -0.284958
vn 0.501768 0.261234 -0.824612
vn 0.875432 0.390407 -0.284958
vn 0.948798 0.131274 -0.287315
vn 0.990240 0.119910 -0.071031
vn 0.904635 0.419302 -0.076296
vn 0.875432 0.390407 -0.284958
vn 0.904635 0.419302 -0.076296
vn 0.772937 0.631808 -0.058194
vn 0.743438 0.617308 -0.257354
vn 0.875432 0.390407 -0.284958
vn 0.743438 0.617308 -0.257354
vn 0.448532 0.300802 -0.841628
vn 0.501768 0.261234 -0.824612
vn 0.743438 0.617308 -0.257354
vn 0.772937 0.631808 -0.058194
vn 0.873271 0.484779 -0.048854
vn 0.846104 0.473854 -0.244071
vn 0.743438 0.617308 -0.257354
vn 0.846104 0.473854 -0.244071
vn 0.548619 0.179000 -0.816686
vn 0.448532 0.300802 -0.841628
vn 0.548619 0.179000 -0.816686
vn 0.179418 -0.134034 -0.974599
vn 0.100188 0.046781 -0.993868
vn 0.448532 0.300802 -0.841628
vn 0.548619 0.179000 -0.816686
vn 0.846104 0.473854 -0.244071
vn 0.963902 0.179854 -0.196331
vn 0.686255 -0.061892 -0.724723
vn 0.548619 0.179000 -0.816686
vn 0.686255 -0.061892 -0.724723
vn 0.220866 -0.219564 -0.950268
vn 0.179418 -0.134034 -0.974599
vn 0.686255 -0.061892 -0.724723
vn 0.963902 0.179854 -0.196331
vn 0.987635 0.008937 -0.156518
vn 0.719092 -0.141141 -0.680431
vn 0.686255 -0.061892 -0.724723
vn 0.719092 -0.141141 -0.680431
vn 0.307097 -0.175986 -0.935265
vn 0.220866 -0.219564 -0.950268
vn 0.719092 -0.141141 -0.680431
vn 0.987635 0.008937 -0.156518
vn 0.985280 -0.050558 -0.163299
vn 0.699239 -0.170649 -0.694222
vn 0.719092 -0.141141 -0.680431
vn 0.699239 -0.170649 -0.694222
vn 0.351078 -0.215678 -0.911168
vn 0.307097 -0.175986 -0.935265
vn 0.699239 -0.170649 -0.694222
vn 0.985280 -0.050558 -0.163299
vn 0.966115 -0.198077 -0.165490
vn 0.667314 -0.291621 -0.685309
vn 0.699239 -0.170649 -0.694222
vn 0.667314 -0.291621 -0.685309
vn 0.465351 -0.245414 -0.850424
vn 0.351078 -0.215678 -0.911168
vn 0.987635 0.008937 -0.156518
vn 0.963902 0.179854 -0.196331
vn 0.976981 0.209463 -0.040414
vn 0.998258 0.048919 -0.032972
vn 0.987635 0.008937 -0.156518
vn 0.998258 0.048919 -0.032972
vn 0.999440 -0.023522 -0.023819
vn 0.985280 -0.050558 -0.163299
vn 0.976981 0.209463 -0.040414
vn 0.963902 0.179854 -0.196331
vn 0.846104 0.473854 -0.244071
vn 0.873271 0.484779 -0.048854
vn 0.976981 0.209463 -0.040414
vn 0.873271 0.484779 -0.048854
vn 0.845856 0.442312 -0.298139
vn 0.934285 0.189886 -0.301753
vn 0.976981 0.209463 -0.040414
vn 0.934285 0.189886 -0.301753
vn 0.945594 0.038947 -0.323009
vn 0.998258 0.048919 -0.032972
vn 0.845856 0.442312 -0.298139
vn 0.873271 0.484779 -0.048854
vn 0.772937 0.631808 -0.058194
vn 0.751312 0.594602 -0.286321
vn 0.845856 0.442312 -0.298139
vn 0.751312 0.594602 -0.286321
vn -0.433584 -0.352149 -0.829455
vn -0.547300 -0.290858 -0.784771
vn 0.845856 0.442312 -0.298139
vn -0.547300 -0.290858 -0.784771
vn -0.558477 -0.123198 -0.820321
vn 0.934285 0.189886 -0.301753
vn -0.433584 -0.352149 -0.829455
vn 0.751312 0.594602 -0.286321
vn 0.863338 0.410251 -0.293837
vn -0.395415 -0.166697 -0.903249
vn -0.433584 -0.352149 -0.829455
vn -0.395415 -0.166697 -0.903249
vn -0.911096 -0.412140 -0.006687
vn -0.778433 -0.627066 -0.028823
vn -0.433584 -0.352149 -0.829455
vn -0.778433 -0.627066 -0.028823
vn -0.880977 -0.470596 -0.049180
vn -0.547300 -0.290858 -0.784771
vn -0.911096 -0.412140 -0.006687
vn -0.395415 -0.166697 -0.903249
vn -0.590744 -0.038190 -0.805955
vn -0.993925 -0.110033 -0.002317
vn -0.911096 -0.412140 -0.006687
vn -0.993925 -0.110033 -0.002317
vn -0.987481 -0.105518 0.117248
vn -0.916565 -0.385538 0.106159
vn -0.911096 -0.412140 -0.006687
vn -0.916565 -0.385538 0.106159
vn -0.770092 -0.632694 0.081584
vn -0.778433 -0.627066 -0.028823
vn -0.993925 -0.110033 -0.002317
vn -0.590744 -0.038190 -0.805955
vn -0.692137 -0.150407 -0.705920
vn -0.968901 -0.247153 -0.012103
vn -0.993925 -0.110033 -0.002317
vn -0.968901 -0.247153 -0.012103
vn -0.956458 -0.273172 0.102784
vn -0.987481 -0.105518 0.117248
vn -0.956458 -0.273172 0.102784
vn -0.968901 -0.247153 -0.012103
vn -0.907733 -0.419432 -0.009895
vn -0.895275 -0.435892 0.092092
vn -0.956458 -0.273172 0.102784
vn -0.895275 -0.435892 0.092092
vn -0.822707 -0.437759 0.362658
vn -0.854403 -0.351539 0.382643
vn -0.956458 -0.273172 0.102784
vn -0.854403 -0.351539 0.382643
vn -0.900869 -0.156736 0.404807
vn -0.987481 -0.105518 0.117248
vn -0.822707 -0.437759 0.362658
vn -0.895275 -0.435892 0.092092
vn -0.955591 -0.277518 0.099146
vn -0.888731 -0.287351 0.357193
vn -0.822707 -0.437759 0.362658
vn -0.888731 -0.287351 0.357193
vn -0.505504 -0.349124 0.789036
vn -0.481179 -0.361168 0.798764
vn -0.822707 -0.437759 0.362658
vn -0.481179 -0.361168 0.798764
vn -0.463849 -0.370824 0.804571
vn -0.854403 -0.351539 0.382643
vn -0.481179 -0.361168 0.798764
vn -0.505504 -0.349124 0.789036
vn 0.082339 -0.417897 0.904755
vn 0.028151 -0.288836 0.956965
vn -0.481179 -0.361168 0.798764
vn 0.028151 -0.288836 0.956965
vn 0.012639 -0.252174 0.967599
vn -0.463849 -0.370824 0.804571
vn -0.505504 -0.349124 0.789036
vn -0.888731 -0.287351 0.357193
vn -0.913213 -0.120036 0.389401
vn -0.497965 -0.314614 0.808114
vn -0.505504 -0.349124 0.789036
vn -0.497965 -0.314614 0.808114
vn 0.155796 -0.398185 0.903978
vn 0.082339 -0.417897 0.904755
vn -0.497965 -0.314614 0.808114
vn -0.913213 -0.120036 0.389401
vn -0.896240 0.027260 0.442731
vn -0.437014 -0.103463 0.893484
vn -0.497965 -0.314614 0.808114
vn -0.437014 -0.103463 0.893484
vn 0.162982 -0.148227 0.975431
vn 0.155796 -0.398185 0.903978
vn -0.437014 -0.103463 0.893484
vn -0.896240 0.027260 0.442731
vn -0.891068 -0.026627 0.453089
vn -0.410449 -0.057915 0.910043
vn -0.437014 -0.103463 0.893484
vn -0.410449 -0.057915 0.910043
vn 0.141121 -0.067831 0.987666
vn 0.162982 -0.148227 0.975431
vn -0.410449 -0.057915 0.910043
vn -0.891068 -0.026627 0.453089
vn -0.890743 -0.121129 0.438069
vn -0.393231 -0.118579 0.911761
vn -0.410449 -0.057915 0.910043
vn -0.393231 -0.118579 0.911761
vn 0.146172 -0.114354 0.982628
vn 0.141121 -0.067831 0.987666
vn -0.393231 -0.118579 0.911761
vn -0.890743 -0.121129 0.438069
vn -0.911422 -0.071074 0.405289
vn -0.412144 -0.074674 0.908053
vn -0.393231 -0.118579 0.911761
vn -0.412144 -0.074674 0.908053
vn 0.154499 -0.064308 0.985898
vn 0.146172 -0.114354 0.982628
vn -0.412144 -0.074674 0.908053
vn -0.911422 -0.071074 0.405289
vn -0.926847 -0.043574 0.372901
vn -0.448725 -0.004680 0.893658
vn -0.412144 -0.074674 0.908053
vn -0.448725 -0.004680 0.893658
vn 0.161927 0.010038 0.986752
vn 0.154499 -0.064308 0.985898
vn -0.448725 -0.004680 0.893658
vn -0.926847 -0.043574 0.372901
vn -0.945825 0.054326 0.320099
vn -0.531914 0.217819 0.818305
vn -0.448725 -0.004680 0.893658
vn -0.531914 0.217819 0.818305
vn 0.116504 0.330549 0.936571
vn 0.161927 0.010038 0.986752
vn -0.926847 -0.043574 0.372901
vn -0.995628 -0.054608 0.075786
vn -0.996648 0.001084 0.081804
vn -0.945825 0.054326 0.320099
vn -0.926847 -0.043574 0.372901
vn -0.911422 -0.071074 0.405289
vn -0.994924 -0.065151 0.076696
vn -0.995628 -0.054608 0.075786
vn -0.994924 -0.065151 0.076696
vn -0.997144 -0.060810 -0.044782
vn -0.996489 -0.060309 -0.058068
vn -0.995628 -0.054608 0.075786
vn -0.994924 -0.065151 0.076696
vn -0.911422 -0.071074 0.405289
vn -0.890743 -0.121129 0.438069
vn -0.988021 -0.128067 0.086104
vn -0.994924 -0.065151 0.076696
vn -0.988021 -0.128067 0.086104
vn -0.990468 -0.130735 -0.043385
vn -0.997144 -0.060810 -0.044782
vn -0.990468 -0.130735 -0.043385
vn -0.530318 -0.063100 -0.845447
vn -0.514045 -0.033896 -0.857093
vn -0.997144 -0.060810 -0.044782
vn -0.990468 -0.130735 -0.043385
vn -0.988021 -0.128067 0.086104
vn -0.994475 -0.016076 0.103738
vn -0.999179 -0.023336 -0.033117
vn -0.990468 -0.130735 -0.043385
vn -0.999179 -0.023336 -0.033117
vn -0.636024 -0.006898 -0.771639
vn -0.530318 -0.063100 -0.845447
vn -0.636024 -0.006898 -0.771639
vn 0.844969 0.026946 -0.534137
vn 0.863508 0.112620 -0.491600
vn -0.530318 -0.063100 -0.845447
vn -0.636024 -0.006898 -0.771639
vn -0.999179 -0.023336 -0.033117
vn -0.994966 0.098734 -0.017155
vn -0.602111 0.073478 -0.795024
vn -0.636024 -0.006898 -0.771639
vn -0.602111 0.073478 -0.795024
vn 0.856754 -0.072558 -0.510596
vn 0.844969 0.026946 -0.534137
vn 0.856754 -0.072558 -0.510596
vn 0.994418 -0.091090 -0.053259
vn 0.998464 0.018274 -0.052307
vn 0.844969 0.026946 -0.534137
vn 0.856754 -0.072558 -0.510596
vn -0.602111 0.073478 -0.795024
vn -0.569102 0.001244 -0.822266
vn 0.882985 0.033644 -0.468194
vn 0.856754 -0.072558 -0.510596
vn 0.882985 0.033644 -0.468194
vn 0.998253 0.031389 -0.050048
vn 0.994418 -0.091090 -0.053259
vn 0.998253 0.031389 -0.050048
vn 0.967129 0.090979 -0.237456
vn 0.955290 -0.045663 -0.292123
vn 0.994418 -0.091090 -0.053259
vn 0.998253 0.031389 -0.050048
vn 0.882985 0.033644 -0.468194
vn 0.868268 0.254806 -0.425658
vn 0.960726 0.272859 -0.050530
vn 0.998253 0.031389 -0.050048
vn 0.960726 0.272859 -0.050530
vn 0.932406 0.281964 -0.226085
vn 0.967129 0.090979 -0.237456
vn 0.932406 0.281964 -0.226085
vn 0.588470 0.361433 -0.723235
vn 0.601010 0.286576 -0.746097
vn 0.967129 0.090979 -0.237456
vn 0.932406 0.281964 -0.226085
vn 0.960726 0.272859 -0.050530
vn 0.905825 0.421030 -0.047063
vn 0.869483 0.435043 -0.233959
vn 0.932406 0.281964 -0.226085
vn 0.869483 0.435043 -0.233959
vn 0.547234 0.398429 -0.736064
vn 0.588470 0.361433 -0.723235
vn 0.547234 0.398429 -0.736064
vn -0.034265 0.299486 -0.953485
vn -0.099781 0.432028 -0.896323
vn 0.588470 0.361433 -0.723235
vn 0.547234 0.398429 -0.736064
vn 0.869483 0.435043 -0.233959
vn 0.922593 0.287931 -0.256744
vn 0.582573 0.361124 -0.728147
vn 0.547234 0.398429 -0.736064
vn 0.582573 0.361124 -0.728147
vn -0.004462 0.257168 -0.966356
vn -0.034265 0.299486 -0.953485
vn 0.869483 0.435043 -0.233959
vn 0.905825 0.421030 -0.047063
vn 0.968639 0.242916 -0.052256
vn 0.922593 0.287931 -0.256744
vn 0.968639 0.242916 -0.052256
vn 0.905825 0.421030 -0.047063
vn 0.827718 0.390135 -0.403334
vn 0.891190 0.234713 -0.388188
vn 0.968639 0.242916 -0.052256
vn 0.891190 0.234713 -0.388188
vn 0.936196 0.131788 -0.325837
vn 0.990240 0.119910 -0.071031
vn 0.968639 0.242916 -0.052256
vn 0.990240 0.119910 -0.071031
vn 0.948798 0.131274 -0.287315
vn 0.922593 0.287931 -0.256744
vn 0.936196 0.131788 -0.325837
vn 0.891190 0.234713 -0.388188
vn -0.692137 -0.150407 -0.705920
vn -0.590744 -0.038190 -0.805955
vn 0.936196 0.131788 -0.325837
vn -0.590744 -0.038190 -0.805955
vn -0.395415 -0.166697 -0.903249
vn 0.863338 0.410251 -0.293837
vn 0.936196 0.131788 -0.325837
vn 0.863338 0.410251 -0.293837
vn 0.904635 0.419302 -0.076296
vn 0.990240 0.119910 -0.071031
vn 0.891190 0.234713 -0.388188
vn 0.827718 0.390135 -0.403334
vn -0.583351 -0.235553 -0.777314
vn -0.692137 -0.150407 -0.705920
vn -0.583351 -0.235553 -0.777314
vn 0.827718 0.390135 -0.403334
vn 0.868268 0.254806 -0.425658
vn -0.543926 -0.122153 -0.830195
vn -0.583351 -0.235553 -0.777314
vn -0.543926 -0.122153 -0.830195
vn -0.962273 -0.272084 0.001099
vn -0.907733 -0.419432 -0.009895
vn -0.583351 -0.235553 -0.777314
vn -0.907733 -0.419432 -0.009895
vn -0.968901 -0.247153 -0.012103
vn -0.692137 -0.150407 -0.705920
vn -0.962273 -0.272084 0.001099
vn -0.543926 -0.122153 -0.830195
vn -0.569102 0.001244 -0.822266
vn -0.999742 -0.022481 -0.003184
vn -0.962273 -0.272084 0.001099
vn -0.999742 -0.022481 -0.003184
vn -0.993998 -0.030474 0.105070
vn -0.955591 -0.277518 0.099146
vn -0.962273 -0.272084 0.001099
vn -0.955591 -0.277518 0.099146
vn -0.895275 -0.435892 0.092092
vn -0.907733 -0.419432 -0.009895
vn -0.993998 -0.030474 0.105070
vn -0.999742 -0.022481 -0.003184
vn -0.994966 0.098734 -0.017155
vn -0.989485 0.092363 0.111303
vn -0.993998 -0.030474 0.105070
vn -0.989485 0.092363 0.111303
vn -0.896240 0.027260 0.442731
vn -0.913213 -0.120036 0.389401
vn -0.993998 -0.030474 0.105070
vn -0.913213 -0.120036 0.389401
vn -0.888731 -0.287351 0.357193
vn -0.955591 -0.277518 0.099146
vn -0.989485 0.092363 0.111303
vn -0.994966 0.098734 -0.017155
vn -0.999179 -0.023336 -0.033117
vn -0.994475 -0.016076 0.103738
vn -0.989485 0.092363 0.111303
vn -0.994475 -0.016076 0.103738
vn -0.891068 -0.026627 0.453089
vn -0.896240 0.027260 0.442731
vn -0.999742 -0.022481 -0.003184
vn -0.569102 0.001244 -0.822266
vn -0.602111 0.073478 -0.795024
vn -0.994966 0.098734 -0.017155
vn -0.543926 -0.122153 -0.830195
vn 0.868268 0.254806 -0.425658
vn 0.882985 0.033644 -0.468194
vn -0.569102 0.001244 -0.822266
vn 0.827718 0.390135 -0.403334
vn 0.905825 0.421030 -0.047063
vn 0.960726 0.272859 -0.050530
vn 0.868268 0.254806 -0.425658
vn 0.601010 0.286576 -0.746097
vn -0.183410 0.378917 -0.907074
vn -0.191552 0.126327 -0.973319
vn 0.519494 0.074687 -0.851204
vn 0.601010 0.286576 -0.746097
vn 0.519494 0.074687 -0.851204
vn 0.955290 -0.045663 -0.292123
vn 0.967129 0.090979 -0.237456
vn 0.601010 0.286576 -0.746097
vn 0.588470 0.361433 -0.723235
vn -0.099781 0.432028 -0.896323
vn -0.183410 0.378917 -0.907074
vn 0.519494 0.074687 -0.851204
vn -0.191552 0.126327 -0.973319
vn -0.173158 0.071405 -0.982302
vn 0.458549 0.064922 -0.886295
vn 0.519494 0.074687 -0.851204
vn 0.458549 0.064922 -0.886295
vn 0.945637 0.027311 -0.324074
vn 0.955290 -0.045663 -0.292123
vn 0.945637 0.027311 -0.324074
vn 0.458549 0.064922 -0.886295
vn 0.413115 0.126123 -0.901903
vn 0.936089 0.124421 -0.329023
vn 0.945637 0.027311 -0.324074
vn 0.936089 0.124421 -0.329023
vn 0.990796 0.126124 -0.049160
vn 0.998464 0.018274 -0.052307
vn 0.945637 0.027311 -0.324074
vn 0.998464 0.018274 -0.052307
vn 0.994418 -0.091090 -0.053259
vn 0.955290 -0.045663 -0.292123
vn 0.990796 0.126124 -0.049160
vn 0.936089 0.124421 -0.329023
vn 0.944530 0.065372 -0.321853
vn 0.996684 0.059102 -0.055935
vn 0.990796 0.126124 -0.049160
vn 0.996684 0.059102 -0.055935
vn 0.869987 0.046809 -0.490848
vn 0.863508 0.112620 -0.491600
vn 0.990796 0.126124 -0.049160
vn 0.863508 0.112620 -0.491600
vn 0.844969 0.026946 -0.534137
vn 0.998464 0.018274 -0.052307
vn 0.869987 0.046809 -0.490848
vn 0.996684 0.059102 -0.055935
vn 0.996309 0.064468 -0.056676
vn 0.875310 0.058953 -0.479956
vn 0.869987 0.046809 -0.490848
vn 0.875310 0.058953 -0.479956
vn -0.488476 -0.034418 -0.871898
vn -0.514045 -0.033896 -0.857093
vn 0.869987 0.046809 -0.490848
vn -0.514045 -0.033896 -0.857093
vn -0.530318 -0.063100 -0.845447
vn 0.863508 0.112620 -0.491600
vn -0.488476 -0.034418 -0.871898
vn 0.875310 0.058953 -0.479956
vn 0.897016 -0.045596 -0.439641
vn -0.345148 0.026702 -0.938168
vn -0.488476 -0.034418 -0.871898
vn -0.345148 0.026702 -0.938168
vn -0.996422 0.013436 -0.083444
vn -0.996489 -0.060309 -0.058068
vn -0.488476 -0.034418 -0.871898
vn -0.996489 -0.060309 -0.058068
vn -0.997144 -0.060810 -0.044782
vn -0.514045 -0.033896 -0.857093
vn -0.996422 0.013436 -0.083444
vn -0.345148 0.026702 -0.938168
vn -0.305937 0.112569 -0.945373
vn -0.942785 0.316051 -0.106150
vn -0.996422 0.013436 -0.083444
vn -0.942785 0.316051 -0.106150
vn -0.949098 0.308073 0.065600
vn -0.996648 0.001084 0.081804
vn -0.996422 0.013436 -0.083444
vn -0.996648 0.001084 0.081804
vn -0.995628 -0.054608 0.075786
vn -0.996489 -0.060309 -0.058068
vn -0.949098 0.308073 0.065600
vn -0.942785 0.316051 -0.106150
vn -0.864967 0.481751 -0.140528
vn -0.861101 0.507052 0.037458
vn -0.949098 0.308073 0.065600
vn -0.861101 0.507052 0.037458
vn -0.833961 0.539297 0.116908
vn -0.909191 0.350895 0.224153
vn -0.949098 0.308073 0.065600
vn -0.909191 0.350895 0.224153
vn -0.945825 0.054326 0.320099
vn -0.996648 0.001084 0.081804
vn -0.861101 0.507052 0.037458
vn -0.864967 0.481751 -0.140528
vn -0.977778 0.144834 -0.151570
vn -0.989113 0.143755 0.031469
vn -0.861101 0.507052 0.037458
vn -0.989113 0.143755 0.031469
vn -0.982910 0.159593 0.091750
vn -0.833961 0.539297 0.116908
vn -0.982910 0.159593 0.091750
vn -0.989113 0.143755 0.031469
vn -0.719862 -0.693955 0.015020
vn -0.701803 -0.708447 0.074673
vn -0.982910 0.159593 0.091750
vn -0.701803 -0.708447 0.074673
vn -0.666159 -0.735439 0.123942
vn -0.975870 0.150841 0.157873
vn -0.982910 0.159593 0.091750
vn -0.975870 0.150841 0.157873
vn -0.774673 0.597274 0.207715
vn -0.833961 0.539297 0.116908
vn -0.975870 0.150841 0.157873
vn -0.666159 -0.735439 0.123942
vn -0.583893 -0.775559 0.239952
vn -0.946593 0.117697 0.300181
vn -0.975870 0.150841 0.157873
vn -0.946593 0.117697 0.300181
vn -0.664466 0.663301 0.344263
vn -0.774673 0.597274 0.207715
vn -0.666159 -0.735439 0.123942
vn -0.701803 -0.708447 0.074673
vn -0.100196 -0.994064 0.042392
vn -0.023018 -0.996445 0.081043
vn -0.666159 -0.735439 0.123942
vn -0.023018 -0.996445 0.081043
vn 0.110253 -0.975227 0.191771
vn -0.583893 -0.775559 0.239952
vn -0.023018 -0.996445 0.081043
vn -0.100196 -0.994064 0.042392
vn 0.032231 -0.998432 0.045761
vn 0.037486 -0.993333 0.109019
vn -0.023018 -0.996445 0.081043
vn 0.037486 -0.993333 0.109019
vn 0.077680 -0.953445 0.291389
vn 0.110253 -0.975227 0.191771
vn 0.077680 -0.953445 0.291389
vn 0.037486 -0.993333 0.109019
vn -0.096991 -0.990601 0.096446
vn -0.108543 -0.922117 0.371375
vn 0.077680 -0.953445 0.291389
vn -0.108543 -0.922117 0.371375
vn -0.061756 -0.503743 0.861643
vn 0.118158 -0.546366 0.829170
vn 0.077680 -0.953445 0.291389
vn 0.118158 -0.546366 0.829170
vn 0.206847 -0.658552 0.723549
vn 0.110253 -0.975227 0.191771
vn 0.118158 -0.546366 0.829170
vn -0.116732 0.508102 0.853350
vn -0.342814 0.467957 0.814552
vn 0.206847 -0.658552 0.723549
vn 0.118158 -0.546366 0.829170
vn -0.061756 -0.503743 0.861643
vn -0.051878 0.458489 0.887184
vn -0.116732 0.508102 0.853350
vn -0.116732 0.508102 0.853350
vn -0.301110 0.824597 0.478929
vn -0.664466 0.663301 0.344263
vn -0.342814 0.467957 0.814552
vn -0.116732 0.508102 0.853350
vn -0.051878 0.458489 0.887184
vn -0.043761 0.864244 0.501165
vn -0.301110 0.824597 0.478929
vn -0.301110 0.824597 0.478929
vn -0.525142 0.663630 0.532749
vn -0.774673 0.597274 0.207715
vn -0.664466 0.663301 0.344263
vn -0.301110 0.824597 0.478929
vn -0.043761 0.864244 0.501165
vn 0.026368 0.746667 0.664676
vn -0.525142 0.663630 0.532749
vn 0.037486 -0.993333 0.109019
vn 0.032231 -0.998432 0.045761
vn -0.048063 -0.998372 0.030706
vn -0.096991 -0.990601 0.096446
vn 0.032231 -0.998432 0.045761
vn 0.027458 -0.999613 0.004481
vn -0.020454 -0.999785 0.003440
vn -0.048063 -0.998372 0.030706
vn 0.032231 -0.998432 0.045761
vn -0.100196 -0.994064 0.042392
vn -0.133395 -0.991063 0.000042
vn 0.027458 -0.999613 0.004481
vn -0.133395 -0.991063 0.000042
vn -0.124361 -0.989034 -0.079661
vn 0.016590 -0.996068 -0.087026
vn 0.027458 -0.999613 0.004481
vn -0.133395 -0.991063 0.000042
vn -0.100196 -0.994064 0.042392
vn -0.701803 -0.708447 0.074673
vn -0.719862 -0.693955 0.015020
vn -0.133395 -0.991063 0.000042
vn -0.719862 -0.693955 0.015020
vn -0.731244 -0.675316 -0.096076
vn -0.124361 -0.989034 -0.079661
vn 0.016590 -0.996068 -0.087026
vn -0.016250 -0.526385 -0.850091
vn -0.020738 -0.571566 -0.820294
vn -0.014590 -0.997071 -0.075077
vn 0.016590 -0.996068 -0.087026
vn -0.014590 -0.997071 -0.075077
vn -0.020454 -0.999785 0.003440
vn 0.027458 -0.999613 0.004481
vn 0.016590 -0.996068 -0.087026
vn -0.124361 -0.989034 -0.079661
vn 0.008849 -0.532339 -0.846485
vn -0.016250 -0.526385 -0.850091
vn -0.719862 -0.693955 0.015020
vn -0.989113 0.143755 0.031469
vn -0.977778 0.144834 -0.151570
vn -0.731244 -0.675316 -0.096076
vn -0.864967 0.481751 -0.140528
vn -0.343236 0.232552 -0.910005
vn -0.409185 0.159855 -0.898340
vn -0.977778 0.144834 -0.151570
vn -0.864967 0.481751 -0.140528
vn -0.942785 0.316051 -0.106150
vn -0.305937 0.112569 -0.945373
vn -0.343236 0.232552 -0.910005
vn -0.305937 0.112569 -0.945373
vn 0.838069 -0.338818 -0.427601
vn 0.816964 -0.263089 -0.513181
vn -0.343236 0.232552 -0.910005
vn -0.305937 0.112569 -0.945373
vn -0.345148 0.026702 -0.938168
vn 0.897016 -0.045596 -0.439641
vn 0.838069 -0.338818 -0.427601
vn 0.838069 -0.338818 -0.427601
vn 0.907266 -0.417214 -0.052917
vn 0.970018 -0.241610 -0.026267
vn 0.816964 -0.263089 -0.513181
vn 0.838069 -0.338818 -0.427601
vn 0.897016 -0.045596 -0.439641
vn 0.994451 -0.086900 -0.059296
vn 0.907266 -0.417214 -0.052917
vn 0.994451 -0.086900 -0.059296
vn 0.959807 -0.183257 -0.212574
vn 0.879652 -0.461064 -0.116758
vn 0.907266 -0.417214 -0.052917
vn 0.994451 -0.086900 -0.059296
vn 0.897016 -0.045596 -0.439641
vn 0.875310 0.058953 -0.479956
vn 0.996309 0.064468 -0.056676
vn 0.994451 -0.086900 -0.059296
vn 0.996309 0.064468 -0.056676
vn 0.954943 0.039550 -0.294142
vn 0.959807 -0.183257 -0.212574
vn 0.954943 0.039550 -0.294142
vn 0.421655 -0.039427 -0.905899
vn 0.521564 -0.419728 -0.742832
vn 0.959807 -0.183257 -0.212574
vn 0.954943 0.039550 -0.294142
vn 0.996309 0.064468 -0.056676
vn 0.996684 0.059102 -0.055935
vn 0.944530 0.065372 -0.321853
vn 0.954943 0.039550 -0.294142
vn 0.944530 0.065372 -0.321853
vn 0.397715 0.064078 -0.915269
vn 0.421655 -0.039427 -0.905899
vn 0.397715 0.064078 -0.915269
vn -0.211676 0.049910 -0.976065
vn -0.221317 -0.067486 -0.972864
vn 0.421655 -0.039427 -0.905899
vn 0.397715 0.064078 -0.915269
vn 0.944530 0.065372 -0.321853
vn 0.936089 0.124421 -0.329023
vn 0.413115 0.126123 -0.901903
vn 0.397715 0.064078 -0.915269
vn 0.413115 0.126123 -0.901903
vn -0.187550 0.110502 -0.976020
vn -0.211676 0.049910 -0.976065
vn 0.421655 -0.039427 -0.905899
vn -0.221317 -0.067486 -0.972864
vn -0.199023 -0.418121 -0.886321
vn 0.521564 -0.419728 -0.742832
vn 0.907266 -0.417214 -0.052917
vn 0.879652 -0.461064 -0.116758
vn 0.977811 -0.186948 -0.094536
vn 0.970018 -0.241610 -0.026267
vn 0.977811 -0.186948 -0.094536
vn 0.978347 -0.103918 -0.178990
vn 0.386881 0.914493 -0.118432
vn 0.488351 0.870683 -0.058515
vn 0.977811 -0.186948 -0.094536
vn 0.488351 0.870683 -0.058515
vn 0.547434 0.836848 -0.001234
vn 0.970018 -0.241610 -0.026267
vn 0.977811 -0.186948 -0.094536
vn 0.879652 -0.461064 -0.116758
vn 0.807206 -0.536769 -0.245555
vn 0.978347 -0.103918 -0.178990
vn 0.488351 0.870683 -0.058515
vn 0.386881 0.914493 -0.118432
vn -0.030757 0.997427 -0.064752
vn -0.026150 0.999395 -0.022925
vn 0.488351 0.870683 -0.058515
vn -0.026150 0.999395 -0.022925
vn -0.015386 0.999876 -0.003291
vn 0.547434 0.836848 -0.001234
vn -0.026150 0.999395 -0.022925
vn -0.030757 0.997427 -0.064752
vn 0.065867 0.997005 -0.040520
vn 0.026817 0.999514 -0.015900
vn -0.026150 0.999395 -0.022925
vn 0.026817 0.999514 -0.015900
vn 0.010535 0.999935 -0.004464
vn -0.015386 0.999876 -0.003291
vn -0.030757 0.997427 -0.064752
vn -0.027137 0.991517 -0.127114
vn 0.114471 0.985583 -0.124589
vn 0.065867 0.997005 -0.040520
vn -0.030757 0.997427 -0.064752
vn 0.386881 0.914493 -0.118432
vn 0.307339 0.926650 -0.216476
vn -0.027137 0.991517 -0.127114
vn 0.386881 0.914493 -0.118432
vn 0.978347 -0.103918 -0.178990
vn 0.950278 0.024373 -0.310447
vn 0.307339 0.926650 -0.216476
vn 0.978347 -0.103918 -0.178990
vn 0.807206 -0.536769 -0.245555
vn 0.716067 -0.616140 -0.328054
vn 0.950278 0.024373 -0.310447
vn 0.413115 0.126123 -0.901903
vn 0.458549 0.064922 -0.886295
vn -0.173158 0.071405 -0.982302
vn -0.187550 0.110502 -0.976020
vn -0.994475 -0.016076 0.103738
vn -0.988021 -0.128067 0.086104
vn -0.890743 -0.121129 0.438069
vn -0.891068 -0.026627 0.453089
vn 0.863338 0.410251 -0.293837
vn 0.751312 0.594602 -0.286321
vn 0.772937 0.631808 -0.058194
vn 0.904635 0.419302 -0.076296
vn 0.179418 -0.134034 -0.974599
vn 0.282693 -0.047271 -0.958045
vn 0.121581 0.007836 -0.992551
vn 0.100188 0.046781 -0.993868
vn 0.179418 -0.134034 -0.974599
vn 0.220866 -0.219564 -0.950268
vn 0.347827 -0.080200 -0.934122
vn 0.282693 -0.047271 -0.958045
vn 0.032795 -0.877604 -0.478264
vn 0.156906 -0.212592 -0.964461
vn 0.193666 -0.199557 -0.960557
vn 0.158736 -0.834283 -0.527991
vn 0.032795 -0.877604 -0.478264
vn 0.158736 -0.834283 -0.527991
vn 0.278439 -0.768914 -0.575537
vn -0.071722 -0.834329 -0.546581
vn 0.156906 -0.212592 -0.964461
vn 0.165928 0.820618 -0.546859
vn 0.063136 0.824412 -0.562457
vn 0.193666 -0.199557 -0.960557
vn 0.165928 0.820618 -0.546859
vn 0.114471 0.985583 -0.124589
vn -0.027137 0.991517 -0.127114
vn 0.063136 0.824412 -0.562457
vn 0.010535 0.999935 -0.004464
vn -0.003777 0.855098 -0.518453
vn -0.023069 0.861910 -0.506536
vn -0.015386 0.999876 -0.003291
vn -0.003777 0.855098 -0.518453
vn -0.020738 -0.571566 -0.820294
vn -0.016250 -0.526385 -0.850091
vn -0.023069 0.861910 -0.506536
vn 0.667314 -0.291621 -0.685309
vn 0.721988 -0.284542 -0.630689
vn 0.500052 -0.174210 -0.848292
vn 0.465351 -0.245414 -0.850424
vn 0.740824 -0.050034 -0.669833
vn 0.729783 -0.069680 -0.680119
vn 0.747169 -0.006334 -0.664604
vn 0.748729 -0.001979 -0.662873
vn 0.740824 -0.050034 -0.669833
vn 0.672233 -0.227789 -0.704426
vn 0.630487 -0.245034 -0.736509
vn 0.729783 -0.069680 -0.680119
vn 0.630487 -0.245034 -0.736509
vn 0.460002 -0.263195 -0.848014
vn 0.517219 -0.079376 -0.852164
vn 0.729783 -0.069680 -0.680119
vn 0.630487 -0.245034 -0.736509
vn 0.672233 -0.227789 -0.704426
vn 0.552120 -0.372445 -0.745955
vn 0.465263 -0.378837 -0.800008
vn 0.630487 -0.245034 -0.736509
vn 0.465263 -0.378837 -0.800008
vn 0.401368 -0.393769 -0.826952
vn 0.460002 -0.263195 -0.848014
vn 0.517219 -0.079376 -0.852164
vn 0.178805 -0.031931 -0.983366
vn 0.131586 0.167668 -0.977022
vn 0.510898 0.059389 -0.857588
vn 0.517219 -0.079376 -0.852164
vn 0.510898 0.059389 -0.857588
vn 0.747169 -0.006334 -0.664604
vn 0.729783 -0.069680 -0.680119
vn 0.517219 -0.079376 -0.852164
vn 0.460002 -0.263195 -0.848014
vn 0.195872 -0.252511 -0.947561
vn 0.178805 -0.031931 -0.983366
vn 0.195872 -0.252511 -0.947561
vn 0.000000 -0.235582 -0.971855
vn 0.000000 0.023025 -0.999735
vn 0.178805 -0.031931 -0.983366
vn 0.195872 -0.252511 -0.947561
vn 0.460002 -0.263195 -0.848014
vn 0.401368 -0.393769 -0.826952
vn 0.215283 -0.329002 -0.919462
vn 0.195872 -0.252511 -0.947561
vn 0.215283 -0.329002 -0.919462
vn 0.000000 -0.284283 -0.958741
vn 0.000000 -0.235582 -0.971855
vn 0.000000 -0.284283 -0.958741
vn 0.215283 -0.329002 -0.919462
vn 0.426189 -0.233126 -0.874080
vn 0.000000 -0.123914 -0.992293
vn 0.215283 -0.329002 -0.919462
vn 0.401368 -0.393769 -0.826952
vn 0.530465 -0.353983 -0.770262
vn 0.426189 -0.233126 -0.874080
vn 0.000000 0.023025 -0.999735
vn 0.000000 0.213343 -0.976977
vn 0.131586 0.167668 -0.977022
vn 0.178805 -0.031931 -0.983366
vn 0.000000 0.213343 -0.976977
vn 0.000000 0.163175 -0.986597
vn 0.096065 0.150139 -0.983987
vn 0.131586 0.167668 -0.977022
vn 0.096065 0.150139 -0.983987
vn 0.000000 0.163175 -0.986597
vn 0.000000 0.016683 -0.999861
vn 0.075656 0.031165 -0.996647
vn 0.096065 0.150139 -0.983987
vn 0.075656 0.031165 -0.996647
vn 0.303569 0.012260 -0.952731
vn 0.467794 0.037081 -0.883059
vn 0.096065 0.150139 -0.983987
vn 0.467794 0.037081 -0.883059
vn 0.510898 0.059389 -0.857588
vn 0.131586 0.167668 -0.977022
vn 0.075656 0.031165 -0.996647
vn 0.000000 0.016683 -0.999861
vn 0.000000 -0.006263 -0.999980
vn 0.146709 0.021912 -0.988937
vn 0.075656 0.031165 -0.996647
vn 0.146709 0.021912 -0.988937
vn 0.312510 0.054770 -0.948334
vn 0.303569 0.012260 -0.952731
vn 0.146709 0.021912 -0.988937
vn 0.000000 -0.006263 -0.999980
vn 0.000000 0.080754 -0.996734
vn 0.121581 0.007836 -0.992551
vn 0.146709 0.021912 -0.988937
vn 0.121581 0.007836 -0.992551
vn 0.282693 -0.047271 -0.958045
vn 0.312510 0.054770 -0.948334
vn 0.510898 0.059389 -0.857588
vn 0.467794 0.037081 -0.883059
vn 0.742748 -0.051775 -0.667566
vn 0.747169 -0.006334 -0.664604
vn -0.351654 0.228594 0.907791
vn -0.282248 0.187517 0.940837
vn -0.260384 0.126963 0.957121
vn -0.398008 0.207218 0.893672
vn -0.398008 0.207218 0.893672
vn -0.499203 -0.015533 0.866346
vn -0.580308 0.008871 0.814349
vn -0.721662 0.100463 0.684917
vn 0.971735 -0.205350 -0.116456
vn 0.854869 -0.500577 -0.136460
vn 0.840411 -0.429464 -0.330560
vn 0.939069 -0.159807 -0.304322
vn 0.854869 -0.500577 -0.136460
vn 0.575370 -0.805189 -0.143594
vn 0.550083 -0.710398 -0.439025
vn 0.840411 -0.429464 -0.330560
vn -0.000000 0.970221 0.242223
vn -0.513062 0.829172 0.221905
vn -0.459077 0.714584 0.527842
vn 0.000000 0.800040 0.599946
vn 0.000000 0.800040 0.599946
vn -0.459077 0.714584 0.527842
vn -0.405808 0.436936 0.802750
vn -0.000000 0.439315 0.898333
vn -0.000000 0.439315 0.898333
vn -0.405808 0.436936 0.802750
vn -0.449150 0.061250 0.891354
vn 0.000000 0.076807 0.997046
vn 0.000000 0.076807 0.997046
vn -0.449150 0.061250 0.891354
vn -0.472885 -0.083947 0.877116
vn 0.000000 -0.108123 0.994137
vn 0.000000 -0.108123 0.994137
vn -0.472885 -0.083947 0.877116
vn -0.514069 0.045992 0.856515
vn 0.000000 0.022014 0.999758
vn -0.472885 -0.083947 0.877116
vn -0.686398 0.006336 0.727198
vn -0.625997 0.096704 0.773806
vn -0.514069 0.045992 0.856515
vn -0.472885 -0.083947 0.877116
vn -0.449150 0.061250 0.891354
vn -0.723692 0.092333 0.683918
vn -0.686398 0.006336 0.727198
vn 0.485072 -0.002301 -0.874471
vn 0.517893 0.063129 -0.853113
vn 0.711498 -0.032772 -0.701923
vn 0.779310 -0.055717 -0.624157
vn -0.517839 0.323395 0.791997
vn -0.474228 0.286142 0.832605
vn -0.639934 0.225267 0.734669
vn -0.603951 0.247354 0.757667
vn 0.000000 0.349981 0.936757
vn -0.603951 0.247354 0.757667
vn -0.639934 0.225267 0.734669
vn 0.000000 0.397407 0.917642
vn 0.000000 -0.356910 -0.934139
vn 0.000000 -0.211503 -0.977377
vn 0.426189 -0.233126 -0.874080
vn 0.530465 -0.353983 -0.770262
vn 0.303569 0.012260 -0.952731
vn 0.312510 0.054770 -0.948334
vn 0.485051 -0.045639 -0.873294
vn 0.573065 -0.113046 -0.811675
vn 0.351078 -0.215678 -0.911168
vn 0.573065 -0.113046 -0.811675
vn 0.485051 -0.045639 -0.873294
vn 0.307097 -0.175986 -0.935265
vn 0.458934 -0.517859 -0.721943
vn 0.409185 0.159855 -0.898340
vn 0.977778 0.144834 -0.151570
vn 0.731244 -0.675316 -0.096076
vn 0.458934 -0.517859 -0.721943
vn -0.008850 -0.532340 -0.846484
vn -0.450967 0.588519 -0.671024
vn 0.409185 0.159855 -0.898340
vn 0.458934 -0.517859 -0.721943
vn 0.731244 -0.675316 -0.096076
vn 0.124361 -0.989034 -0.079661
vn -0.008850 -0.532340 -0.846484
vn 0.398251 -0.705293 0.586479
vn -0.206846 -0.658552 0.723550
vn -0.110252 -0.975227 0.191771
vn 0.583893 -0.775559 0.239952
vn 0.398251 -0.705293 0.586479
vn 0.583893 -0.775559 0.239952
vn 0.946593 0.117696 0.300182
vn 0.690035 0.101897 0.716567
vn 0.398251 -0.705293 0.586479
vn 0.690035 0.101897 0.716567
vn 0.342814 0.467957 0.814552
vn -0.206846 -0.658552 0.723550
vn -0.450967 0.588519 -0.671024
vn -0.547434 0.836848 -0.001234
vn -0.970018 -0.241611 -0.026267
vn -0.816964 -0.263090 -0.513180
vn -0.450967 0.588519 -0.671024
vn -0.008850 -0.532340 -0.846484
vn 0.016250 -0.526385 -0.850091
vn 0.023068 0.861910 -0.506536
vn -0.450967 0.588519 -0.671024
vn 0.023068 0.861910 -0.506536
vn 0.015386 0.999876 -0.003291
vn -0.547434 0.836848 -0.001234
vn -0.450967 0.588519 -0.671024
vn -0.816964 -0.263090 -0.513180
vn 0.343236 0.232552 -0.910005
vn 0.409185 0.159855 -0.898340
vn 0.690035 0.101897 0.716567
vn 0.946593 0.117696 0.300182
vn 0.664467 0.663300 0.344263
vn 0.342814 0.467957 0.814552
vn -0.206485 0.822732 -0.529600
vn -0.642391 -0.042862 -0.765177
vn -0.950278 0.024374 -0.310447
vn -0.307339 0.926650 -0.216477
vn -0.206485 0.822732 -0.529600
vn -0.063136 0.824412 -0.562457
vn -0.193668 -0.199557 -0.960557
vn -0.642391 -0.042862 -0.765177
vn -0.206485 0.822732 -0.529600
vn -0.307339 0.926650 -0.216477
vn 0.027137 0.991517 -0.127114
vn -0.063136 0.824412 -0.562457
vn -0.539205 -0.715299 -0.444528
vn -0.716067 -0.616140 -0.328054
vn -0.950278 0.024374 -0.310447
vn -0.642391 -0.042862 -0.765177
vn -0.539205 -0.715299 -0.444528
vn -0.158739 -0.834283 -0.527991
vn -0.278440 -0.768914 -0.575537
vn -0.716067 -0.616140 -0.328054
vn -0.539205 -0.715299 -0.444528
vn -0.642391 -0.042862 -0.765177
vn -0.193668 -0.199557 -0.960557
vn -0.158739 -0.834283 -0.527991
vn -0.521565 -0.419727 -0.742832
vn -0.959807 -0.183257 -0.212574
vn -0.879652 -0.461064 -0.116758
vn -0.807206 -0.536769 -0.245555
vn -0.521565 -0.419727 -0.742832
vn -0.278440 -0.768914 -0.575537
vn 0.071721 -0.834329 -0.546581
vn 0.199023 -0.418121 -0.886321
vn -0.521565 -0.419727 -0.742832
vn -0.807206 -0.536769 -0.245555
vn -0.716067 -0.616140 -0.328054
vn -0.278440 -0.768914 -0.575537
vn 0.525142 0.663630 0.532749
vn 0.531914 0.217819 0.818305
vn -0.116504 0.330550 0.936570
vn -0.026368 0.746667 0.664676
vn 0.525142 0.663630 0.532749
vn 0.774673 0.597274 0.207715
vn 0.833961 0.539297 0.116908
vn 0.909191 0.350895 0.224153
vn 0.525142 0.663630 0.532749
vn 0.909191 0.350895 0.224153
vn 0.945825 0.054325 0.320099
vn 0.531914 0.217819 0.818305
vn -0.005594 -0.171731 0.985128
vn 0.000000 -0.171929 0.985109
vn 0.000000 -0.237073 0.971492
vn -0.018570 -0.229866 0.973045
vn 0.382268 -0.255936 0.887901
vn -0.005594 -0.171731 0.985128
vn -0.018570 -0.229866 0.973045
vn 0.523209 -0.243715 0.816612
vn -0.005594 -0.171731 0.985128
vn 0.382268 -0.255936 0.887901
vn 0.051987 -0.063413 0.996632
vn 0.000000 -0.171929 0.985109
vn -0.100188 0.046781 -0.993868
vn -0.448532 0.300802 -0.841628
vn -0.501769 0.261234 -0.824612
vn 0.007292 0.185810 -0.982559
vn -0.100188 0.046781 -0.993868
vn 0.000000 0.157596 -0.987504
vn 0.000000 0.080754 -0.996734
vn -0.121581 0.007836 -0.992551
vn -0.100188 0.046781 -0.993868
vn 0.007292 0.185810 -0.982559
vn 0.000000 0.190982 -0.981593
vn 0.000000 0.157596 -0.987504
vn -0.347827 -0.080199 -0.934122
vn -0.485051 -0.045639 -0.873294
vn -0.307098 -0.175986 -0.935265
vn -0.220866 -0.219564 -0.950268
vn -0.347827 -0.080199 -0.934122
vn -0.282693 -0.047271 -0.958045
vn -0.312510 0.054770 -0.948334
vn -0.485051 -0.045639 -0.873294
vn -0.639255 -0.130327 -0.757871
vn -0.465351 -0.245413 -0.850424
vn -0.351078 -0.215678 -0.911168
vn -0.573064 -0.113046 -0.811676
vn -0.467794 0.037081 -0.883059
vn -0.639255 -0.130327 -0.757871
vn -0.573064 -0.113046 -0.811676
vn -0.303569 0.012260 -0.952731
vn -0.639255 -0.130327 -0.757871
vn -0.467794 0.037081 -0.883059
vn -0.742748 -0.051775 -0.667566
vn -0.465351 -0.245413 -0.850424
vn 0.720554 0.100267 0.686111
vn 0.768110 0.050146 0.638351
vn 0.609527 -0.010252 0.792699
vn 0.580813 0.008761 0.813990
vn 0.720554 0.100267 0.686111
vn 0.398931 0.207191 0.893267
vn 0.540616 0.204677 0.815991
vn 0.768110 0.050146 0.638351
vn -0.711984 -0.116547 -0.692457
vn -0.500052 -0.174210 -0.848292
vn -0.465351 -0.245413 -0.850424
vn -0.742748 -0.051775 -0.667566
vn -0.711984 -0.116547 -0.692457
vn -0.748729 -0.001979 -0.662873
vn -0.644386 -0.047975 -0.763194
vn -0.500052 -0.174210 -0.848292
vn -0.711984 -0.116547 -0.692457
vn -0.742748 -0.051775 -0.667566
vn -0.747168 -0.006334 -0.664605
vn -0.748729 -0.001979 -0.662873
vn 0.447226 -0.179581 0.876208
vn 0.000000 -0.098880 0.995099
vn -0.000000 0.056298 0.998414
vn 0.254212 0.085404 0.963370
vn 0.447226 -0.179581 0.876208
vn 0.639934 0.225267 0.734669
vn 0.000000 0.397407 0.917642
vn 0.000000 -0.098880 0.995099
vn 0.447226 -0.179581 0.876208
vn 0.254212 0.085404 0.963370
vn 0.474228 0.286143 0.832605
vn 0.639934 0.225267 0.734669
vn 0.000000 -0.211503 -0.977377
vn -0.426189 -0.233126 -0.874080
vn 0.000000 -0.123914 -0.992293
vn -0.532967 -0.173054 -0.828250
vn -0.603321 -0.233680 -0.762494
vn -0.552120 -0.372445 -0.745955
vn -0.465263 -0.378837 -0.800008
vn -0.532967 -0.173054 -0.828250
vn -0.465263 -0.378837 -0.800008
vn -0.401368 -0.393769 -0.826952
vn -0.530465 -0.353983 -0.770262
vn -0.532967 -0.173054 -0.828250
vn -0.517893 0.063129 -0.853113
vn -0.711499 -0.032772 -0.701922
vn -0.603321 -0.233680 -0.762494
vn -0.532967 -0.173054 -0.828250
vn -0.530465 -0.353983 -0.770262
vn 0.000000 -0.356910 -0.934139
vn 0.000000 -0.113907 -0.993491
vn 0.514069 0.045992 0.856515
vn 0.000000 0.022014 0.999758
vn 0.000000 0.349981 0.936757
vn 0.603952 0.247354 0.757666
vn 0.514069 0.045992 0.856515
vn 0.603952 0.247354 0.757666
vn 0.517839 0.323395 0.791997
vn 0.492481 0.279664 0.824167
vn 0.514069 0.045992 0.856515
vn 0.492481 0.279664 0.824167
vn 0.569453 0.303235 0.764050
vn 0.625997 0.096704 0.773806
vn -0.774531 -0.258299 -0.577394
vn -0.840411 -0.429464 -0.330560
vn -0.939069 -0.159807 -0.304322
vn -0.779310 -0.055717 -0.624157
vn -0.774531 -0.258299 -0.577394
vn -0.779310 -0.055717 -0.624157
vn -0.485072 -0.002301 -0.874471
vn -0.481619 -0.379525 -0.789939
vn -0.774531 -0.258299 -0.577394
vn -0.481619 -0.379525 -0.789939
vn -0.550083 -0.710398 -0.439025
vn -0.840411 -0.429464 -0.330560
vn 0.694904 0.310048 0.648829
vn 0.769486 0.476999 0.424692
vn 0.459076 0.714585 0.527843
vn 0.405808 0.436936 0.802750
vn 0.694904 0.310048 0.648829
vn 0.405808 0.436936 0.802750
vn 0.449150 0.061250 0.891354
vn 0.723692 0.092332 0.683918
vn 0.694904 0.310048 0.648829
vn 0.723692 0.092332 0.683918
vn 0.887903 0.187600 0.420041
vn 0.769486 0.476999 0.424692
vn 0.887903 0.187600 0.420041
vn 0.893424 0.132386 0.429264
vn 0.972341 0.165439 0.164876
vn 0.948753 0.246650 0.197565
vn 0.887903 0.187600 0.420041
vn 0.723692 0.092332 0.683918
vn 0.686398 0.006336 0.727198
vn 0.893424 0.132386 0.429264
vn 0.887903 0.187600 0.420041
vn 0.948753 0.246650 0.197565
vn 0.807596 0.550827 0.210661
vn 0.769486 0.476999 0.424692
vn 0.807596 0.550827 0.210661
vn 0.948753 0.246650 0.197565
vn 0.963550 0.259410 0.065401
vn 0.813604 0.577013 0.071446
vn 0.807596 0.550827 0.210661
vn 0.513062 0.829172 0.221905
vn 0.459076 0.714585 0.527843
vn 0.769486 0.476999 0.424692
vn 0.807596 0.550827 0.210661
vn 0.813604 0.577013 0.071446
vn 0.525363 0.848231 0.067068
vn 0.513062 0.829172 0.221905
vn 0.525363 0.848231 0.067068
vn 0.813604 0.577013 0.071446
vn 0.819386 0.573025 0.015799
vn 0.530941 0.847276 0.014988
vn 0.525363 0.848231 0.067068
vn -0.000000 0.997940 0.064154
vn -0.000000 0.970221 0.242223
vn 0.513062 0.829172 0.221905
vn 0.525363 0.848231 0.067068
vn 0.530941 0.847276 0.014988
vn -0.000000 0.999912 0.013298
vn -0.000000 0.997940 0.064154
vn -0.000000 0.999912 0.013298
vn 0.530941 0.847276 0.014988
vn 0.524087 0.838601 -0.148599
vn 0.000000 0.987067 -0.160306
vn 0.524087 0.838601 -0.148599
vn 0.815204 0.561542 -0.141822
vn 0.466851 0.334489 -0.818637
vn 0.305219 0.508644 -0.805061
vn 0.524087 0.838601 -0.148599
vn 0.530941 0.847276 0.014988
vn 0.819386 0.573025 0.015799
vn 0.815204 0.561542 -0.141822
vn 0.524087 0.838601 -0.148599
vn 0.305219 0.508644 -0.805061
vn 0.000000 0.623047 -0.782184
vn 0.000000 0.987067 -0.160306
vn 0.000000 0.623047 -0.782184
vn 0.305219 0.508644 -0.805061
vn -0.468624 -0.686123 -0.556441
vn 0.000000 -0.821154 -0.570707
vn -0.468624 -0.686123 -0.556441
vn -0.696233 -0.426121 -0.577651
vn -0.850121 -0.526152 -0.021420
vn -0.567367 -0.823238 -0.019319
vn -0.468624 -0.686123 -0.556441
vn 0.305219 0.508644 -0.805061
vn 0.466851 0.334489 -0.818637
vn -0.696233 -0.426121 -0.577651
vn -0.468624 -0.686123 -0.556441
vn -0.567367 -0.823238 -0.019319
vn 0.000000 -0.999866 -0.016348
vn 0.000000 -0.821154 -0.570707
vn 0.000000 -0.999866 -0.016348
vn -0.567367 -0.823238 -0.019319
vn -0.577988 -0.815381 -0.032922
vn 0.000000 -0.999519 -0.031006
vn -0.577988 -0.815381 -0.032922
vn -0.852017 -0.522375 -0.034528
vn -0.854869 -0.500577 -0.136460
vn -0.575370 -0.805189 -0.143594
vn -0.577988 -0.815381 -0.032922
vn -0.567367 -0.823238 -0.019319
vn -0.850121 -0.526152 -0.021420
vn -0.852017 -0.522375 -0.034528
vn -0.577988 -0.815381 -0.032922
vn -0.575370 -0.805189 -0.143594
vn 0.000000 -0.988000 -0.154456
vn 0.000000 -0.999519 -0.031006
vn 0.000000 -0.988000 -0.154456
vn -0.575370 -0.805189 -0.143594
vn -0.550083 -0.710398 -0.439025
vn 0.000000 -0.854824 -0.518917
vn 0.000000 -0.854824 -0.518917
vn -0.550083 -0.710398 -0.439025
vn -0.481619 -0.379525 -0.789939
vn 0.000000 -0.432622 -0.901575
vn 0.000000 -0.432622 -0.901575
vn -0.481619 -0.379525 -0.789939
vn -0.485072 -0.002301 -0.874471
vn 0.000000 -0.011627 -0.999932
vn 0.000000 -0.011627 -0.999932
vn -0.485072 -0.002301 -0.874471
vn -0.517893 0.063129 -0.853113
vn 0.000000 0.085389 -0.996348
vn 0.000000 0.085389 -0.996348
vn -0.517893 0.063129 -0.853113
vn -0.532967 -0.173054 -0.828250
vn 0.000000 -0.113907 -0.993491
vn -0.852017 -0.522375 -0.034528
vn -0.976179 -0.215043 -0.028837
vn -0.971735 -0.205350 -0.116456
vn -0.854869 -0.500577 -0.136460
vn -0.852017 -0.522375 -0.034528
vn -0.850121 -0.526152 -0.021420
vn -0.975863 -0.217559 -0.018967
vn -0.976179 -0.215043 -0.028837
vn -0.975863 -0.217559 -0.018967
vn -0.981362 -0.189617 -0.031220
vn -0.982246 -0.184724 -0.032698
vn -0.976179 -0.215043 -0.028837
vn -0.975863 -0.217559 -0.018967
vn -0.794564 -0.178092 -0.580475
vn -0.809807 -0.149889 -0.567227
vn -0.981362 -0.189617 -0.031220
vn -0.975863 -0.217559 -0.018967
vn -0.850121 -0.526152 -0.021420
vn -0.696233 -0.426121 -0.577651
vn -0.794564 -0.178092 -0.580475
vn -0.794564 -0.178092 -0.580475
vn 0.529290 0.144061 -0.836121
vn 0.462404 0.100438 -0.880962
vn -0.809807 -0.149889 -0.567227
vn -0.794564 -0.178092 -0.580475
vn -0.696233 -0.426121 -0.577651
vn 0.466851 0.334489 -0.818637
vn 0.529290 0.144061 -0.836121
vn 0.529290 0.144061 -0.836121
vn 0.960401 0.249889 -0.123231
vn 0.978139 0.178890 -0.106035
vn 0.462404 0.100438 -0.880962
vn 0.529290 0.144061 -0.836121
vn 0.466851 0.334489 -0.818637
vn 0.815204 0.561542 -0.141822
vn 0.960401 0.249889 -0.123231
vn 0.960401 0.249889 -0.123231
vn 0.966678 0.255145 0.020832
vn 0.985307 0.168719 0.026529
vn 0.978139 0.178890 -0.106035
vn 0.960401 0.249889 -0.123231
vn 0.815204 0.561542 -0.141822
vn 0.819386 0.573025 0.015799
vn 0.966678 0.255145 0.020832
vn 0.966678 0.255145 0.020832
vn 0.963550 0.259410 0.065401
vn 0.984785 0.163555 0.058717
vn 0.985307 0.168719 0.026529
vn 0.966678 0.255145 0.020832
vn 0.819386 0.573025 0.015799
vn 0.813604 0.577013 0.071446
vn 0.963550 0.259410 0.065401
vn 0.984785 0.163555 0.058717
vn 0.940968 0.332189 0.065036
vn 0.936458 0.348627 0.038801
vn 0.985307 0.168719 0.026529
vn 0.984785 0.163555 0.058717
vn 0.972341 0.165439 0.164876
vn 0.936651 0.307305 0.168074
vn 0.940968 0.332189 0.065036
vn 0.984785 0.163555 0.058717
vn 0.963550 0.259410 0.065401
vn 0.948753 0.246650 0.197565
vn 0.972341 0.165439 0.164876
vn 0.936651 0.307305 0.168074
vn 0.813448 0.533412 0.231891
vn 0.810828 0.579540 0.081797
vn 0.940968 0.332189 0.065036
vn 0.936651 0.307305 0.168074
vn 0.858709 0.229379 0.458262
vn 0.738874 0.427898 0.520546
vn 0.813448 0.533412 0.231891
vn 0.936651 0.307305 0.168074
vn 0.972341 0.165439 0.164876
vn 0.893424 0.132386 0.429264
vn 0.858709 0.229379 0.458262
vn 0.858709 0.229379 0.458262
vn 0.625997 0.096704 0.773806
vn 0.569453 0.303235 0.764050
vn 0.738874 0.427898 0.520546
vn 0.858709 0.229379 0.458262
vn 0.893424 0.132386 0.429264
vn 0.686398 0.006336 0.727198
vn 0.625997 0.096704 0.773806
vn 0.738874 0.427898 0.520546
vn 0.677410 0.459133 0.574728
vn 0.757972 0.578183 0.301965
vn 0.813448 0.533412 0.231891
vn 0.738874 0.427898 0.520546
vn 0.569453 0.303235 0.764050
vn 0.574608 0.386780 0.721268
vn 0.677410 0.459133 0.574728
vn 0.574608 0.386780 0.721268
vn 0.687699 0.173725 0.704904
vn 0.751811 0.223581 0.620316
vn 0.677410 0.459133 0.574728
vn 0.574608 0.386780 0.721268
vn 0.504501 0.406847 0.761547
vn 0.651884 0.226816 0.723603
vn 0.687699 0.173725 0.704904
vn 0.574608 0.386780 0.721268
vn 0.569453 0.303235 0.764050
vn 0.492481 0.279664 0.824167
vn 0.504501 0.406847 0.761547
vn 0.504501 0.406847 0.761547
vn 0.430882 0.429292 0.793756
vn 0.534391 0.275523 0.799070
vn 0.651884 0.226816 0.723603
vn 0.504501 0.406847 0.761547
vn 0.492481 0.279664 0.824167
vn 0.517839 0.323395 0.791997
vn 0.430882 0.429292 0.793756
vn 0.430882 0.429292 0.793756
vn 0.310129 0.392636 0.865827
vn 0.343928 0.283295 0.895242
vn 0.534391 0.275523 0.799070
vn 0.430882 0.429292 0.793756
vn 0.517839 0.323395 0.791997
vn 0.474228 0.286143 0.832605
vn 0.310129 0.392636 0.865827
vn 0.310129 0.392636 0.865827
vn 0.124157 0.332609 0.934856
vn 0.131439 0.262150 0.956034
vn 0.343928 0.283295 0.895242
vn 0.310129 0.392636 0.865827
vn 0.474228 0.286143 0.832605
vn 0.254212 0.085404 0.963370
vn 0.124157 0.332609 0.934856
vn 0.124157 0.332609 0.934856
vn 0.000000 0.308390 0.951260
vn -0.000000 0.247183 0.968969
vn 0.131439 0.262150 0.956034
vn 0.124157 0.332609 0.934856
vn 0.254212 0.085404 0.963370
vn -0.000000 0.056298 0.998414
vn 0.000000 0.308390 0.951260
vn -0.000000 0.247183 0.968969
vn -0.000000 0.183618 0.982998
vn 0.140330 0.182238 0.973189
vn 0.131439 0.262150 0.956034
vn -0.000000 0.183618 0.982998
vn 0.000000 0.022924 0.999737
vn 0.144058 0.043923 0.988594
vn 0.140330 0.182238 0.973189
vn 0.000000 0.022924 0.999737
vn 0.000000 -0.222693 0.974889
vn 0.064685 -0.199521 0.977756
vn 0.144058 0.043923 0.988594
vn 0.000000 -0.222693 0.974889
vn 0.000000 -0.178256 0.983984
vn 0.009302 -0.179172 0.983774
vn 0.064685 -0.199521 0.977756
vn 0.029695 -0.073538 0.996850
vn 0.000000 -0.035789 0.999359
vn 0.000000 -0.010675 0.999943
vn 0.132981 -0.044275 0.990129
vn 0.000000 -0.010675 0.999943
vn 0.000000 -0.100844 0.994902
vn 0.090206 -0.024215 0.995629
vn 0.132981 -0.044275 0.990129
vn 0.000000 -0.100844 0.994902
vn 0.000000 -0.171929 0.985109
vn 0.051987 -0.063413 0.996632
vn 0.090206 -0.024215 0.995629
vn 0.090206 -0.024215 0.995629
vn 0.220169 0.050962 0.974130
vn 0.308180 -0.068744 0.948841
vn 0.132981 -0.044275 0.990129
vn 0.090206 -0.024215 0.995629
vn 0.051987 -0.063413 0.996632
vn 0.187388 0.075333 0.979393
vn 0.220169 0.050962 0.974130
vn 0.187388 0.075333 0.979393
vn 0.051987 -0.063413 0.996632
vn 0.382268 -0.255936 0.887901
vn 0.520912 -0.251303 0.815780
vn 0.187388 0.075333 0.979393
vn 0.282248 0.187517 0.940837
vn 0.259107 0.127587 0.957385
vn 0.220169 0.050962 0.974130
vn 0.187388 0.075333 0.979393
vn 0.520912 -0.251303 0.815780
vn 0.731109 -0.016885 0.682052
vn 0.282248 0.187517 0.940837
vn 0.731109 -0.016885 0.682052
vn 0.520912 -0.251303 0.815780
vn 0.812269 -0.478926 0.332940
vn 0.950329 -0.190965 0.245778
vn 0.731109 -0.016885 0.682052
vn 0.799526 0.106432 0.591127
vn 0.351654 0.228594 0.907791
vn 0.282248 0.187517 0.940837
vn 0.731109 -0.016885 0.682052
vn 0.950329 -0.190965 0.245778
vn 0.984735 -0.033890 0.170731
vn 0.799526 0.106432 0.591127
vn 0.984735 -0.033890 0.170731
vn 0.950329 -0.190965 0.245778
vn 0.974940 -0.210415 0.072226
vn 0.997048 -0.058897 0.049262
vn 0.984735 -0.033890 0.170731
vn 0.987084 0.074254 0.141959
vn 0.814767 0.196924 0.545321
vn 0.799526 0.106432 0.591127
vn 0.984735 -0.033890 0.170731
vn 0.997048 -0.058897 0.049262
vn 0.998299 0.048787 0.031928
vn 0.987084 0.074254 0.141959
vn 0.998299 0.048787 0.031928
vn 0.997048 -0.058897 0.049262
vn 0.993940 -0.054915 -0.095222
vn 0.988996 0.041771 -0.141921
vn 0.998299 0.048787 0.031928
vn 0.979450 0.199903 0.026783
vn 0.967232 0.222910 0.121542
vn 0.987084 0.074254 0.141959
vn 0.998299 0.048787 0.031928
vn 0.988996 0.041771 -0.141921
vn 0.965589 0.185202 -0.182586
vn 0.979450 0.199903 0.026783
vn 0.965589 0.185202 -0.182586
vn 0.988996 0.041771 -0.141921
vn 0.345421 -0.004444 -0.938437
vn 0.307117 0.030000 -0.951199
vn 0.965589 0.185202 -0.182586
vn 0.942876 0.261565 -0.206324
vn 0.961571 0.272253 0.035483
vn 0.979450 0.199903 0.026783
vn 0.965589 0.185202 -0.182586
vn 0.307117 0.030000 -0.951199
vn 0.203059 0.053580 -0.977699
vn 0.942876 0.261565 -0.206324
vn 0.203059 0.053580 -0.977699
vn 0.307117 0.030000 -0.951199
vn -0.897048 -0.175045 -0.405788
vn -0.856523 -0.243116 -0.455262
vn 0.203059 0.053580 -0.977699
vn 0.243243 0.068200 -0.967565
vn 0.943537 0.263868 -0.200278
vn 0.942876 0.261565 -0.206324
vn 0.203059 0.053580 -0.977699
vn -0.856523 -0.243116 -0.455262
vn -0.841209 -0.218583 -0.494560
vn 0.243243 0.068200 -0.967565
vn -0.841209 -0.218583 -0.494560
vn -0.856523 -0.243116 -0.455262
vn -0.958625 -0.277032 -0.065506
vn -0.967898 -0.244247 -0.059302
vn -0.841209 -0.218583 -0.494560
vn -0.787419 -0.335844 -0.516896
vn 0.285895 0.126304 -0.949901
vn 0.243243 0.068200 -0.967565
vn -0.841209 -0.218583 -0.494560
vn -0.967898 -0.244247 -0.059302
vn -0.921239 -0.385885 -0.049107
vn -0.787419 -0.335844 -0.516896
vn -0.921239 -0.385885 -0.049107
vn -0.967898 -0.244247 -0.059302
vn -0.964647 -0.229247 -0.130009
vn -0.924736 -0.368472 -0.095351
vn -0.921239 -0.385885 -0.049107
vn -0.794521 -0.605073 -0.051219
vn -0.651905 -0.503861 -0.566695
vn -0.787419 -0.335844 -0.516896
vn -0.921239 -0.385885 -0.049107
vn -0.924736 -0.368472 -0.095351
vn -0.799955 -0.595684 -0.072335
vn -0.794521 -0.605073 -0.051219
vn -0.799955 -0.595684 -0.072335
vn -0.924736 -0.368472 -0.095351
vn -0.872286 -0.270064 -0.407654
vn -0.796790 -0.519605 -0.308441
vn -0.799955 -0.595684 -0.072335
vn -0.800730 -0.596540 -0.054508
vn -0.801592 -0.595722 -0.050644
vn -0.794521 -0.605073 -0.051219
vn -0.799955 -0.595684 -0.072335
vn -0.796790 -0.519605 -0.308441
vn -0.800366 -0.567618 -0.192936
vn -0.800730 -0.596540 -0.054508
vn -0.800366 -0.567618 -0.192936
vn -0.796790 -0.519605 -0.308441
vn -0.721006 -0.335320 -0.606391
vn -0.728704 -0.477222 -0.491172
vn -0.800366 -0.567618 -0.192936
vn -0.910902 -0.394856 -0.119777
vn -0.915826 -0.399313 -0.042559
vn -0.800730 -0.596540 -0.054508
vn -0.800366 -0.567618 -0.192936
vn -0.728704 -0.477222 -0.491172
vn -0.862475 -0.351461 -0.364159
vn -0.910902 -0.394856 -0.119777
vn -0.862475 -0.351461 -0.364159
vn -0.728704 -0.477222 -0.491172
vn -0.552120 -0.372445 -0.745955
vn -0.603321 -0.233680 -0.762494
vn -0.862475 -0.351461 -0.364159
vn -0.935548 -0.169922 -0.309639
vn -0.977910 -0.183882 -0.099394
vn -0.910902 -0.394856 -0.119777
vn -0.862475 -0.351461 -0.364159
vn -0.603321 -0.233680 -0.762494
vn -0.711499 -0.032772 -0.701922
vn -0.935548 -0.169922 -0.309639
vn -0.935548 -0.169922 -0.309639
vn -0.939069 -0.159807 -0.304322
vn -0.971735 -0.205350 -0.116456
vn -0.977910 -0.183882 -0.099394
vn -0.935548 -0.169922 -0.309639
vn -0.711499 -0.032772 -0.701922
vn -0.779310 -0.055717 -0.624157
vn -0.939069 -0.159807 -0.304322
vn -0.977910 -0.183882 -0.099394
vn -0.982246 -0.184724 -0.032698
vn -0.915826 -0.399313 -0.042559
vn -0.910902 -0.394856 -0.119777
vn -0.977910 -0.183882 -0.099394
vn -0.971735 -0.205350 -0.116456
vn -0.976179 -0.215043 -0.028837
vn -0.982246 -0.184724 -0.032698
vn -0.915826 -0.399313 -0.042559
vn -0.918092 -0.393753 -0.045444
vn -0.801592 -0.595722 -0.050644
vn -0.800730 -0.596540 -0.054508
vn -0.915826 -0.399313 -0.042559
vn -0.982246 -0.184724 -0.032698
vn -0.981362 -0.189617 -0.031220
vn -0.918092 -0.393753 -0.045444
vn -0.918092 -0.393753 -0.045444
vn -0.753317 -0.312933 -0.578435
vn -0.657328 -0.487814 -0.574420
vn -0.801592 -0.595722 -0.050644
vn -0.918092 -0.393753 -0.045444
vn -0.981362 -0.189617 -0.031220
vn -0.809807 -0.149889 -0.567227
vn -0.753317 -0.312933 -0.578435
vn -0.753317 -0.312933 -0.578435
vn 0.405822 0.166801 -0.898602
vn 0.325260 0.236518 -0.915568
vn -0.657328 -0.487814 -0.574420
vn -0.753317 -0.312933 -0.578435
vn -0.809807 -0.149889 -0.567227
vn 0.462404 0.100438 -0.880962
vn 0.405822 0.166801 -0.898602
vn 0.405822 0.166801 -0.898602
vn 0.927885 0.360785 -0.094150
vn 0.801918 0.586524 -0.113654
vn 0.325260 0.236518 -0.915568
vn 0.405822 0.166801 -0.898602
vn 0.462404 0.100438 -0.880962
vn 0.978139 0.178890 -0.106035
vn 0.927885 0.360785 -0.094150
vn 0.927885 0.360785 -0.094150
vn 0.936458 0.348627 0.038801
vn 0.804924 0.591664 0.045065
vn 0.801918 0.586524 -0.113654
vn 0.927885 0.360785 -0.094150
vn 0.978139 0.178890 -0.106035
vn 0.985307 0.168719 0.026529
vn 0.936458 0.348627 0.038801
vn 0.804924 0.591664 0.045065
vn 0.781253 0.622976 0.039292
vn 0.778600 0.606276 -0.161900
vn 0.801918 0.586524 -0.113654
vn 0.804924 0.591664 0.045065
vn 0.810828 0.579540 0.081797
vn 0.773477 0.626778 0.094246
vn 0.781253 0.622976 0.039292
vn 0.804924 0.591664 0.045065
vn 0.936458 0.348627 0.038801
vn 0.940968 0.332189 0.065036
vn 0.810828 0.579540 0.081797
vn 0.773477 0.626778 0.094246
vn 0.901076 0.417453 0.117454
vn 0.906830 0.417779 0.055856
vn 0.781253 0.622976 0.039292
vn 0.773477 0.626778 0.094246
vn 0.757972 0.578183 0.301965
vn 0.863107 0.355146 0.359051
vn 0.901076 0.417453 0.117454
vn 0.773477 0.626778 0.094246
vn 0.810828 0.579540 0.081797
vn 0.813448 0.533412 0.231891
vn 0.757972 0.578183 0.301965
vn 0.863107 0.355146 0.359051
vn 0.884657 0.244282 0.397126
vn 0.949823 0.286938 0.124509
vn 0.901076 0.417453 0.117454
vn 0.863107 0.355146 0.359051
vn 0.751811 0.223581 0.620316
vn 0.727471 0.119951 0.675572
vn 0.884657 0.244282 0.397126
vn 0.863107 0.355146 0.359051
vn 0.757972 0.578183 0.301965
vn 0.677410 0.459133 0.574728
vn 0.751811 0.223581 0.620316
vn 0.727471 0.119951 0.675572
vn 0.614719 0.144915 0.775320
vn 0.855925 0.252627 0.451189
vn 0.884657 0.244282 0.397126
vn 0.727471 0.119951 0.675572
vn 0.718150 0.042008 0.694619
vn 0.654014 0.039993 0.755425
vn 0.614719 0.144915 0.775320
vn 0.727471 0.119951 0.675572
vn 0.751811 0.223581 0.620316
vn 0.687699 0.173725 0.704904
vn 0.718150 0.042008 0.694619
vn 0.718150 0.042008 0.694619
vn 0.743110 0.083843 0.663896
vn 0.777202 0.038243 0.628088
vn 0.654014 0.039993 0.755425
vn 0.718150 0.042008 0.694619
vn 0.687699 0.173725 0.704904
vn 0.651884 0.226816 0.723603
vn 0.743110 0.083843 0.663896
vn 0.743110 0.083843 0.663896
vn 0.614324 0.143592 0.775878
vn 0.642384 0.072204 0.762974
vn 0.777202 0.038243 0.628088
vn 0.743110 0.083843 0.663896
vn 0.651884 0.226816 0.723603
vn 0.534391 0.275523 0.799070
vn 0.614324 0.143592 0.775878
vn 0.614324 0.143592 0.775878
vn 0.383550 0.173500 0.907076
vn 0.392051 0.073206 0.917026
vn 0.642384 0.072204 0.762974
vn 0.614324 0.143592 0.775878
vn 0.534391 0.275523 0.799070
vn 0.343928 0.283295 0.895242
vn 0.383550 0.173500 0.907076
vn 0.383550 0.173500 0.907076
vn 0.140330 0.182238 0.973189
vn 0.144058 0.043923 0.988594
vn 0.392051 0.073206 0.917026
vn 0.383550 0.173500 0.907076
vn 0.343928 0.283295 0.895242
vn 0.131439 0.262150 0.956034
vn 0.140330 0.182238 0.973189
vn 0.392051 0.073206 0.917026
vn 0.371933 -0.079715 0.924830
vn 0.626377 -0.013243 0.779408
vn 0.642384 0.072204 0.762974
vn 0.392051 0.073206 0.917026
vn 0.144058 0.043923 0.988594
vn 0.064685 -0.199521 0.977756
vn 0.371933 -0.079715 0.924830
vn 0.371933 -0.079715 0.924830
vn 0.325972 -0.114717 0.938393
vn 0.609527 -0.010252 0.792699
vn 0.626377 -0.013243 0.779408
vn 0.371933 -0.079715 0.924830
vn 0.064685 -0.199521 0.977756
vn 0.009302 -0.179172 0.983774
vn 0.325972 -0.114717 0.938393
vn 0.299253 -0.072184 0.951439
vn 0.029695 -0.073538 0.996850
vn 0.132981 -0.044275 0.990129
vn 0.308180 -0.068744 0.948841
vn 0.580813 0.008761 0.813990
vn 0.609527 -0.010252 0.792699
vn 0.325972 -0.114717 0.938393
vn 0.299253 -0.072184 0.951439
vn 0.626377 -0.013243 0.779408
vn 0.609527 -0.010252 0.792699
vn 0.768110 0.050146 0.638351
vn 0.783835 0.015414 0.620778
vn 0.626377 -0.013243 0.779408
vn 0.783835 0.015414 0.620778
vn 0.777202 0.038243 0.628088
vn 0.642384 0.072204 0.762974
vn 0.783835 0.015414 0.620778
vn 0.768110 0.050146 0.638351
vn 0.540616 0.204677 0.815991
vn 0.581166 0.101407 0.807442
vn 0.783835 0.015414 0.620778
vn 0.581166 0.101407 0.807442
vn 0.654014 0.039993 0.755425
vn 0.777202 0.038243 0.628088
vn 0.581166 0.101407 0.807442
vn 0.540616 0.204677 0.815991
vn 0.395170 0.276108 0.876131
vn 0.480071 0.250338 0.840751
vn 0.581166 0.101407 0.807442
vn 0.480071 0.250338 0.840751
vn 0.614719 0.144915 0.775320
vn 0.654014 0.039993 0.755425
vn 0.395170 0.276108 0.876131
vn 0.351654 0.228594 0.907791
vn 0.799526 0.106432 0.591127
vn 0.814767 0.196924 0.545321
vn 0.395170 0.276108 0.876131
vn 0.540616 0.204677 0.815991
vn 0.398931 0.207191 0.893267
vn 0.351654 0.228594 0.907791
vn 0.395170 0.276108 0.876131
vn 0.814767 0.196924 0.545321
vn 0.829404 0.284756 0.480628
vn 0.480071 0.250338 0.840751
vn 0.829404 0.284756 0.480628
vn 0.814767 0.196924 0.545321
vn 0.987084 0.074254 0.141959
vn 0.967232 0.222910 0.121542
vn 0.829404 0.284756 0.480628
vn 0.855925 0.252627 0.451189
vn 0.614719 0.144915 0.775320
vn 0.480071 0.250338 0.840751
vn 0.829404 0.284756 0.480628
vn 0.967232 0.222910 0.121542
vn 0.953653 0.275222 0.121649
vn 0.855925 0.252627 0.451189
vn 0.953653 0.275222 0.121649
vn 0.967232 0.222910 0.121542
vn 0.979450 0.199903 0.026783
vn 0.961571 0.272253 0.035483
vn 0.953653 0.275222 0.121649
vn 0.949823 0.286938 0.124509
vn 0.884657 0.244282 0.397126
vn 0.855925 0.252627 0.451189
vn 0.953653 0.275222 0.121649
vn 0.961571 0.272253 0.035483
vn 0.959094 0.277095 0.057940
vn 0.949823 0.286938 0.124509
vn 0.959094 0.277095 0.057940
vn 0.961571 0.272253 0.035483
vn 0.942876 0.261565 -0.206324
vn 0.943537 0.263868 -0.200278
vn 0.959094 0.277095 0.057940
vn 0.906830 0.417779 0.055856
vn 0.901076 0.417453 0.117454
vn 0.949823 0.286938 0.124509
vn 0.959094 0.277095 0.057940
vn 0.943537 0.263868 -0.200278
vn 0.892051 0.407513 -0.195392
vn 0.906830 0.417779 0.055856
vn 0.892051 0.407513 -0.195392
vn 0.943537 0.263868 -0.200278
vn 0.243243 0.068200 -0.967565
vn 0.285895 0.126304 -0.949901
vn 0.892051 0.407513 -0.195392
vn 0.778600 0.606276 -0.161900
vn 0.781253 0.622976 0.039292
vn 0.906830 0.417779 0.055856
vn 0.892051 0.407513 -0.195392
vn 0.285895 0.126304 -0.949901
vn 0.317327 0.234069 -0.918975
vn 0.778600 0.606276 -0.161900
vn 0.317327 0.234069 -0.918975
vn 0.285895 0.126304 -0.949901
vn -0.787419 -0.335844 -0.516896
vn -0.651905 -0.503861 -0.566695
vn 0.317327 0.234069 -0.918975
vn 0.325260 0.236518 -0.915568
vn 0.801918 0.586524 -0.113654
vn 0.778600 0.606276 -0.161900
vn 0.317327 0.234069 -0.918975
vn -0.651905 -0.503861 -0.566695
vn -0.657328 -0.487814 -0.574420
vn 0.325260 0.236518 -0.915568
vn -0.657328 -0.487814 -0.574420
vn -0.651905 -0.503861 -0.566695
vn -0.794521 -0.605073 -0.051219
vn -0.801592 -0.595722 -0.050644
vn -0.721006 -0.335320 -0.606391
vn -0.728343 -0.107039 -0.676800
vn -0.740824 -0.050034 -0.669833
vn -0.672233 -0.227789 -0.704426
vn -0.721006 -0.335320 -0.606391
vn -0.796790 -0.519605 -0.308441
vn -0.872286 -0.270064 -0.407654
vn -0.728343 -0.107039 -0.676800
vn -0.721006 -0.335320 -0.606391
vn -0.672233 -0.227789 -0.704426
vn -0.552120 -0.372445 -0.745955
vn -0.728704 -0.477222 -0.491172
vn -0.728343 -0.107039 -0.676800
vn -0.644386 -0.047975 -0.763194
vn -0.748729 -0.001979 -0.662873
vn -0.740824 -0.050034 -0.669833
vn -0.728343 -0.107039 -0.676800
vn -0.872286 -0.270064 -0.407654
vn -0.854851 -0.166992 -0.491267
vn -0.644386 -0.047975 -0.763194
vn -0.854851 -0.166992 -0.491267
vn -0.721988 -0.284542 -0.630689
vn -0.500052 -0.174210 -0.848292
vn -0.644386 -0.047975 -0.763194
vn -0.854851 -0.166992 -0.491267
vn -0.964647 -0.229247 -0.130009
vn -0.943793 -0.288612 -0.161115
vn -0.721988 -0.284542 -0.630689
vn -0.854851 -0.166992 -0.491267
vn -0.872286 -0.270064 -0.407654
vn -0.924736 -0.368472 -0.095351
vn -0.964647 -0.229247 -0.130009
vn -0.943793 -0.288612 -0.161115
vn -0.966115 -0.198077 -0.165490
vn -0.667315 -0.291622 -0.685309
vn -0.721988 -0.284542 -0.630689
vn -0.943793 -0.288612 -0.161115
vn -0.958625 -0.277032 -0.065506
vn -0.981777 -0.186231 -0.037834
vn -0.966115 -0.198077 -0.165490
vn -0.943793 -0.288612 -0.161115
vn -0.964647 -0.229247 -0.130009
vn -0.967898 -0.244247 -0.059302
vn -0.958625 -0.277032 -0.065506
vn -0.981777 -0.186231 -0.037834
vn -0.999440 -0.023522 -0.023818
vn -0.985280 -0.050558 -0.163299
vn -0.966115 -0.198077 -0.165490
vn -0.981777 -0.186231 -0.037834
vn -0.897048 -0.175045 -0.405788
vn -0.936168 -0.037672 -0.349529
vn -0.999440 -0.023522 -0.023818
vn -0.981777 -0.186231 -0.037834
vn -0.958625 -0.277032 -0.065506
vn -0.856523 -0.243116 -0.455262
vn -0.897048 -0.175045 -0.405788
vn -0.936168 -0.037672 -0.349529
vn -0.945594 0.038947 -0.323009
vn -0.998258 0.048919 -0.032972
vn -0.999440 -0.023522 -0.023818
vn -0.936168 -0.037672 -0.349529
vn 0.345421 -0.004444 -0.938437
vn 0.445032 -0.043418 -0.894462
vn -0.945594 0.038947 -0.323009
vn -0.936168 -0.037672 -0.349529
vn -0.897048 -0.175045 -0.405788
vn 0.307117 0.030000 -0.951199
vn 0.345421 -0.004444 -0.938437
vn 0.445032 -0.043418 -0.894462
vn 0.558476 -0.123197 -0.820321
vn -0.934285 0.189886 -0.301752
vn -0.945594 0.038947 -0.323009
vn 0.445032 -0.043418 -0.894462
vn 0.993940 -0.054915 -0.095222
vn 0.976497 -0.206164 -0.062845
vn 0.558476 -0.123197 -0.820321
vn 0.445032 -0.043418 -0.894462
vn 0.345421 -0.004444 -0.938437
vn 0.988996 0.041771 -0.141921
vn 0.993940 -0.054915 -0.095222
vn 0.976497 -0.206164 -0.062845
vn 0.880978 -0.470595 -0.049180
vn 0.547299 -0.290858 -0.784771
vn 0.558476 -0.123197 -0.820321
vn 0.976497 -0.206164 -0.062845
vn 0.974940 -0.210415 0.072226
vn 0.870125 -0.485989 0.081833
vn 0.880978 -0.470595 -0.049180
vn 0.976497 -0.206164 -0.062845
vn 0.993940 -0.054915 -0.095222
vn 0.997048 -0.058897 0.049262
vn 0.974940 -0.210415 0.072226
vn 0.870125 -0.485989 0.081833
vn 0.770092 -0.632694 0.081584
vn 0.778433 -0.627066 -0.028823
vn 0.880978 -0.470595 -0.049180
vn 0.870125 -0.485989 0.081833
vn 0.812269 -0.478926 0.332940
vn 0.716259 -0.584324 0.381496
vn 0.770092 -0.632694 0.081584
vn 0.870125 -0.485989 0.081833
vn 0.974940 -0.210415 0.072226
vn 0.950329 -0.190965 0.245778
vn 0.812269 -0.478926 0.332940
vn 0.716259 -0.584324 0.381496
vn 0.858281 -0.301797 0.415057
vn 0.916564 -0.385539 0.106158
vn 0.770092 -0.632694 0.081584
vn 0.716259 -0.584324 0.381496
vn 0.382268 -0.255936 0.887901
vn 0.523209 -0.243715 0.816612
vn 0.858281 -0.301797 0.415057
vn 0.716259 -0.584324 0.381496
vn 0.812269 -0.478926 0.332940
vn 0.520912 -0.251303 0.815780
vn 0.382268 -0.255936 0.887901
vn 0.858281 -0.301797 0.415057
vn 0.900869 -0.156736 0.404807
vn 0.987481 -0.105519 0.117248
vn 0.916564 -0.385539 0.106158
vn 0.858281 -0.301797 0.415057
vn 0.523209 -0.243715 0.816612
vn 0.499327 -0.255341 0.827933
vn 0.900869 -0.156736 0.404807
vn 0.499327 -0.255341 0.827933
vn 0.463848 -0.370825 0.804571
vn 0.854402 -0.351540 0.382644
vn 0.900869 -0.156736 0.404807
vn 0.499327 -0.255341 0.827933
vn -0.030709 -0.240401 0.970188
vn -0.012638 -0.252174 0.967599
vn 0.463848 -0.370825 0.804571
vn 0.499327 -0.255341 0.827933
vn 0.523209 -0.243715 0.816612
vn -0.018570 -0.229866 0.973045
vn -0.030709 -0.240401 0.970188
vn -0.030709 -0.240401 0.970188
vn 0.000000 -0.197509 0.980301
vn 0.000000 -0.195418 0.980720
vn -0.012638 -0.252174 0.967599
vn -0.030709 -0.240401 0.970188
vn -0.018570 -0.229866 0.973045
vn 0.000000 -0.237073 0.971492
vn 0.000000 -0.197509 0.980301
vn 0.000000 -0.195418 0.980720
vn 0.000000 -0.306054 0.952014
vn -0.028150 -0.288836 0.956965
vn -0.012638 -0.252174 0.967599
vn 0.000000 -0.306054 0.952014
vn 0.000000 -0.474314 0.880355
vn -0.082339 -0.417897 0.904755
vn -0.028150 -0.288836 0.956965
vn 0.000000 -0.474314 0.880355
vn 0.000000 -0.415667 0.909517
vn -0.155796 -0.398185 0.903978
vn -0.082339 -0.417897 0.904755
vn 0.000000 -0.415667 0.909517
vn 0.000000 -0.149019 0.988834
vn -0.162982 -0.148227 0.975431
vn -0.155796 -0.398185 0.903978
vn 0.000000 -0.149019 0.988834
vn 0.000000 -0.065077 0.997880
vn -0.141120 -0.067831 0.987666
vn -0.162982 -0.148227 0.975431
vn 0.000000 -0.065077 0.997880
vn 0.000000 -0.123471 0.992348
vn -0.146172 -0.114354 0.982628
vn -0.141120 -0.067831 0.987666
vn 0.000000 -0.123471 0.992348
vn 0.000000 -0.064388 0.997925
vn -0.154499 -0.064308 0.985898
vn -0.146172 -0.114354 0.982628
vn 0.000000 -0.064388 0.997925
vn -0.000000 0.002371 0.999997
vn -0.161927 0.010038 0.986752
vn -0.154499 -0.064308 0.985898
vn -0.000000 0.002371 0.999997
vn -0.000000 0.332682 0.943039
vn -0.116504 0.330550 0.936570
vn -0.161927 0.010038 0.986752
vn -0.000000 0.332682 0.943039
vn -0.000000 0.783458 0.621444
vn -0.026368 0.746667 0.664676
vn -0.116504 0.330550 0.936570
vn -0.000000 0.783458 0.621444
vn -0.000000 0.872902 0.487895
vn 0.043761 0.864244 0.501165
vn -0.026368 0.746667 0.664676
vn -0.000000 0.872902 0.487895
vn -0.000000 0.413893 0.910326
vn 0.051878 0.458489 0.887184
vn 0.043761 0.864244 0.501165
vn -0.000000 0.413893 0.910326
vn 0.000000 -0.468177 0.883635
vn 0.061756 -0.503743 0.861643
vn 0.051878 0.458489 0.887184
vn 0.000000 -0.468177 0.883635
vn 0.000001 -0.921290 0.388876
vn 0.108544 -0.922117 0.371375
vn 0.061756 -0.503743 0.861643
vn 0.000001 -0.921290 0.388876
vn 0.000001 -0.997239 0.074262
vn 0.096992 -0.990601 0.096446
vn 0.108544 -0.922117 0.371375
vn 0.000001 -0.997239 0.074262
vn 0.000000 -0.999941 0.010824
vn 0.048064 -0.998372 0.030706
vn 0.096992 -0.990601 0.096446
vn 0.000000 -0.999941 0.010824
vn 0.000000 -0.999999 -0.001494
vn 0.020454 -0.999785 0.003440
vn 0.048064 -0.998372 0.030706
vn 0.000000 -0.999999 -0.001494
vn 0.000000 -0.997173 -0.075133
vn 0.014590 -0.997071 -0.075077
vn 0.020454 -0.999785 0.003440
vn 0.000000 -0.997173 -0.075133
vn 0.000000 -0.596556 -0.802571
vn 0.020737 -0.571567 -0.820294
vn 0.014590 -0.997071 -0.075077
vn 0.000000 -0.596556 -0.802571
vn 0.000000 0.849024 -0.528355
vn 0.003777 0.855098 -0.518453
vn 0.020737 -0.571567 -0.820294
vn 0.000000 0.849024 -0.528355
vn 0.000000 0.999999 0.001037
vn -0.010536 0.999935 -0.004464
vn 0.003777 0.855098 -0.518453
vn 0.000000 0.999999 0.001037
vn 0.000000 0.999983 -0.005761
vn -0.026818 0.999514 -0.015900
vn -0.010536 0.999935 -0.004464
vn 0.000000 0.999983 -0.005761
vn 0.000000 0.999842 -0.017798
vn -0.065867 0.997005 -0.040520
vn -0.026818 0.999514 -0.015900
vn 0.000000 0.999842 -0.017798
vn 0.000000 0.991948 -0.126650
vn -0.114470 0.985583 -0.124589
vn -0.065867 0.997005 -0.040520
vn 0.000000 0.991948 -0.126650
vn 0.000000 0.816229 -0.577728
vn -0.165927 0.820618 -0.546859
vn -0.114470 0.985583 -0.124589
vn 0.000000 0.816229 -0.577728
vn 0.000000 -0.141812 -0.989894
vn -0.156907 -0.212592 -0.964461
vn -0.165927 0.820618 -0.546859
vn 0.000000 -0.141812 -0.989894
vn -0.000001 -0.885505 -0.464630
vn -0.032798 -0.877603 -0.478264
vn -0.156907 -0.212592 -0.964461
vn -0.000001 -0.885505 -0.464630
vn 0.000000 -0.792805 -0.609476
vn 0.071721 -0.834329 -0.546581
vn -0.032798 -0.877603 -0.478264
vn 0.000000 -0.792805 -0.609476
vn 0.000000 -0.368359 -0.929684
vn 0.199023 -0.418121 -0.886321
vn 0.071721 -0.834329 -0.546581
vn 0.000000 -0.368359 -0.929684
vn 0.000000 -0.071264 -0.997458
vn 0.221317 -0.067486 -0.972864
vn 0.199023 -0.418121 -0.886321
vn 0.000000 -0.071264 -0.997458
vn 0.000000 0.056267 -0.998416
vn 0.211676 0.049911 -0.976065
vn 0.221317 -0.067486 -0.972864
vn 0.000000 0.056267 -0.998416
vn 0.000000 0.120997 -0.992653
vn 0.187550 0.110502 -0.976020
vn 0.211676 0.049911 -0.976065
vn 0.000000 0.120997 -0.992653
vn 0.000000 0.070294 -0.997526
vn 0.173158 0.071405 -0.982302
vn 0.187550 0.110502 -0.976020
vn 0.000000 0.070294 -0.997526
vn 0.000000 0.128084 -0.991763
vn 0.191552 0.126327 -0.973319
vn 0.173158 0.071405 -0.982302
vn 0.000000 0.128084 -0.991763
vn 0.000000 0.403773 -0.914859
vn 0.183410 0.378918 -0.907073
vn 0.191552 0.126327 -0.973319
vn 0.000000 0.403773 -0.914859
vn 0.000000 0.488814 -0.872388
vn 0.099781 0.432028 -0.896323
vn 0.183410 0.378918 -0.907073
vn 0.000000 0.488814 -0.872388
vn 0.000000 0.290730 -0.956805
vn 0.034264 0.299486 -0.953485
vn 0.099781 0.432028 -0.896323
vn 0.000000 0.290730 -0.956805
vn 0.000000 0.187890 -0.982190
vn 0.004462 0.257168 -0.966356
vn 0.034264 0.299486 -0.953485
vn 0.000000 0.187890 -0.982190
vn 0.000000 0.202919 -0.979196
vn 0.034175 0.233119 -0.971848
vn 0.004462 0.257168 -0.966356
vn 0.000000 0.202919 -0.979196
vn 0.000000 0.190982 -0.981593
vn 0.007292 0.185810 -0.982559
vn 0.034175 0.233119 -0.971848
vn 0.034175 0.233119 -0.971848
vn -0.589859 0.223778 -0.775880
vn -0.582573 0.361125 -0.728147
vn 0.004462 0.257168 -0.966356
vn 0.034175 0.233119 -0.971848
vn 0.007292 0.185810 -0.982559
vn -0.501769 0.261234 -0.824612
vn -0.589859 0.223778 -0.775880
vn -0.589859 0.223778 -0.775880
vn -0.948798 0.131274 -0.287315
vn -0.922593 0.287931 -0.256744
vn -0.582573 0.361125 -0.728147
vn -0.589859 0.223778 -0.775880
vn -0.501769 0.261234 -0.824612
vn -0.875432 0.390407 -0.284958
vn -0.948798 0.131274 -0.287315
vn -0.875432 0.390407 -0.284958
vn -0.904635 0.419302 -0.076296
vn -0.990240 0.119910 -0.071031
vn -0.948798 0.131274 -0.287315
vn -0.875432 0.390407 -0.284958
vn -0.743438 0.617308 -0.257354
vn -0.772937 0.631808 -0.058194
vn -0.904635 0.419302 -0.076296
vn -0.875432 0.390407 -0.284958
vn -0.501769 0.261234 -0.824612
vn -0.448532 0.300802 -0.841628
vn -0.743438 0.617308 -0.257354
vn -0.743438 0.617308 -0.257354
vn -0.846104 0.473854 -0.244071
vn -0.873271 0.484779 -0.048853
vn -0.772937 0.631808 -0.058194
vn -0.743438 0.617308 -0.257354
vn -0.448532 0.300802 -0.841628
vn -0.548619 0.179000 -0.816686
vn -0.846104 0.473854 -0.244071
vn -0.548619 0.179000 -0.816686
vn -0.448532 0.300802 -0.841628
vn -0.100188 0.046781 -0.993868
vn -0.179418 -0.134034 -0.974599
vn -0.548619 0.179000 -0.816686
vn -0.686255 -0.061892 -0.724723
vn -0.963902 0.179854 -0.196331
vn -0.846104 0.473854 -0.244071
vn -0.548619 0.179000 -0.816686
vn -0.179418 -0.134034 -0.974599
vn -0.220866 -0.219564 -0.950268
vn -0.686255 -0.061892 -0.724723
vn -0.686255 -0.061892 -0.724723
vn -0.719092 -0.141141 -0.680431
vn -0.987635 0.008937 -0.156518
vn -0.963902 0.179854 -0.196331
vn -0.686255 -0.061892 -0.724723
vn -0.220866 -0.219564 -0.950268
vn -0.307098 -0.175986 -0.935265
vn -0.719092 -0.141141 -0.680431
vn -0.719092 -0.141141 -0.680431
vn -0.699239 -0.170649 -0.694222
vn -0.985280 -0.050558 -0.163299
vn -0.987635 0.008937 -0.156518
vn -0.719092 -0.141141 -0.680431
vn -0.307098 -0.175986 -0.935265
vn -0.351078 -0.215678 -0.911168
vn -0.699239 -0.170649 -0.694222
vn -0.699239 -0.170649 -0.694222
vn -0.667315 -0.291622 -0.685309
vn -0.966115 -0.198077 -0.165490
vn -0.985280 -0.050558 -0.163299
vn -0.699239 -0.170649 -0.694222
vn -0.351078 -0.215678 -0.911168
vn -0.465351 -0.245413 -0.850424
vn -0.667315 -0.291622 -0.685309
vn -0.987635 0.008937 -0.156518
vn -0.998258 0.048919 -0.032972
vn -0.976981 0.209463 -0.040414
vn -0.963902 0.179854 -0.196331
vn -0.987635 0.008937 -0.156518
vn -0.985280 -0.050558 -0.163299
vn -0.999440 -0.023522 -0.023818
vn -0.998258 0.048919 -0.032972
vn -0.976981 0.209463 -0.040414
vn -0.873271 0.484779 -0.048853
vn -0.846104 0.473854 -0.244071
vn -0.963902 0.179854 -0.196331
vn -0.976981 0.209463 -0.040414
vn -0.934285 0.189886 -0.301752
vn -0.845856 0.442313 -0.298139
vn -0.873271 0.484779 -0.048853
vn -0.976981 0.209463 -0.040414
vn -0.998258 0.048919 -0.032972
vn -0.945594 0.038947 -0.323009
vn -0.934285 0.189886 -0.301752
vn -0.845856 0.442313 -0.298139
vn -0.751312 0.594602 -0.286321
vn -0.772937 0.631808 -0.058194
vn -0.873271 0.484779 -0.048853
vn -0.845856 0.442313 -0.298139
vn 0.547299 -0.290858 -0.784771
vn 0.433584 -0.352149 -0.829455
vn -0.751312 0.594602 -0.286321
vn -0.845856 0.442313 -0.298139
vn -0.934285 0.189886 -0.301752
vn 0.558476 -0.123197 -0.820321
vn 0.547299 -0.290858 -0.784771
vn 0.433584 -0.352149 -0.829455
vn 0.395415 -0.166697 -0.903249
vn -0.863338 0.410251 -0.293837
vn -0.751312 0.594602 -0.286321
vn 0.433584 -0.352149 -0.829455
vn 0.778433 -0.627066 -0.028823
vn 0.911096 -0.412140 -0.006687
vn 0.395415 -0.166697 -0.903249
vn 0.433584 -0.352149 -0.829455
vn 0.547299 -0.290858 -0.784771
vn 0.880978 -0.470595 -0.049180
vn 0.778433 -0.627066 -0.028823
vn 0.911096 -0.412140 -0.006687
vn 0.993925 -0.110033 -0.002317
vn 0.590744 -0.038190 -0.805955
vn 0.395415 -0.166697 -0.903249
vn 0.911096 -0.412140 -0.006687
vn 0.916564 -0.385539 0.106158
vn 0.987481 -0.105519 0.117248
vn 0.993925 -0.110033 -0.002317
vn 0.911096 -0.412140 -0.006687
vn 0.778433 -0.627066 -0.028823
vn 0.770092 -0.632694 0.081584
vn 0.916564 -0.385539 0.106158
vn 0.993925 -0.110033 -0.002317
vn 0.968901 -0.247153 -0.012103
vn 0.692137 -0.150408 -0.705921
vn 0.590744 -0.038190 -0.805955
vn 0.993925 -0.110033 -0.002317
vn 0.987481 -0.105519 0.117248
vn 0.956458 -0.273173 0.102784
vn 0.968901 -0.247153 -0.012103
vn 0.956458 -0.273173 0.102784
vn 0.895275 -0.435893 0.092092
vn 0.907733 -0.419432 -0.009895
vn 0.968901 -0.247153 -0.012103
vn 0.956458 -0.273173 0.102784
vn 0.854402 -0.351540 0.382644
vn 0.822706 -0.437759 0.362658
vn 0.895275 -0.435893 0.092092
vn 0.956458 -0.273173 0.102784
vn 0.987481 -0.105519 0.117248
vn 0.900869 -0.156736 0.404807
vn 0.854402 -0.351540 0.382644
vn 0.822706 -0.437759 0.362658
vn 0.888731 -0.287351 0.357193
vn 0.955591 -0.277517 0.099146
vn 0.895275 -0.435893 0.092092
vn 0.822706 -0.437759 0.362658
vn 0.481179 -0.361168 0.798764
vn 0.505505 -0.349124 0.789036
vn 0.888731 -0.287351 0.357193
vn 0.822706 -0.437759 0.362658
vn 0.854402 -0.351540 0.382644
vn 0.463848 -0.370825 0.804571
vn 0.481179 -0.361168 0.798764
vn 0.481179 -0.361168 0.798764
vn -0.028150 -0.288836 0.956965
vn -0.082339 -0.417897 0.904755
vn 0.505505 -0.349124 0.789036
vn 0.481179 -0.361168 0.798764
vn 0.463848 -0.370825 0.804571
vn -0.012638 -0.252174 0.967599
vn -0.028150 -0.288836 0.956965
vn 0.505505 -0.349124 0.789036
vn 0.497965 -0.314614 0.808114
vn 0.913213 -0.120036 0.389401
vn 0.888731 -0.287351 0.357193
vn 0.505505 -0.349124 0.789036
vn -0.082339 -0.417897 0.904755
vn -0.155796 -0.398185 0.903978
vn 0.497965 -0.314614 0.808114
vn 0.497965 -0.314614 0.808114
vn 0.437014 -0.103463 0.893484
vn 0.896240 0.027260 0.442731
vn 0.913213 -0.120036 0.389401
vn 0.497965 -0.314614 0.808114
vn -0.155796 -0.398185 0.903978
vn -0.162982 -0.148227 0.975431
vn 0.437014 -0.103463 0.893484
vn 0.437014 -0.103463 0.893484
vn 0.410449 -0.057915 0.910043
vn 0.891067 -0.026627 0.453090
vn 0.896240 0.027260 0.442731
vn 0.437014 -0.103463 0.893484
vn -0.162982 -0.148227 0.975431
vn -0.141120 -0.067831 0.987666
vn 0.410449 -0.057915 0.910043
vn 0.410449 -0.057915 0.910043
vn 0.393231 -0.118579 0.911761
vn 0.890743 -0.121129 0.438069
vn 0.891067 -0.026627 0.453090
vn 0.410449 -0.057915 0.910043
vn -0.141120 -0.067831 0.987666
vn -0.146172 -0.114354 0.982628
vn 0.393231 -0.118579 0.911761
vn 0.393231 -0.118579 0.911761
vn 0.412145 -0.074673 0.908053
vn 0.911422 -0.071074 0.405289
vn 0.890743 -0.121129 0.438069
vn 0.393231 -0.118579 0.911761
vn -0.146172 -0.114354 0.982628
vn -0.154499 -0.064308 0.985898
vn 0.412145 -0.074673 0.908053
vn 0.412145 -0.074673 0.908053
vn 0.448725 -0.004680 0.893658
vn 0.926848 -0.043574 0.372900
vn 0.911422 -0.071074 0.405289
vn 0.412145 -0.074673 0.908053
vn -0.154499 -0.064308 0.985898
vn -0.161927 0.010038 0.986752
vn 0.448725 -0.004680 0.893658
vn 0.448725 -0.004680 0.893658
vn 0.531914 0.217819 0.818305
vn 0.945825 0.054325 0.320099
vn 0.926848 -0.043574 0.372900
vn 0.448725 -0.004680 0.893658
vn -0.161927 0.010038 0.986752
vn -0.116504 0.330550 0.936570
vn 0.531914 0.217819 0.818305
vn 0.926848 -0.043574 0.372900
vn 0.945825 0.054325 0.320099
vn 0.996648 0.001084 0.081804
vn 0.995628 -0.054608 0.075786
vn 0.926848 -0.043574 0.372900
vn 0.995628 -0.054608 0.075786
vn 0.994924 -0.065151 0.076696
vn 0.911422 -0.071074 0.405289
vn 0.994924 -0.065151 0.076696
vn 0.995628 -0.054608 0.075786
vn 0.996489 -0.060309 -0.058068
vn 0.997144 -0.060810 -0.044782
vn 0.994924 -0.065151 0.076696
vn 0.988021 -0.128067 0.086104
vn 0.890743 -0.121129 0.438069
vn 0.911422 -0.071074 0.405289
vn 0.994924 -0.065151 0.076696
vn 0.997144 -0.060810 -0.044782
vn 0.990468 -0.130735 -0.043385
vn 0.988021 -0.128067 0.086104
vn 0.990468 -0.130735 -0.043385
vn 0.997144 -0.060810 -0.044782
vn 0.514045 -0.033896 -0.857093
vn 0.530319 -0.063100 -0.845447
vn 0.990468 -0.130735 -0.043385
vn 0.999179 -0.023336 -0.033117
vn 0.994475 -0.016076 0.103738
vn 0.988021 -0.128067 0.086104
vn 0.990468 -0.130735 -0.043385
vn 0.530319 -0.063100 -0.845447
vn 0.636024 -0.006898 -0.771639
vn 0.999179 -0.023336 -0.033117
vn 0.636024 -0.006898 -0.771639
vn 0.530319 -0.063100 -0.845447
vn -0.863508 0.112620 -0.491600
vn -0.844969 0.026946 -0.534137
vn 0.636024 -0.006898 -0.771639
vn 0.602111 0.073478 -0.795024
vn 0.994966 0.098734 -0.017155
vn 0.999179 -0.023336 -0.033117
vn 0.636024 -0.006898 -0.771639
vn -0.844969 0.026946 -0.534137
vn -0.856754 -0.072558 -0.510596
vn 0.602111 0.073478 -0.795024
vn -0.856754 -0.072558 -0.510596
vn -0.844969 0.026946 -0.534137
vn -0.998464 0.018273 -0.052307
vn -0.994418 -0.091090 -0.053259
vn -0.856754 -0.072558 -0.510596
vn -0.882985 0.033644 -0.468194
vn 0.569101 0.001244 -0.822267
vn 0.602111 0.073478 -0.795024
vn -0.856754 -0.072558 -0.510596
vn -0.994418 -0.091090 -0.053259
vn -0.998253 0.031389 -0.050048
vn -0.882985 0.033644 -0.468194
vn -0.998253 0.031389 -0.050048
vn -0.994418 -0.091090 -0.053259
vn -0.955290 -0.045663 -0.292123
vn -0.967129 0.090979 -0.237456
vn -0.998253 0.031389 -0.050048
vn -0.960726 0.272859 -0.050530
vn -0.868268 0.254806 -0.425658
vn -0.882985 0.033644 -0.468194
vn -0.998253 0.031389 -0.050048
vn -0.967129 0.090979 -0.237456
vn -0.932407 0.281963 -0.226085
vn -0.960726 0.272859 -0.050530
vn -0.932407 0.281963 -0.226085
vn -0.967129 0.090979 -0.237456
vn -0.601011 0.286576 -0.746096
vn -0.588470 0.361433 -0.723235
vn -0.932407 0.281963 -0.226085
vn -0.869483 0.435043 -0.233959
vn -0.905825 0.421031 -0.047063
vn -0.960726 0.272859 -0.050530
vn -0.932407 0.281963 -0.226085
vn -0.588470 0.361433 -0.723235
vn -0.547234 0.398429 -0.736064
vn -0.869483 0.435043 -0.233959
vn -0.547234 0.398429 -0.736064
vn -0.588470 0.361433 -0.723235
vn 0.099781 0.432028 -0.896323
vn 0.034264 0.299486 -0.953485
vn -0.547234 0.398429 -0.736064
vn -0.582573 0.361125 -0.728147
vn -0.922593 0.287931 -0.256744
vn -0.869483 0.435043 -0.233959
vn -0.547234 0.398429 -0.736064
vn 0.034264 0.299486 -0.953485
vn 0.004462 0.257168 -0.966356
vn -0.582573 0.361125 -0.728147
vn -0.869483 0.435043 -0.233959
vn -0.922593 0.287931 -0.256744
vn -0.968639 0.242916 -0.052256
vn -0.905825 0.421031 -0.047063
vn -0.968639 0.242916 -0.052256
vn -0.891190 0.234714 -0.388188
vn -0.827717 0.390136 -0.403334
vn -0.905825 0.421031 -0.047063
vn -0.968639 0.242916 -0.052256
vn -0.990240 0.119910 -0.071031
vn -0.936196 0.131788 -0.325837
vn -0.891190 0.234714 -0.388188
vn -0.968639 0.242916 -0.052256
vn -0.922593 0.287931 -0.256744
vn -0.948798 0.131274 -0.287315
vn -0.990240 0.119910 -0.071031
vn -0.936196 0.131788 -0.325837
vn 0.590744 -0.038190 -0.805955
vn 0.692137 -0.150408 -0.705921
vn -0.891190 0.234714 -0.388188
vn -0.936196 0.131788 -0.325837
vn -0.863338 0.410251 -0.293837
vn 0.395415 -0.166697 -0.903249
vn 0.590744 -0.038190 -0.805955
vn -0.936196 0.131788 -0.325837
vn -0.990240 0.119910 -0.071031
vn -0.904635 0.419302 -0.076296
vn -0.863338 0.410251 -0.293837
vn -0.891190 0.234714 -0.388188
vn 0.692137 -0.150408 -0.705921
vn 0.583351 -0.235553 -0.777314
vn -0.827717 0.390136 -0.403334
vn 0.583351 -0.235553 -0.777314
vn 0.543926 -0.122153 -0.830195
vn -0.868268 0.254806 -0.425658
vn -0.827717 0.390136 -0.403334
vn 0.583351 -0.235553 -0.777314
vn 0.907733 -0.419432 -0.009895
vn 0.962273 -0.272084 0.001099
vn 0.543926 -0.122153 -0.830195
vn 0.583351 -0.235553 -0.777314
vn 0.692137 -0.150408 -0.705921
vn 0.968901 -0.247153 -0.012103
vn 0.907733 -0.419432 -0.009895
vn 0.962273 -0.272084 0.001099
vn 0.999742 -0.022481 -0.003184
vn 0.569101 0.001244 -0.822267
vn 0.543926 -0.122153 -0.830195
vn 0.962273 -0.272084 0.001099
vn 0.955591 -0.277517 0.099146
vn 0.993998 -0.030474 0.105070
vn 0.999742 -0.022481 -0.003184
vn 0.962273 -0.272084 0.001099
vn 0.907733 -0.419432 -0.009895
vn 0.895275 -0.435893 0.092092
vn 0.955591 -0.277517 0.099146
vn 0.993998 -0.030474 0.105070
vn 0.989485 0.092363 0.111303
vn 0.994966 0.098734 -0.017155
vn 0.999742 -0.022481 -0.003184
vn 0.993998 -0.030474 0.105070
vn 0.913213 -0.120036 0.389401
vn 0.896240 0.027260 0.442731
vn 0.989485 0.092363 0.111303
vn 0.993998 -0.030474 0.105070
vn 0.955591 -0.277517 0.099146
vn 0.888731 -0.287351 0.357193
vn 0.913213 -0.120036 0.389401
vn 0.989485 0.092363 0.111303
vn 0.994475 -0.016076 0.103738
vn 0.999179 -0.023336 -0.033117
vn 0.994966 0.098734 -0.017155
vn 0.989485 0.092363 0.111303
vn 0.896240 0.027260 0.442731
vn 0.891067 -0.026627 0.453090
vn 0.994475 -0.016076 0.103738
vn 0.999742 -0.022481 -0.003184
vn 0.994966 0.098734 -0.017155
vn 0.602111 0.073478 -0.795024
vn 0.569101 0.001244 -0.822267
vn 0.543926 -0.122153 -0.830195
vn 0.569101 0.001244 -0.822267
vn -0.882985 0.033644 -0.468194
vn -0.868268 0.254806 -0.425658
vn -0.827717 0.390136 -0.403334
vn -0.868268 0.254806 -0.425658
vn -0.960726 0.272859 -0.050530
vn -0.905825 0.421031 -0.047063
vn -0.601011 0.286576 -0.746096
vn -0.519494 0.074687 -0.851204
vn 0.191552 0.126327 -0.973319
vn 0.183410 0.378918 -0.907073
vn -0.601011 0.286576 -0.746096
vn -0.967129 0.090979 -0.237456
vn -0.955290 -0.045663 -0.292123
vn -0.519494 0.074687 -0.851204
vn -0.601011 0.286576 -0.746096
vn 0.183410 0.378918 -0.907073
vn 0.099781 0.432028 -0.896323
vn -0.588470 0.361433 -0.723235
vn -0.519494 0.074687 -0.851204
vn -0.458549 0.064922 -0.886295
vn 0.173158 0.071405 -0.982302
vn 0.191552 0.126327 -0.973319
vn -0.519494 0.074687 -0.851204
vn -0.955290 -0.045663 -0.292123
vn -0.945637 0.027311 -0.324074
vn -0.458549 0.064922 -0.886295
vn -0.945637 0.027311 -0.324074
vn -0.936090 0.124421 -0.329022
vn -0.413116 0.126122 -0.901903
vn -0.458549 0.064922 -0.886295
vn -0.945637 0.027311 -0.324074
vn -0.998464 0.018273 -0.052307
vn -0.990796 0.126124 -0.049160
vn -0.936090 0.124421 -0.329022
vn -0.945637 0.027311 -0.324074
vn -0.955290 -0.045663 -0.292123
vn -0.994418 -0.091090 -0.053259
vn -0.998464 0.018273 -0.052307
vn -0.990796 0.126124 -0.049160
vn -0.996684 0.059102 -0.055935
vn -0.944530 0.065372 -0.321853
vn -0.936090 0.124421 -0.329022
vn -0.990796 0.126124 -0.049160
vn -0.863508 0.112620 -0.491600
vn -0.869987 0.046809 -0.490848
vn -0.996684 0.059102 -0.055935
vn -0.990796 0.126124 -0.049160
vn -0.998464 0.018273 -0.052307
vn -0.844969 0.026946 -0.534137
vn -0.863508 0.112620 -0.491600
vn -0.869987 0.046809 -0.490848
vn -0.875310 0.058953 -0.479956
vn -0.996309 0.064468 -0.056676
vn -0.996684 0.059102 -0.055935
vn -0.869987 0.046809 -0.490848
vn 0.514045 -0.033896 -0.857093
vn 0.488476 -0.034418 -0.871898
vn -0.875310 0.058953 -0.479956
vn -0.869987 0.046809 -0.490848
vn -0.863508 0.112620 -0.491600
vn 0.530319 -0.063100 -0.845447
vn 0.514045 -0.033896 -0.857093
vn 0.488476 -0.034418 -0.871898
vn 0.345148 0.026703 -0.938168
vn -0.897016 -0.045596 -0.439641
vn -0.875310 0.058953 -0.479956
vn 0.488476 -0.034418 -0.871898
vn 0.996489 -0.060309 -0.058068
vn 0.996422 0.013436 -0.083444
vn 0.345148 0.026703 -0.938168
vn 0.488476 -0.034418 -0.871898
vn 0.514045 -0.033896 -0.857093
vn 0.997144 -0.060810 -0.044782
vn 0.996489 -0.060309 -0.058068
vn 0.996422 0.013436 -0.083444
vn 0.942785 0.316051 -0.106150
vn 0.305936 0.112570 -0.945373
vn 0.345148 0.026703 -0.938168
vn 0.996422 0.013436 -0.083444
vn 0.996648 0.001084 0.081804
vn 0.949098 0.308072 0.065600
vn 0.942785 0.316051 -0.106150
vn 0.996422 0.013436 -0.083444
vn 0.996489 -0.060309 -0.058068
vn 0.995628 -0.054608 0.075786
vn 0.996648 0.001084 0.081804
vn 0.949098 0.308072 0.065600
vn 0.861101 0.507052 0.037458
vn 0.864967 0.481751 -0.140528
vn 0.942785 0.316051 -0.106150
vn 0.949098 0.308072 0.065600
vn 0.909191 0.350895 0.224153
vn 0.833961 0.539297 0.116908
vn 0.861101 0.507052 0.037458
vn 0.949098 0.308072 0.065600
vn 0.996648 0.001084 0.081804
vn 0.945825 0.054325 0.320099
vn 0.909191 0.350895 0.224153
vn 0.861101 0.507052 0.037458
vn 0.989113 0.143755 0.031469
vn 0.977778 0.144834 -0.151570
vn 0.864967 0.481751 -0.140528
vn 0.861101 0.507052 0.037458
vn 0.833961 0.539297 0.116908
vn 0.982910 0.159592 0.091750
vn 0.989113 0.143755 0.031469
vn 0.982910 0.159592 0.091750
vn 0.701804 -0.708446 0.074673
vn 0.719863 -0.693954 0.015020
vn 0.989113 0.143755 0.031469
vn 0.982910 0.159592 0.091750
vn 0.975870 0.150841 0.157873
vn 0.666160 -0.735438 0.123942
vn 0.701804 -0.708446 0.074673
vn 0.982910 0.159592 0.091750
vn 0.833961 0.539297 0.116908
vn 0.774673 0.597274 0.207715
vn 0.975870 0.150841 0.157873
vn 0.975870 0.150841 0.157873
vn 0.946593 0.117696 0.300182
vn 0.583893 -0.775559 0.239952
vn 0.666160 -0.735438 0.123942
vn 0.975870 0.150841 0.157873
vn 0.774673 0.597274 0.207715
vn 0.664467 0.663300 0.344263
vn 0.946593 0.117696 0.300182
vn 0.666160 -0.735438 0.123942
vn 0.023018 -0.996445 0.081043
vn 0.100196 -0.994064 0.042392
vn 0.701804 -0.708446 0.074673
vn 0.666160 -0.735438 0.123942
vn 0.583893 -0.775559 0.239952
vn -0.110252 -0.975227 0.191771
vn 0.023018 -0.996445 0.081043
vn 0.023018 -0.996445 0.081043
vn -0.037487 -0.993333 0.109019
vn -0.032230 -0.998432 0.045761
vn 0.100196 -0.994064 0.042392
vn 0.023018 -0.996445 0.081043
vn -0.110252 -0.975227 0.191771
vn -0.077680 -0.953445 0.291389
vn -0.037487 -0.993333 0.109019
vn -0.077680 -0.953445 0.291389
vn 0.108544 -0.922117 0.371375
vn 0.096992 -0.990601 0.096446
vn -0.037487 -0.993333 0.109019
vn -0.077680 -0.953445 0.291389
vn -0.118157 -0.546366 0.829170
vn 0.061756 -0.503743 0.861643
vn 0.108544 -0.922117 0.371375
vn -0.077680 -0.953445 0.291389
vn -0.110252 -0.975227 0.191771
vn -0.206846 -0.658552 0.723550
vn -0.118157 -0.546366 0.829170
vn -0.118157 -0.546366 0.829170
vn -0.206846 -0.658552 0.723550
vn 0.342814 0.467957 0.814552
vn 0.116733 0.508102 0.853350
vn -0.118157 -0.546366 0.829170
vn 0.116733 0.508102 0.853350
vn 0.051878 0.458489 0.887184
vn 0.061756 -0.503743 0.861643
vn 0.116733 0.508102 0.853350
vn 0.342814 0.467957 0.814552
vn 0.664467 0.663300 0.344263
vn 0.301110 0.824597 0.478929
vn 0.116733 0.508102 0.853350
vn 0.301110 0.824597 0.478929
vn 0.043761 0.864244 0.501165
vn 0.051878 0.458489 0.887184
vn 0.301110 0.824597 0.478929
vn 0.664467 0.663300 0.344263
vn 0.774673 0.597274 0.207715
vn 0.525142 0.663630 0.532749
vn 0.301110 0.824597 0.478929
vn 0.525142 0.663630 0.532749
vn -0.026368 0.746667 0.664676
vn 0.043761 0.864244 0.501165
vn -0.037487 -0.993333 0.109019
vn 0.096992 -0.990601 0.096446
vn 0.048064 -0.998372 0.030706
vn -0.032230 -0.998432 0.045761
vn -0.032230 -0.998432 0.045761
vn 0.048064 -0.998372 0.030706
vn 0.020454 -0.999785 0.003440
vn -0.027458 -0.999613 0.004481
vn -0.032230 -0.998432 0.045761
vn -0.027458 -0.999613 0.004481
vn 0.133395 -0.991063 0.000041
vn 0.100196 -0.994064 0.042392
vn 0.133395 -0.991063 0.000041
vn -0.027458 -0.999613 0.004481
vn -0.016590 -0.996068 -0.087026
vn 0.124361 -0.989034 -0.079661
vn 0.133395 -0.991063 0.000041
vn 0.719863 -0.693954 0.015020
vn 0.701804 -0.708446 0.074673
vn 0.100196 -0.994064 0.042392
vn 0.133395 -0.991063 0.000041
vn 0.124361 -0.989034 -0.079661
vn 0.731244 -0.675316 -0.096076
vn 0.719863 -0.693954 0.015020
vn -0.016590 -0.996068 -0.087026
vn 0.014590 -0.997071 -0.075077
vn 0.020737 -0.571567 -0.820294
vn 0.016250 -0.526385 -0.850091
vn -0.016590 -0.996068 -0.087026
vn -0.027458 -0.999613 0.004481
vn 0.020454 -0.999785 0.003440
vn 0.014590 -0.997071 -0.075077
vn -0.016590 -0.996068 -0.087026
vn 0.016250 -0.526385 -0.850091
vn -0.008850 -0.532340 -0.846484
vn 0.124361 -0.989034 -0.079661
vn 0.719863 -0.693954 0.015020
vn 0.731244 -0.675316 -0.096076
vn 0.977778 0.144834 -0.151570
vn 0.989113 0.143755 0.031469
vn 0.864967 0.481751 -0.140528
vn 0.977778 0.144834 -0.151570
vn 0.409185 0.159855 -0.898340
vn 0.343236 0.232552 -0.910005
vn 0.864967 0.481751 -0.140528
vn 0.343236 0.232552 -0.910005
vn 0.305936 0.112570 -0.945373
vn 0.942785 0.316051 -0.106150
vn 0.305936 0.112570 -0.945373
vn 0.343236 0.232552 -0.910005
vn -0.816964 -0.263090 -0.513180
vn -0.838069 -0.338818 -0.427601
vn 0.305936 0.112570 -0.945373
vn -0.838069 -0.338818 -0.427601
vn -0.897016 -0.045596 -0.439641
vn 0.345148 0.026703 -0.938168
vn -0.838069 -0.338818 -0.427601
vn -0.816964 -0.263090 -0.513180
vn -0.970018 -0.241611 -0.026267
vn -0.907266 -0.417215 -0.052918
vn -0.838069 -0.338818 -0.427601
vn -0.907266 -0.417215 -0.052918
vn -0.994451 -0.086900 -0.059296
vn -0.897016 -0.045596 -0.439641
vn -0.994451 -0.086900 -0.059296
vn -0.907266 -0.417215 -0.052918
vn -0.879652 -0.461064 -0.116758
vn -0.959807 -0.183257 -0.212574
vn -0.994451 -0.086900 -0.059296
vn -0.996309 0.064468 -0.056676
vn -0.875310 0.058953 -0.479956
vn -0.897016 -0.045596 -0.439641
vn -0.994451 -0.086900 -0.059296
vn -0.959807 -0.183257 -0.212574
vn -0.954943 0.039550 -0.294142
vn -0.996309 0.064468 -0.056676
vn -0.954943 0.039550 -0.294142
vn -0.959807 -0.183257 -0.212574
vn -0.521565 -0.419727 -0.742832
vn -0.421655 -0.039427 -0.905899
vn -0.954943 0.039550 -0.294142
vn -0.944530 0.065372 -0.321853
vn -0.996684 0.059102 -0.055935
vn -0.996309 0.064468 -0.056676
vn -0.954943 0.039550 -0.294142
vn -0.421655 -0.039427 -0.905899
vn -0.397715 0.064079 -0.915269
vn -0.944530 0.065372 -0.321853
vn -0.397715 0.064079 -0.915269
vn -0.421655 -0.039427 -0.905899
vn 0.221317 -0.067486 -0.972864
vn 0.211676 0.049911 -0.976065
vn -0.397715 0.064079 -0.915269
vn -0.413116 0.126122 -0.901903
vn -0.936090 0.124421 -0.329022
vn -0.944530 0.065372 -0.321853
vn -0.397715 0.064079 -0.915269
vn 0.211676 0.049911 -0.976065
vn 0.187550 0.110502 -0.976020
vn -0.413116 0.126122 -0.901903
vn -0.421655 -0.039427 -0.905899
vn -0.521565 -0.419727 -0.742832
vn 0.199023 -0.418121 -0.886321
vn 0.221317 -0.067486 -0.972864
vn -0.907266 -0.417215 -0.052918
vn -0.970018 -0.241611 -0.026267
vn -0.977810 -0.186948 -0.094536
vn -0.879652 -0.461064 -0.116758
vn -0.977810 -0.186948 -0.094536
vn -0.488352 0.870683 -0.058515
vn -0.386881 0.914493 -0.118432
vn -0.978347 -0.103918 -0.178990
vn -0.977810 -0.186948 -0.094536
vn -0.970018 -0.241611 -0.026267
vn -0.547434 0.836848 -0.001234
vn -0.488352 0.870683 -0.058515
vn -0.977810 -0.186948 -0.094536
vn -0.978347 -0.103918 -0.178990
vn -0.807206 -0.536769 -0.245555
vn -0.879652 -0.461064 -0.116758
vn -0.488352 0.870683 -0.058515
vn 0.026149 0.999395 -0.022925
vn 0.030756 0.997427 -0.064752
vn -0.386881 0.914493 -0.118432
vn -0.488352 0.870683 -0.058515
vn -0.547434 0.836848 -0.001234
vn 0.015386 0.999876 -0.003291
vn 0.026149 0.999395 -0.022925
vn 0.026149 0.999395 -0.022925
vn -0.026818 0.999514 -0.015900
vn -0.065867 0.997005 -0.040520
vn 0.030756 0.997427 -0.064752
vn 0.026149 0.999395 -0.022925
vn 0.015386 0.999876 -0.003291
vn -0.010536 0.999935 -0.004464
vn -0.026818 0.999514 -0.015900
vn 0.030756 0.997427 -0.064752
vn -0.065867 0.997005 -0.040520
vn -0.114470 0.985583 -0.124589
vn 0.027137 0.991517 -0.127114
vn 0.030756 0.997427 -0.064752
vn 0.027137 0.991517 -0.127114
vn -0.307339 0.926650 -0.216477
vn -0.386881 0.914493 -0.118432
vn -0.386881 0.914493 -0.118432
vn -0.307339 0.926650 -0.216477
vn -0.950278 0.024374 -0.310447
vn -0.978347 -0.103918 -0.178990
vn -0.978347 -0.103918 -0.178990
vn -0.950278 0.024374 -0.310447
vn -0.716067 -0.616140 -0.328054
vn -0.807206 -0.536769 -0.245555
vn -0.413116 0.126122 -0.901903
vn 0.187550 0.110502 -0.976020
vn 0.173158 0.071405 -0.982302
vn -0.458549 0.064922 -0.886295
vn 0.994475 -0.016076 0.103738
vn 0.891067 -0.026627 0.453090
vn 0.890743 -0.121129 0.438069
vn 0.988021 -0.128067 0.086104
vn -0.863338 0.410251 -0.293837
vn -0.904635 0.419302 -0.076296
vn -0.772937 0.631808 -0.058194
vn -0.751312 0.594602 -0.286321
vn -0.179418 -0.134034 -0.974599
vn -0.100188 0.046781 -0.993868
vn -0.121581 0.007836 -0.992551
vn -0.282693 -0.047271 -0.958045
vn -0.179418 -0.134034 -0.974599
vn -0.282693 -0.047271 -0.958045
vn -0.347827 -0.080199 -0.934122
vn -0.220866 -0.219564 -0.950268
vn -0.032798 -0.877603 -0.478264
vn -0.158739 -0.834283 -0.527991
vn -0.193668 -0.199557 -0.960557
vn -0.156907 -0.212592 -0.964461
vn -0.032798 -0.877603 -0.478264
vn 0.071721 -0.834329 -0.546581
vn -0.278440 -0.768914 -0.575537
vn -0.158739 -0.834283 -0.527991
vn -0.156907 -0.212592 -0.964461
vn -0.193668 -0.199557 -0.960557
vn -0.063136 0.824412 -0.562457
vn -0.165927 0.820618 -0.546859
vn -0.165927 0.820618 -0.546859
vn -0.063136 0.824412 -0.562457
vn 0.027137 0.991517 -0.127114
vn -0.114470 0.985583 -0.124589
vn -0.010536 0.999935 -0.004464
vn 0.015386 0.999876 -0.003291
vn 0.023068 0.861910 -0.506536
vn 0.003777 0.855098 -0.518453
vn 0.003777 0.855098 -0.518453
vn 0.023068 0.861910 -0.506536
vn 0.016250 -0.526385 -0.850091
vn 0.020737 -0.571567 -0.820294
vn -0.667315 -0.291622 -0.685309
vn -0.465351 -0.245413 -0.850424
vn -0.500052 -0.174210 -0.848292
vn -0.721988 -0.284542 -0.630689
vn -0.740824 -0.050034 -0.669833
vn -0.748729 -0.001979 -0.662873
vn -0.747168 -0.006334 -0.664605
vn -0.729783 -0.069679 -0.680119
vn -0.740824 -0.050034 -0.669833
vn -0.729783 -0.069679 -0.680119
vn -0.630487 -0.245034 -0.736509
vn -0.672233 -0.227789 -0.704426
vn -0.630487 -0.245034 -0.736509
vn -0.729783 -0.069679 -0.680119
vn -0.517220 -0.079376 -0.852164
vn -0.460002 -0.263194 -0.848014
vn -0.630487 -0.245034 -0.736509
vn -0.465263 -0.378837 -0.800008
vn -0.552120 -0.372445 -0.745955
vn -0.672233 -0.227789 -0.704426
vn -0.630487 -0.245034 -0.736509
vn -0.460002 -0.263194 -0.848014
vn -0.401368 -0.393769 -0.826952
vn -0.465263 -0.378837 -0.800008
vn -0.517220 -0.079376 -0.852164
vn -0.510898 0.059389 -0.857588
vn -0.131586 0.167668 -0.977022
vn -0.178805 -0.031931 -0.983366
vn -0.517220 -0.079376 -0.852164
vn -0.729783 -0.069679 -0.680119
vn -0.747168 -0.006334 -0.664605
vn -0.510898 0.059389 -0.857588
vn -0.517220 -0.079376 -0.852164
vn -0.178805 -0.031931 -0.983366
vn -0.195872 -0.252511 -0.947561
vn -0.460002 -0.263194 -0.848014
vn -0.195872 -0.252511 -0.947561
vn -0.178805 -0.031931 -0.983366
vn 0.000000 0.023025 -0.999735
vn 0.000000 -0.235582 -0.971855
vn -0.195872 -0.252511 -0.947561
vn -0.215283 -0.329002 -0.919462
vn -0.401368 -0.393769 -0.826952
vn -0.460002 -0.263194 -0.848014
vn -0.195872 -0.252511 -0.947561
vn 0.000000 -0.235582 -0.971855
vn 0.000000 -0.284283 -0.958741
vn -0.215283 -0.329002 -0.919462
vn 0.000000 -0.284283 -0.958741
vn 0.000000 -0.123914 -0.992293
vn -0.426189 -0.233126 -0.874080
vn -0.215283 -0.329002 -0.919462
vn -0.215283 -0.329002 -0.919462
vn -0.426189 -0.233126 -0.874080
vn -0.530465 -0.353983 -0.770262
vn -0.401368 -0.393769 -0.826952
vn 0.000000 0.023025 -0.999735
vn -0.178805 -0.031931 -0.983366
vn -0.131586 0.167668 -0.977022
vn 0.000000 0.213343 -0.976977
vn 0.000000 0.213343 -0.976977
vn -0.131586 0.167668 -0.977022
vn -0.096065 0.150139 -0.983987
vn 0.000000 0.163175 -0.986597
vn -0.096065 0.150139 -0.983987
vn -0.075656 0.031165 -0.996647
vn 0.000000 0.016683 -0.999861
vn 0.000000 0.163175 -0.986597
vn -0.096065 0.150139 -0.983987
vn -0.467794 0.037081 -0.883059
vn -0.303569 0.012260 -0.952731
vn -0.075656 0.031165 -0.996647
vn -0.096065 0.150139 -0.983987
vn -0.131586 0.167668 -0.977022
vn -0.510898 0.059389 -0.857588
vn -0.467794 0.037081 -0.883059
vn -0.075656 0.031165 -0.996647
vn -0.146709 0.021912 -0.988937
vn 0.000000 -0.006263 -0.999980
vn 0.000000 0.016683 -0.999861
vn -0.075656 0.031165 -0.996647
vn -0.303569 0.012260 -0.952731
vn -0.312510 0.054770 -0.948334
vn -0.146709 0.021912 -0.988937
vn -0.146709 0.021912 -0.988937
vn -0.121581 0.007836 -0.992551
vn 0.000000 0.080754 -0.996734
vn 0.000000 -0.006263 -0.999980
vn -0.146709 0.021912 -0.988937
vn -0.312510 0.054770 -0.948334
vn -0.282693 -0.047271 -0.958045
vn -0.121581 0.007836 -0.992551
vn -0.510898 0.059389 -0.857588
vn -0.747168 -0.006334 -0.664605
vn -0.742748 -0.051775 -0.667566
vn -0.467794 0.037081 -0.883059
vn 0.351654 0.228594 0.907791
vn 0.398931 0.207191 0.893267
vn 0.259107 0.127587 0.957385
vn 0.282248 0.187517 0.940837
vn 0.259107 0.127587 0.957385
vn 0.398931 0.207191 0.893267
vn 0.497465 -0.016284 0.867331
vn -0.971735 -0.205350 -0.116456
vn -0.939069 -0.159807 -0.304322
vn -0.840411 -0.429464 -0.330560
vn -0.854869 -0.500577 -0.136460
vn -0.854869 -0.500577 -0.136460
vn -0.840411 -0.429464 -0.330560
vn -0.550083 -0.710398 -0.439025
vn -0.575370 -0.805189 -0.143594
vn -0.000000 0.970221 0.242223
vn 0.000000 0.800040 0.599946
vn 0.459076 0.714585 0.527843
vn 0.513062 0.829172 0.221905
vn 0.000000 0.800040 0.599946
vn -0.000000 0.439315 0.898333
vn 0.405808 0.436936 0.802750
vn 0.459076 0.714585 0.527843
vn -0.000000 0.439315 0.898333
vn 0.000000 0.076807 0.997046
vn 0.449150 0.061250 0.891354
vn 0.405808 0.436936 0.802750
vn 0.000000 0.076807 0.997046
vn 0.000000 -0.108123 0.994137
vn 0.472885 -0.083947 0.877116
vn 0.449150 0.061250 0.891354
vn 0.000000 -0.108123 0.994137
vn 0.000000 0.022014 0.999758
vn 0.514069 0.045992 0.856515
vn 0.472885 -0.083947 0.877116
vn 0.472885 -0.083947 0.877116
vn 0.514069 0.045992 0.856515
vn 0.625997 0.096704 0.773806
vn 0.686398 0.006336 0.727198
vn 0.472885 -0.083947 0.877116
vn 0.686398 0.006336 0.727198
vn 0.723692 0.092332 0.683918
vn 0.449150 0.061250 0.891354
vn -0.485072 -0.002301 -0.874471
vn -0.779310 -0.055717 -0.624157
vn -0.711499 -0.032772 -0.701922
vn -0.517893 0.063129 -0.853113
vn 0.517839 0.323395 0.791997
vn 0.603952 0.247354 0.757666
vn 0.639934 0.225267 0.734669
vn 0.474228 0.286143 0.832605
vn 0.000000 0.349981 0.936757
vn 0.000000 0.397407 0.917642
vn 0.639934 0.225267 0.734669
vn 0.603952 0.247354 0.757666
vn 0.000000 -0.356910 -0.934139
vn -0.530465 -0.353983 -0.770262
vn -0.426189 -0.233126 -0.874080
vn 0.000000 -0.211503 -0.977377
vn -0.303569 0.012260 -0.952731
vn -0.573064 -0.113046 -0.811676
vn -0.485051 -0.045639 -0.873294
vn -0.312510 0.054770 -0.948334
vn -0.351078 -0.215678 -0.911168
vn -0.307098 -0.175986 -0.935265
vn -0.485051 -0.045639 -0.873294
vn -0.573064 -0.113046 -0.811676
vn 0.497465 -0.016284 0.867331
vn 0.398931 0.207191 0.893267
vn 0.720554 0.100267 0.686111
vn 0.580813 0.008761 0.813990
vn 0.259107 0.127587 0.957385
vn 0.497465 -0.016284 0.867331
vn 0.308180 -0.068744 0.948841
vn 0.220169 0.050962 0.974130
vn -0.260384 0.126963 0.957121
vn -0.499203 -0.015533 0.866346
vn -0.398008 0.207218 0.893672
vn -0.260384 0.126963 0.957121
vn -0.220646 0.050842 0.974028
vn -0.309179 -0.068913 0.948504
vn -0.499203 -0.015533 0.866346
vn 0.325972 -0.114717 0.938393
vn 0.009302 -0.179172 0.983774
vn 0.029695 -0.073538 0.996850
vn 0.299253 -0.072184 0.951439
vn 0.000000 -0.178256 0.983984
vn 0.000000 -0.035789 0.999359
vn 0.029695 -0.073538 0.996850
vn 0.009302 -0.179172 0.983774
vn 0.000000 -0.178256 0.983984
vn -0.009302 -0.179172 0.983774
vn -0.029696 -0.073538 0.996850
vn 0.000000 -0.035789 0.999359
vn -0.324046 -0.115275 0.938992
vn -0.295619 -0.072936 0.952518
vn -0.301228 -0.065314 0.951313
vn -0.029696 -0.073538 0.996850
vn -0.009302 -0.179172 0.983774
vn 0.580813 0.008761 0.813990
vn 0.299253 -0.072184 0.951439
vn 0.308180 -0.068744 0.948841
vn 0.497465 -0.016284 0.867331
vn -0.580308 0.008871 0.814349
vn -0.295619 -0.072936 0.952518
vn -0.324046 -0.115275 0.938992
vn -0.609972 -0.010159 0.792358
s off
g polySurface2 GROB
usemtl initialShadingGroup
f 1/1/1 20/2/2 21/3/3 22/4/4
f 1/1/5 22/4/6 3/5/7 23/6/8
f 1/1/9 23/6/10 24/7/11 20/2/12
f 2/8/13 25/9/14 26/10/15 27/11/16
f 2/8/17 4/12/18 28/13/19 25/9/20
f 2/8/21 27/11/22 29/14/23 4/12/24
f 3/15/25 30/16/26 31/17/27 32/18/28
f 3/5/29 33/19/30 34/20/31 23/6/32
f 3/15/33 32/18/34 35/21/35 33/22/36
f 3/23/37 22/24/38 36/25/39 30/26/40
f 4/27/41 29/28/42 37/29/43 28/30/44
f 5/31/45 38/32/46 39/33/47 40/34/48
f 5/31/49 40/34/50 41/35/51 42/36/52
f 5/31/53 42/36/54 43/37/55 38/32/56
f 6/38/57 40/34/58 39/33/59 44/39/60
f 6/38/61 44/39/62 45/40/63 46/41/64
f 6/38/65 46/41/66 41/35/67 40/34/68
f 7/42/69 47/43/70 48/44/71 49/45/72
f 7/42/73 50/46/74 51/47/75 45/40/76
f 7/42/77 45/40/78 44/39/79 47/43/80
f 8/48/81 52/49/82 53/50/83 54/51/84
f 8/48/85 55/52/86 56/53/87 57/54/88
f 8/48/89 54/51/90 58/55/91 55/52/92
f 9/56/93 59/57/94 60/58/95 61/59/96
f 63/60/97 64/61/98 59/57/99 9/56/100
f 9/56/101 61/59/102 62/62/103 63/60/104
f 10/63/105 65/64/106 66/65/107 67/66/108
f 10/63/109 68/67/110 69/68/111 70/69/112
f 10/63/113 70/69/114 71/70/115 65/64/116
f 11/71/117 72/72/118 73/73/119 74/74/120
f 11/71/121 74/74/122 75/75/123 76/76/124
f 12/77/125 77/78/126 78/79/127 79/80/128
f 81/81/129 82/82/130 77/78/131 12/77/132
f 12/77/133 79/80/134 80/83/135 81/81/136
f 13/84/137 83/85/138 84/86/139 85/87/140
f 13/84/141 85/87/142 86/88/143 87/89/144
f 14/90/145 80/83/146 79/80/147 88/91/148
f 14/90/149 88/91/150 89/92/151 90/93/152
f 14/90/153 90/93/154 91/94/155 80/83/156
f 15/95/157 92/96/158 93/97/159 94/98/160
f 15/95/161 94/98/162 95/99/163 96/100/164
f 15/95/165 96/100/166 97/101/167 92/96/168
f 98/102/169 99/103/170 100/104/171
f 16/105/172 101/106/173 102/107/174 103/108/175
f 16/105/176 104/109/177 105/110/178 101/106/179
f 16/105/180 103/108/181 106/111/182 107/112/183
f 16/105/184 108/113/185 109/114/186 104/109/187
f 17/115/188 110/116/189 111/117/190 112/118/191
f 17/115/192 113/119/193 114/120/194 110/116/195
f 17/115/196 115/121/197 116/122/198 113/119/199
f 18/123/200 117/124/201 118/125/202 119/126/203
f 18/123/204 120/127/205 121/128/206 117/124/207
f 18/123/208 119/126/209 122/129/210 120/127/211
f 19/130/212 123/131/213 124/132/214 125/133/215
f 19/130/216 126/134/217 127/135/218 123/131/219
f 19/130/220 125/133/221 128/136/222 126/134/223
f 128/136/224 129/137/225 130/138/226 131/139/227
f 128/136/228 131/139/229 132/140/230 126/134/231
f 128/136/232 125/133/233 133/141/234 129/137/235
f 133/141/236 134/142/237 135/143/238 129/137/239
f 133/141/240 125/133/241 124/132/242 136/144/243
f 133/141/244 136/144/245 137/145/246 134/142/247
f 137/145/248 138/146/249 139/147/250 134/142/251
f 137/145/252 136/144/253 140/148/254 141/149/255
f 137/145/256 141/149/257 142/150/258 138/146/259
f 142/150/260 143/151/261 144/152/262 138/146/263
f 144/152/264 145/153/265 146/154/266 147/155/267
f 144/152/268 147/155/269 139/147/270 138/146/271
f 144/152/272 143/151/273 148/156/274 145/153/275
f 148/156/276 149/157/277 150/158/278 145/153/279
f 150/159/280 151/160/281 152/161/282 153/162/283
f 150/158/284 153/163/285 146/154/286 145/153/287
f 150/159/288 149/164/289 154/165/290 151/160/291
f 154/165/292 155/166/293 156/167/294 151/160/295
f 156/167/296 157/168/297 158/169/298 159/170/299
f 156/167/300 159/170/301 152/161/302 151/160/303
f 156/167/304 155/166/305 160/171/306 157/168/307
f 160/171/308 161/172/309 122/129/310 157/168/311
f 161/172/312 162/173/313 120/127/314 122/129/315
f 162/173/316 163/174/317 121/128/318 120/127/319
f 163/174/320 164/175/321 107/112/322 121/128/323
f 164/175/324 108/113/325 16/105/326 107/112/327
f 159/170/328 158/169/329 165/176/330 166/177/331
f 159/170/332 166/177/333 167/178/334 152/161/335
f 167/178/336 166/177/337 168/179/338 169/180/339
f 167/178/340 169/180/341 170/181/342 171/182/343
f 167/178/344 171/182/345 153/162/346 152/161/347
f 171/183/348 170/184/349 172/185/350 173/186/351
f 171/183/352 173/186/353 146/154/354 153/163/355
f 173/186/356 172/185/357 174/187/358 175/188/359
f 173/186/360 175/188/361 147/155/362 146/154/363
f 175/188/364 174/187/365 176/189/366 177/190/367
f 175/188/368 177/190/369 139/147/370 147/155/371
f 177/190/372 176/189/373 178/191/374 135/143/375
f 177/190/376 135/143/377 134/142/378 139/147/379
f 178/191/380 176/189/381 179/192/382 180/193/383
f 178/191/384 180/193/385 181/194/386 130/138/387
f 178/191/388 130/138/389 129/137/390 135/143/391
f 181/194/392 180/193/393 182/195/394 183/196/395
f 181/194/396 183/196/397 184/197/398 185/198/399
f 181/194/400 185/198/401 131/139/402 130/138/403
f 185/198/404 184/197/405 116/122/406 115/121/407
f 185/198/408 115/121/409 132/140/410 131/139/411
f 184/197/412 183/196/413 186/199/414 187/200/415
f 184/197/416 187/200/417 188/201/418 116/122/419
f 188/201/420 187/200/421 189/202/422 190/203/423
f 188/201/424 190/203/425 191/204/426 192/205/427
f 188/201/428 192/205/429 113/119/430 116/122/431
f 192/205/432 191/204/433 193/206/434 194/207/435
f 192/205/436 194/207/437 114/120/438 113/119/439
f 194/207/440 193/206/441 195/208/442 196/209/443
f 194/207/444 196/209/445 97/101/446 114/120/447
f 196/209/448 195/208/449 197/210/450 198/211/451
f 196/209/452 198/211/453 92/96/454 97/101/455
f 198/211/456 197/210/457 199/212/458 200/213/459
f 198/211/460 200/213/461 93/97/462 92/96/463
f 199/212/464 197/210/465 201/214/466 202/215/467
f 202/215/468 201/214/469 203/216/470 204/217/471
f 204/217/472 203/216/473 205/218/474 206/219/475
f 206/219/476 205/218/477 207/220/478 208/221/479
f 1074/222/480 1075/223/481 209/224/482 210/225/483
f 210/225/484 209/224/485 211/226/486 212/227/487
f 212/227/488 211/226/489 62/62/490 61/59/491
f 211/226/492 209/224/493 213/228/494 214/229/495
f 211/226/496 214/229/497 215/230/498 62/62/499
f 215/230/500 216/231/501 63/60/502 62/62/503
f 215/230/504 214/229/505 217/232/506 218/233/507
f 215/230/508 218/233/509 219/234/510 216/231/511
f 219/234/512 220/235/513 221/236/514 216/231/515
f 219/234/516 218/233/517 222/237/518 223/238/519
f 219/234/520 223/238/521 224/239/522 220/235/523
f 224/239/524 225/240/525 226/241/526 220/235/527
f 224/239/528 223/238/529 227/242/530 228/243/531
f 224/239/532 228/243/533 229/244/534 225/240/535
f 229/244/536 230/245/537 231/246/538 225/240/539
f 229/244/540 228/243/541 232/247/542 233/248/543
f 229/244/544 233/248/545 234/249/546 230/245/547
f 234/249/548 235/250/549 236/251/550 230/245/551
f 234/249/552 233/248/553 237/252/554 238/253/555
f 234/249/556 238/253/557 239/254/558 235/250/559
f 239/254/560 240/255/561 241/256/562 235/250/563
f 239/254/564 238/253/565 242/257/566 243/258/567
f 239/254/568 243/258/569 244/259/570 240/255/571
f 244/260/572 245/261/573 246/262/574 240/263/575
f 244/259/576 243/258/577 247/264/578 248/265/579
f 244/260/580 248/266/581 249/267/582 245/261/583
f 249/267/584 250/268/585 251/269/586 245/261/587
f 249/267/588 248/266/589 252/270/590 253/271/591
f 249/267/592 253/271/593 254/272/594 250/268/595
f 254/272/596 255/273/597 256/274/598 250/268/599
f 254/272/600 253/271/601 257/275/602 258/276/603
f 254/272/604 258/276/605 259/277/606 255/273/607
f 259/277/608 260/278/609 261/279/610 255/273/611
f 259/277/612 258/276/613 262/280/614 263/281/615
f 259/277/616 263/281/617 264/282/618 260/278/619
f 264/282/620 103/108/621 102/107/622 260/278/623
f 264/282/624 263/281/625 265/283/626 266/284/627
f 264/282/628 266/284/629 106/111/630 103/108/631
f 266/284/632 265/283/633 165/176/634 118/125/635
f 266/284/636 118/125/637 117/124/638 106/111/639
f 265/283/640 263/281/641 262/280/642 168/179/643
f 265/283/644 168/179/645 166/177/646 165/176/647
f 262/280/648 258/276/649 257/275/650 267/285/651
f 262/280/652 267/285/653 169/180/654 168/179/655
f 267/285/656 257/275/657 268/286/658 269/287/659
f 267/285/660 269/287/661 170/181/662 169/180/663
f 269/288/664 268/289/665 270/290/666 271/291/667
f 269/288/668 271/291/669 172/185/670 170/184/671
f 271/291/672 270/290/673 272/292/674 273/293/675
f 271/291/676 273/293/677 174/187/678 172/185/679
f 273/293/680 272/292/681 274/294/682 179/192/683
f 273/293/684 179/192/685 176/189/686 174/187/687
f 274/294/688 272/292/689 275/295/690 276/296/691
f 274/294/692 276/296/693 277/297/694 182/195/695
f 274/294/696 182/195/697 180/193/698 179/192/699
f 277/297/700 276/296/701 278/298/702 279/299/703
f 277/297/704 279/299/705 280/300/706 186/199/707
f 277/297/708 186/199/709 183/196/710 182/195/711
f 280/300/712 279/299/713 281/301/714 282/302/715
f 280/300/716 282/302/717 283/303/718 189/202/719
f 280/300/720 189/202/721 187/200/722 186/199/723
f 283/303/724 282/302/725 284/304/726 285/305/727
f 283/303/728 285/305/729 286/306/730 287/307/731
f 283/303/732 287/307/733 190/203/734 189/202/735
f 287/307/736 286/306/737 288/308/738 289/309/739
f 287/307/740 289/309/741 191/204/742 190/203/743
f 289/309/744 288/308/745 290/310/746 291/311/747
f 289/309/748 291/311/749 193/206/750 191/204/751
f 291/311/752 290/310/753 292/312/754 293/313/755
f 291/311/756 293/313/757 195/208/758 193/206/759
f 293/313/760 292/312/761 203/216/762 201/214/763
f 293/313/764 201/214/765 197/210/766 195/208/767
f 292/312/768 290/310/769 294/314/770 295/315/771
f 292/312/772 295/315/773 205/218/774 203/216/775
f 295/315/776 294/314/777 84/86/778 296/316/779
f 295/315/780 296/316/781 207/220/782 205/218/783
f 1075/223/784 1076/317/785 213/228/786 209/224/787
f 213/228/788 1076/317/789 1077/318/790 83/85/791 1071/319/792
f 294/314/793 297/320/794 85/87/795 84/86/796
f 294/314/797 290/310/798 288/308/799 297/320/800
f 297/320/801 298/321/802 86/88/803 85/87/804
f 297/320/805 288/308/806 286/306/807 298/321/808
f 298/321/809 299/322/810 300/323/811 86/88/812
f 298/321/813 286/306/814 285/305/815 299/322/816
f 300/323/817 227/242/818 223/238/819 222/237/820
f 300/323/821 222/237/822 87/89/823 86/88/824
f 300/323/825 299/322/826 301/324/827 227/242/828
f 301/324/829 232/247/830 228/243/831 227/242/832
f 301/324/833 299/322/834 285/305/835 284/304/836
f 301/324/837 284/304/838 302/325/839 232/247/840
f 302/325/841 237/252/842 233/248/843 232/247/844
f 302/325/845 284/304/846 282/302/847 281/301/848
f 302/325/849 281/301/850 303/326/851 237/252/852
f 303/326/853 242/257/854 238/253/855 237/252/856
f 303/326/857 281/301/858 279/299/859 278/298/860
f 303/326/861 278/298/862 304/327/863 242/257/864
f 304/327/865 247/264/866 243/258/867 242/257/868
f 304/327/869 278/298/870 276/296/871 275/295/872
f 304/327/873 275/295/874 305/328/875 247/264/876
f 305/328/877 252/329/878 248/265/879 247/264/880
f 305/328/881 275/295/882 272/292/883 270/290/884
f 305/328/885 270/290/886 268/289/887 252/329/888
f 268/286/889 257/275/890 253/271/891 252/270/892
f 261/279/893 306/330/894 307/331/895 308/332/896
f 261/279/897 308/332/898 256/274/899 255/273/900
f 261/279/901 260/278/902 102/107/903 306/330/904
f 308/332/905 307/331/906 90/93/907 89/92/908
f 308/332/909 89/92/910 309/333/911 256/274/912
f 309/333/913 89/92/914 88/91/915 310/334/916
f 309/333/917 310/334/918 311/335/919 251/269/920
f 309/333/921 251/269/922 250/268/923 256/274/924
f 311/335/925 310/334/926 312/336/927 313/337/928
f 311/335/929 313/337/930 314/338/931 246/262/932
f 311/335/933 246/262/934 245/261/935 251/269/936
f 314/338/937 313/337/938 315/339/939 316/340/940
f 314/338/941 316/340/942 317/341/943 241/342/944
f 314/338/945 241/342/946 240/263/947 246/262/948
f 317/341/949 316/340/950 318/343/951 319/344/952
f 317/345/953 319/346/954 320/347/955 236/251/956
f 317/345/957 236/251/958 235/250/959 241/256/960
f 320/347/961 319/346/962 321/348/963 322/349/964
f 320/347/965 322/349/966 323/350/967 231/246/968
f 320/347/969 231/246/970 230/245/971 236/251/972
f 323/350/973 322/349/974 324/351/975 325/352/976
f 323/350/977 325/352/978 326/353/979 226/241/980
f 323/350/981 226/241/982 225/240/983 231/246/984
f 326/353/985 325/352/986 327/354/987 328/355/988
f 326/353/989 328/355/990 329/356/991 221/236/992
f 326/353/993 221/236/994 220/235/995 226/241/996
f 329/356/997 328/355/998 330/357/999 331/358/1000
f 329/356/1001 331/358/1002 64/61/1003 63/60/1004
f 329/356/1005 63/60/1006 216/231/1007 221/236/1008
f 331/358/1009 330/357/1010 332/359/1011 333/360/1012
f 331/358/1013 333/360/1014 334/361/1015 64/61/1016
f 334/361/1017 333/360/1018 335/362/1019 336/363/1020
f 334/361/1021 336/363/1022 337/364/1023 338/365/1024
f 334/361/1025 338/365/1026 59/57/1027 64/61/1028
f 338/365/1029 337/364/1030 339/366/1031 340/367/1032
f 338/365/1033 340/367/1034 60/58/1035 59/57/1036
f 339/366/1037 337/364/1038 341/368/1039 342/369/1040
f 342/369/1041 341/368/1042 343/370/1043 344/371/1044
f 344/371/1045 343/370/1046 345/372/1047 346/373/1048
f 346/373/1049 345/372/1050 347/374/1051 348/375/1052
f 348/375/1053 347/374/1054 349/376/1055 350/377/1056
f 350/377/1057 349/376/1058 351/378/1059 352/379/1060
f 352/379/1061 351/378/1062 353/380/1063 354/381/1064
f 354/381/1065 353/380/1066 355/382/1067 356/383/1068
f 356/383/1069 355/382/1070 53/50/1071 357/384/1072
f 357/384/1073 53/50/1074 52/49/1075 358/385/1076
f 358/385/1077 52/49/1078 359/386/1079 360/387/1080
f 360/387/1081 359/386/1082 361/388/1083 362/389/1084
f 362/390/1085 361/391/1086 363/392/1087 364/393/1088
f 364/393/1089 363/392/1090 365/394/1091 366/395/1092
f 366/395/1093 365/394/1094 367/396/1095 368/397/1096
f 368/397/1097 367/396/1098 369/398/1099 370/399/1100
f 370/399/1101 369/398/1102 371/400/1103 372/401/1104
f 372/401/1105 371/400/1106 373/402/1107 374/403/1108
f 374/403/1109 373/402/1110 375/404/1111 376/405/1112
f 376/405/1113 375/404/1114 377/406/1115 378/407/1116
f 378/408/1117 377/409/1118 379/410/1119 380/411/1120
f 380/411/1121 379/410/1122 381/412/1123 382/413/1124
f 382/413/1125 381/412/1126 383/414/1127 384/415/1128
f 384/415/1129 383/414/1130 385/416/1131 386/417/1132
f 386/417/1133 385/416/1134 387/418/1135 388/419/1136
f 388/419/1137 387/418/1138 389/420/1139 390/421/1140
f 390/421/1141 389/420/1142 391/422/1143 392/423/1144
f 392/423/1145 391/422/1146 51/47/1147 393/424/1148
f 393/424/1149 51/47/1150 50/46/1151 394/425/1152
f 394/425/1153 50/46/1154 395/426/1155 396/427/1156
f 396/427/1157 395/426/1158 397/428/1159 398/429/1160
f 398/429/1161 397/428/1162 399/430/1163 400/431/1164
f 400/431/1165 399/430/1166 401/432/1167 402/433/1168
f 402/433/1169 401/432/1170 403/434/1171 404/435/1172
f 404/435/1173 403/434/1174 405/436/1175 406/437/1176
f 406/437/1177 405/436/1178 407/438/1179 408/439/1180
f 408/439/1181 407/438/1182 409/440/1183 410/441/1184
f 410/441/1185 409/440/1186 411/442/1187 412/443/1188
f 412/443/1189 411/442/1190 413/444/1191 414/445/1192
f 414/445/1193 413/444/1194 65/64/1195 71/70/1196
f 413/444/1197 411/442/1198 415/446/1199 416/447/1200
f 413/444/1201 416/447/1202 66/65/1203 65/64/1204
f 416/447/1205 415/446/1206 417/448/1207 418/449/1208
f 416/447/1209 418/449/1210 419/450/1211 66/65/1212
f 419/450/1213 418/449/1214 420/451/1215 421/452/1216
f 419/450/1217 421/452/1218 422/453/1219 423/454/1220
f 419/450/1221 423/454/1222 67/66/1223 66/65/1224
f 423/454/1225 422/453/1226 424/455/1227 425/456/1228
f 423/454/1229 425/456/1230 426/457/1231 67/66/1232
f 426/457/1233 427/458/1234 10/63/1235 67/66/1236
f 426/457/1237 425/456/1238 428/459/1239 429/460/1240
f 426/457/1241 429/460/1242 72/72/1243 427/458/1244
f 429/460/1245 428/459/1246 430/461/1247 431/462/1248
f 429/460/1249 431/462/1250 73/73/1251 72/72/1252
f 431/462/1253 430/461/1254 315/339/1255 432/463/1256
f 431/462/1257 432/463/1258 78/79/1259 73/73/1260
f 432/463/1261 315/339/1262 313/337/1263 312/336/1264
f 432/463/1265 312/336/1266 79/80/1267 78/79/1268
f 430/461/1269 428/459/1270 433/464/1271 318/343/1272
f 430/461/1273 318/343/1274 316/340/1275 315/339/1276
f 433/464/1277 428/459/1278 425/456/1279 424/455/1280
f 433/464/1281 424/455/1282 434/465/1283 321/466/1284
f 433/464/1285 321/466/1286 319/344/1287 318/343/1288
f 434/465/1289 424/455/1290 422/453/1291 435/467/1292
f 434/468/1293 435/469/1294 436/470/1295 324/351/1296
f 434/468/1297 324/351/1298 322/349/1299 321/348/1300
f 436/470/1301 435/469/1302 437/471/1303 438/472/1304
f 436/470/1305 438/472/1306 439/473/1307 327/354/1308
f 436/470/1309 327/354/1310 325/352/1311 324/351/1312
f 439/473/1313 438/472/1314 440/474/1315 441/475/1316
f 439/473/1317 441/475/1318 332/359/1319 330/357/1320
f 439/473/1321 330/357/1322 328/355/1323 327/354/1324
f 441/475/1325 440/474/1326 442/476/1327 443/477/1328
f 441/475/1329 443/477/1330 444/478/1331 332/359/1332
f 444/478/1333 443/477/1334 445/479/1335 446/480/1336
f 444/478/1337 446/480/1338 447/481/1339 335/362/1340
f 444/478/1341 335/362/1342 333/360/1343 332/359/1344
f 447/481/1345 446/480/1346 448/482/1347 449/483/1348
f 447/481/1349 449/483/1350 450/484/1351 451/485/1352
f 447/481/1353 451/485/1354 336/363/1355 335/362/1356
f 451/485/1357 450/484/1358 343/370/1359 341/368/1360
f 451/485/1361 341/368/1362 337/364/1363 336/363/1364
f 450/484/1365 449/483/1366 452/486/1367 453/487/1368
f 450/484/1369 453/487/1370 345/372/1371 343/370/1372
f 453/487/1373 452/486/1374 454/488/1375 455/489/1376
f 453/487/1377 455/489/1378 347/374/1379 345/372/1380
f 455/489/1381 454/488/1382 456/490/1383 457/491/1384
f 455/489/1385 457/491/1386 349/376/1387 347/374/1388
f 457/491/1389 456/490/1390 458/492/1391 459/493/1392
f 457/491/1393 459/493/1394 351/378/1395 349/376/1396
f 459/493/1397 458/492/1398 460/494/1399 461/495/1400
f 459/493/1401 461/495/1402 353/380/1403 351/378/1404
f 461/495/1405 460/494/1406 462/496/1407 463/497/1408
f 461/495/1409 463/497/1410 355/382/1411 353/380/1412
f 463/497/1413 462/496/1414 58/55/1415 54/51/1416
f 463/497/1417 54/51/1418 53/50/1419 355/382/1420
f 462/496/1421 464/498/1422 465/499/1423 58/55/1424
f 462/496/1425 460/494/1426 466/500/1427 464/498/1428
f 466/500/1429 467/501/1430 468/502/1431 464/498/1432
f 466/500/1433 460/494/1434 458/492/1435 469/503/1436
f 466/500/1437 469/503/1438 470/504/1439 467/501/1440
f 470/504/1441 471/505/1442 472/506/1443 467/501/1444
f 470/504/1445 469/503/1446 473/507/1447 474/508/1448
f 470/504/1449 474/508/1450 475/509/1451 471/505/1452
f 475/509/1453 476/510/1454 477/511/1455 471/505/1456
f 475/509/1457 474/508/1458 478/512/1459 479/513/1460
f 475/509/1461 479/513/1462 480/514/1463 476/510/1464
f 480/515/1465 481/516/1466 482/517/1467 476/518/1468
f 480/514/1469 479/513/1470 483/519/1471 484/520/1472
f 480/515/1473 484/521/1474 485/522/1475 481/516/1476
f 485/522/1477 486/523/1478 487/524/1479 481/516/1480
f 485/522/1481 484/521/1482 488/525/1483 489/526/1484
f 485/522/1485 489/526/1486 490/527/1487 486/523/1488
f 490/527/1489 491/528/1490 492/529/1491 486/523/1492
f 490/527/1493 489/526/1494 493/530/1495 494/531/1496
f 490/527/1497 494/531/1498 495/532/1499 491/528/1500
f 495/532/1501 409/440/1502 407/438/1503 491/528/1504
f 495/532/1505 494/531/1506 417/448/1507 415/446/1508
f 495/532/1509 415/446/1510 411/442/1511 409/440/1512
f 494/531/1513 493/530/1514 496/533/1515 417/448/1516
f 496/533/1517 493/530/1518 497/534/1519 498/535/1520
f 496/533/1521 498/535/1522 499/536/1523 420/451/1524
f 496/533/1525 420/451/1526 418/449/1527 417/448/1528
f 499/537/1529 498/538/1530 442/476/1531 440/474/1532
f 499/537/1533 440/474/1534 438/472/1535 437/471/1536
f 499/536/1537 437/539/1538 421/452/1539 420/451/1540
f 498/538/1541 497/540/1542 500/541/1543 442/476/1544
f 500/541/1545 497/540/1546 488/542/1547 501/543/1548
f 500/541/1549 501/543/1550 502/544/1551 445/479/1552
f 500/541/1553 445/479/1554 443/477/1555 442/476/1556
f 502/544/1557 501/543/1558 483/519/1559 503/545/1560
f 502/544/1561 503/545/1562 504/546/1563 448/482/1564
f 502/544/1565 448/482/1566 446/480/1567 445/479/1568
f 504/546/1569 503/545/1570 478/512/1571 505/547/1572
f 504/546/1573 505/547/1574 454/488/1575 452/486/1576
f 504/546/1577 452/486/1578 449/483/1579 448/482/1580
f 505/547/1581 478/512/1582 474/508/1583 473/507/1584
f 505/547/1585 473/507/1586 456/490/1587 454/488/1588
f 503/545/1589 483/519/1590 479/513/1591 478/512/1592
f 501/543/1593 488/542/1594 484/520/1595 483/519/1596
f 497/534/1597 493/530/1598 489/526/1599 488/525/1600
f 492/529/1601 405/436/1602 403/434/1603 506/548/1604
f 492/529/1605 506/548/1606 487/524/1607 486/523/1608
f 492/529/1609 491/528/1610 407/438/1611 405/436/1612
f 506/548/1613 403/434/1614 401/432/1615 507/549/1616
f 506/548/1617 507/549/1618 508/550/1619 487/524/1620
f 508/550/1621 507/549/1622 509/551/1623 510/552/1624
f 508/550/1625 510/552/1626 511/553/1627 482/517/1628
f 508/550/1629 482/517/1630 481/516/1631 487/524/1632
f 511/553/1633 510/552/1634 512/554/1635 513/555/1636
f 511/553/1637 513/555/1638 514/556/1639 477/557/1640
f 511/553/1641 477/557/1642 476/518/1643 482/517/1644
f 514/556/1645 513/555/1646 515/558/1647 516/559/1648
f 514/560/1649 516/561/1650 517/562/1651 472/506/1652
f 514/560/1653 472/506/1654 471/505/1655 477/511/1656
f 517/562/1657 516/561/1658 518/563/1659 519/564/1660
f 517/562/1661 519/564/1662 520/565/1663 468/502/1664
f 517/562/1665 468/502/1666 467/501/1667 472/506/1668
f 520/565/1669 519/564/1670 521/566/1671 522/567/1672
f 520/565/1673 522/567/1674 523/568/1675 465/499/1676
f 520/565/1677 465/499/1678 464/498/1679 468/502/1680
f 523/568/1681 522/567/1682 524/569/1683 525/570/1684
f 523/568/1685 525/570/1686 56/53/1687 55/52/1688
f 523/568/1689 55/52/1690 58/55/1691 465/499/1692
f 525/570/1693 524/569/1694 21/571/1695 526/572/1696
f 525/570/1697 526/572/1698 527/573/1699 56/53/1700
f 527/574/1701 526/575/1702 528/576/1703 529/577/1704
f 527/574/1705 529/577/1706 530/578/1707 531/579/1708
f 527/573/1709 531/580/1710 57/54/1711 56/53/1712
f 531/579/1713 530/578/1714 25/9/1715 28/13/1716
f 531/580/1717 28/30/1718 37/29/1719 57/54/1720
f 530/578/1721 529/577/1722 532/581/1723 533/582/1724
f 530/578/1725 533/582/1726 26/10/1727 25/9/1728
f 533/582/1729 532/581/1730 534/583/1731 535/584/1732
f 533/582/1733 535/584/1734 536/585/1735 26/10/1736
f 536/585/1737 535/584/1738 367/396/1739 365/394/1740
f 536/585/1741 365/394/1742 363/392/1743 537/586/1744
f 536/585/1745 537/586/1746 27/11/1747 26/10/1748
f 537/586/1749 538/587/1750 29/14/1751 27/11/1752
f 537/586/1753 363/392/1754 361/391/1755 538/587/1756
f 538/588/1757 539/589/1758 37/29/1759 29/28/1760
f 538/588/1761 361/388/1762 359/386/1763 539/589/1764
f 539/589/1765 8/48/1766 57/54/1767 37/29/1768
f 539/589/1769 359/386/1770 52/49/1771 8/48/1772
f 535/584/1773 534/583/1774 369/398/1775 367/396/1776
f 534/583/1777 540/590/1778 371/400/1779 369/398/1780
f 534/583/1781 532/581/1782 541/591/1783 540/590/1784
f 541/591/1785 24/7/1786 542/592/1787 540/590/1788
f 541/591/1789 532/581/1790 529/577/1791 528/576/1792
f 541/591/1793 528/576/1794 20/2/1795 24/7/1796
f 542/592/1797 34/20/1798 375/404/1799 373/402/1800
f 542/592/1801 373/402/1802 371/400/1803 540/590/1804
f 542/592/1805 24/7/1806 23/6/1807 34/20/1808
f 528/576/1809 526/575/1810 21/3/1811 20/2/1812
f 524/569/1813 36/25/1814 22/24/1815 21/571/1816
f 524/569/1817 522/567/1818 521/566/1819 36/25/1820
f 521/566/1821 543/593/1822 30/26/1823 36/25/1824
f 521/566/1825 519/564/1826 518/563/1827 543/593/1828
f 543/594/1829 544/595/1830 31/17/1831 30/16/1832
f 543/594/1833 518/596/1834 545/597/1835 544/595/1836
f 545/597/1837 49/45/1838 48/44/1839 544/595/1840
f 545/597/1841 518/596/1842 516/559/1843 515/558/1844
f 545/597/1845 515/558/1846 546/598/1847 49/45/1848
f 546/598/1849 547/599/1850 7/42/1851 49/45/1852
f 546/598/1853 515/558/1854 513/555/1855 512/554/1856
f 546/598/1857 512/554/1858 548/600/1859 547/599/1860
f 548/600/1861 397/428/1862 395/426/1863 547/599/1864
f 548/600/1865 512/554/1866 510/552/1867 509/551/1868
f 548/600/1869 509/551/1870 399/430/1871 397/428/1872
f 547/599/1873 395/426/1874 50/46/1875 7/42/1876
f 544/595/1877 48/44/1878 549/601/1879 31/17/1880
f 549/601/1881 550/602/1882 551/603/1883 552/604/1884
f 549/601/1885 552/604/1886 32/18/1887 31/17/1888
f 549/601/1889 48/44/1890 47/43/1891 550/602/1892
f 552/604/1893 551/603/1894 553/605/1895 554/606/1896
f 552/604/1897 554/606/1898 35/21/1899 32/18/1900
f 554/606/1901 553/605/1902 383/414/1903 381/412/1904
f 554/606/1905 381/412/1906 379/410/1907 35/21/1908
f 553/605/1909 43/37/1910 385/416/1911 383/414/1912
f 553/605/1913 551/603/1914 38/32/1915 43/37/1916
f 551/603/1917 550/602/1918 39/33/1919 38/32/1920
f 550/602/1921 47/43/1922 44/39/1923 39/33/1924
f 509/551/1925 507/549/1926 401/432/1927 399/430/1928
f 473/507/1929 469/503/1930 458/492/1931 456/490/1932
f 437/539/1933 435/467/1934 422/453/1935 421/452/1936
f 427/458/1937 76/76/1938 68/67/1939 10/63/1940
f 427/458/1941 72/72/1942 11/71/1943 76/76/1944
f 391/422/1945 389/420/1946 41/35/1947 46/41/1948
f 391/422/1949 46/41/1950 45/40/1951 51/47/1952
f 389/420/1953 387/418/1954 42/36/1955 41/35/1956
f 387/418/1957 385/416/1958 43/37/1959 42/36/1960
f 379/410/1961 377/409/1962 33/22/1963 35/21/1964
f 377/406/1965 375/404/1966 34/20/1967 33/19/1968
f 312/336/1969 310/334/1970 88/91/1971 79/80/1972
f 307/331/1973 555/607/1974 91/94/1975 90/93/1976
f 307/331/1977 306/330/1978 556/608/1979 555/607/1980
f 556/608/1981 557/609/1982 558/610/1983 555/607/1984
f 556/608/1985 306/330/1986 102/107/1987 101/106/1988
f 556/608/1989 101/106/1990 105/110/1991 557/609/1992
f 558/610/1993 559/611/1994 560/612/1995 561/613/1996
f 558/610/1997 561/613/1998 91/94/1999 555/607/2000
f 558/610/2001 557/609/2002 562/614/2003 559/611/2004
f 562/614/2005 563/615/2006 564/616/2007 559/611/2008
f 562/614/2009 557/609/2010 105/110/2011 565/617/2012
f 562/614/2013 565/617/2014 566/618/2015 563/615/2016
f 566/618/2017 565/617/2018 99/103/2019 98/102/2020
f 565/617/2021 105/110/2022 104/109/2023 99/103/2024
f 564/616/2025 567/619/2026 560/612/2027 559/611/2028
f 567/619/2029 568/620/2030 569/621/2031 560/612/2032
f 569/621/2033 568/620/2034 570/622/2035 571/623/2036
f 569/621/2037 571/623/2038 82/82/2039 81/81/2040
f 569/621/2041 81/81/2042 561/613/2043 560/612/2044
f 571/623/2045 570/622/2046 572/624/2047 573/625/2048
f 571/623/2049 573/625/2050 75/75/2051 82/82/2052
f 573/625/2053 572/624/2054 69/68/2055 68/67/2056
f 573/625/2057 68/67/2058 76/76/2059 75/75/2060
f 561/613/2061 81/81/2062 80/83/2063 91/94/2064
f 222/237/2065 218/233/2066 217/232/2067 87/89/2068
f 87/89/2069 1071/319/2070 83/85/2071 13/84/2072
f 165/176/2073 158/169/2074 119/126/2075 118/125/2076
f 158/169/2077 157/168/2078 122/129/2079 119/126/2080
f 140/148/2081 136/144/2082 124/132/2083 574/626/2084
f 574/626/2085 124/132/2086 123/131/2087 575/627/2088
f 575/627/2089 123/131/2090 127/135/2091 576/628/2092
f 576/628/2093 127/135/2094 577/629/2095 578/630/2096
f 578/630/2097 577/629/2098 17/115/2099 112/118/2100
f 577/629/2101 132/140/2102 115/121/2103 17/115/2104
f 577/629/2105 127/135/2106 126/134/2107 132/140/2108
f 121/128/2109 107/112/2110 106/111/2111 117/124/2112
f 114/120/2113 97/101/2114 96/100/2115 110/116/2116
f 111/117/2117 110/116/2118 96/100/2119 95/99/2120
f 109/114/2121 100/104/2122 99/103/2123 104/109/2124
f 82/82/2125 75/75/2126 74/74/2127 77/78/2128
f 78/79/2129 77/78/2130 74/74/2131 73/73/2132
f 579/631/2133 600/632/2134 599/633/2135 598/634/2136
f 579/631/2137 601/635/2138 581/636/2139 600/632/2140
f 579/631/2141 598/634/2142 602/637/2143 601/635/2144
f 580/638/2145 605/639/2146 604/640/2147 603/641/2148
f 580/638/2149 603/641/2150 606/642/2151 582/643/2152
f 580/638/2153 582/643/2154 607/644/2155 605/639/2156
f 581/645/2157 610/646/2158 609/647/2159 608/648/2160
f 581/636/2161 601/635/2162 612/649/2163 611/650/2164
f 581/645/2165 611/651/2166 613/652/2167 610/646/2168
f 581/653/2169 608/654/2170 614/655/2171 600/656/2172
f 582/657/2173 606/658/2174 615/659/2175 607/660/2176
f 583/661/2177 618/662/2178 617/663/2179 616/664/2180
f 583/661/2181 620/665/2182 619/666/2183 618/662/2184
f 583/661/2185 616/664/2186 621/667/2187 620/665/2188
f 584/668/2189 622/669/2190 617/663/2191 618/662/2192
f 584/668/2193 624/670/2194 623/671/2195 622/669/2196
f 584/668/2197 618/662/2198 619/666/2199 624/670/2200
f 585/672/2201 627/673/2202 626/674/2203 625/675/2204
f 585/672/2205 623/671/2206 629/676/2207 628/677/2208
f 585/672/2209 625/675/2210 622/669/2211 623/671/2212
f 586/678/2213 632/679/2214 631/680/2215 630/681/2216
f 586/678/2217 635/682/2218 634/683/2219 633/684/2220
f 586/678/2221 633/684/2222 636/685/2223 632/679/2224
f 587/686/2225 61/687/2226 60/688/2227 637/689/2228
f 639/690/2229 587/686/2230 637/689/2231 640/691/2232
f 587/686/2233 639/690/2234 638/692/2235 61/687/2236
f 588/693/2237 643/694/2238 642/695/2239 641/696/2240
f 588/693/2241 70/697/2242 69/698/2243 644/699/2244
f 588/693/2245 641/696/2246 71/700/2247 70/697/2248
f 589/701/2249 647/702/2250 646/703/2251 645/704/2252
f 589/701/2253 649/705/2254 648/706/2255 647/702/2256
f 590/707/2257 652/708/2258 651/709/2259 650/710/2260
f 654/711/2261 590/707/2262 650/710/2263 655/712/2264
f 590/707/2265 654/711/2266 653/713/2267 652/708/2268
f 591/714/2269 658/715/2270 657/716/2271 656/717/2272
f 591/714/2273 660/718/2274 659/719/2275 658/715/2276
f 592/720/2277 661/721/2278 652/708/2279 653/713/2280
f 592/720/2281 663/722/2282 662/723/2283 661/721/2284
f 592/720/2285 653/713/2286 664/724/2287 663/722/2288
f 593/725/2289 94/726/2290 93/727/2291 665/728/2292
f 593/725/2293 666/729/2294 95/730/2295 94/726/2296
f 593/725/2297 665/728/2298 667/731/2299 666/729/2300
f 100/732/2301 668/733/2302 98/734/2303
f 594/735/2304 671/736/2305 670/737/2306 669/738/2307
f 594/735/2308 669/738/2309 673/739/2310 672/740/2311
f 594/735/2312 675/741/2313 674/742/2314 671/736/2315
f 594/735/2316 672/740/2317 109/743/2318 108/744/2319
f 595/745/2320 112/746/2321 111/747/2322 676/748/2323
f 595/745/2324 676/748/2325 678/749/2326 677/750/2327
f 595/745/2328 677/750/2329 680/751/2330 679/752/2331
f 596/753/2332 683/754/2333 682/755/2334 681/756/2335
f 596/753/2336 681/756/2337 685/757/2338 684/758/2339
f 596/753/2340 684/758/2341 686/759/2342 683/754/2343
f 597/760/2344 689/761/2345 688/762/2346 687/763/2347
f 597/760/2348 687/763/2349 691/764/2350 690/765/2351
f 597/760/2352 690/765/2353 692/766/2354 689/761/2355
f 692/766/2356 695/767/2357 694/768/2358 693/769/2359
f 692/766/2360 690/765/2361 696/770/2362 695/767/2363
f 692/766/2364 693/769/2365 697/771/2366 689/761/2367
f 697/771/2368 693/769/2369 699/772/2370 698/773/2371
f 697/771/2372 700/774/2373 688/762/2374 689/761/2375
f 697/771/2376 698/773/2377 701/775/2378 700/774/2379
f 701/775/2380 698/773/2381 703/776/2382 702/777/2383
f 701/775/2384 141/778/2385 140/779/2386 700/774/2387
f 701/775/2388 702/777/2389 142/780/2390 141/778/2391
f 142/780/2392 702/777/2393 704/781/2394 143/782/2395
f 704/781/2396 707/783/2397 706/784/2398 705/785/2399
f 704/781/2400 702/777/2401 703/776/2402 707/783/2403
f 704/781/2404 705/785/2405 148/786/2406 143/782/2407
f 148/786/2408 705/785/2409 708/787/2410 149/788/2411
f 708/789/2412 711/790/2413 710/791/2414 709/792/2415
f 708/787/2416 705/785/2417 706/784/2418 711/793/2419
f 708/789/2420 709/792/2421 154/794/2422 149/795/2423
f 154/794/2424 709/792/2425 712/796/2426 155/797/2427
f 712/796/2428 715/798/2429 714/799/2430 713/800/2431
f 712/796/2432 709/792/2433 710/791/2434 715/798/2435
f 712/796/2436 713/800/2437 160/801/2438 155/797/2439
f 160/801/2440 713/800/2441 686/759/2442 161/802/2443
f 161/802/2444 686/759/2445 684/758/2446 162/803/2447
f 162/803/2448 684/758/2449 685/757/2450 163/804/2451
f 163/804/2452 685/757/2453 675/741/2454 164/805/2455
f 164/805/2456 675/741/2457 594/735/2458 108/744/2459
f 715/798/2460 717/806/2461 716/807/2462 714/799/2463
f 715/798/2464 710/791/2465 718/808/2466 717/806/2467
f 718/808/2468 720/809/2469 719/810/2470 717/806/2471
f 718/808/2472 722/811/2473 721/812/2474 720/809/2475
f 718/808/2476 710/791/2477 711/790/2478 722/811/2479
f 722/813/2480 724/814/2481 723/815/2482 721/816/2483
f 722/813/2484 711/793/2485 706/784/2486 724/814/2487
f 724/814/2488 726/817/2489 725/818/2490 723/815/2491
f 724/814/2492 706/784/2493 707/783/2494 726/817/2495
f 726/817/2496 728/819/2497 727/820/2498 725/818/2499
f 726/817/2500 707/783/2501 703/776/2502 728/819/2503
f 728/819/2504 699/772/2505 729/821/2506 727/820/2507
f 728/819/2508 703/776/2509 698/773/2510 699/772/2511
f 729/821/2512 731/822/2513 730/823/2514 727/820/2515
f 729/821/2516 694/768/2517 732/824/2518 731/822/2519
f 729/821/2520 699/772/2521 693/769/2522 694/768/2523
f 732/824/2524 734/825/2525 733/826/2526 731/822/2527
f 732/824/2528 736/827/2529 735/828/2530 734/825/2531
f 732/824/2532 694/768/2533 695/767/2534 736/827/2535
f 736/827/2536 679/752/2537 680/751/2538 735/828/2539
f 736/827/2540 695/767/2541 696/770/2542 679/752/2543
f 735/828/2544 738/829/2545 737/830/2546 734/825/2547
f 735/828/2548 680/751/2549 739/831/2550 738/829/2551
f 739/831/2552 741/832/2553 740/833/2554 738/829/2555
f 739/831/2556 743/834/2557 742/835/2558 741/832/2559
f 739/831/2560 680/751/2561 677/750/2562 743/834/2563
f 743/834/2564 745/836/2565 744/837/2566 742/835/2567
f 743/834/2568 677/750/2569 678/749/2570 745/836/2571
f 745/836/2572 747/838/2573 746/839/2574 744/837/2575
f 745/836/2576 678/749/2577 667/731/2578 747/838/2579
f 747/838/2580 749/840/2581 748/841/2582 746/839/2583
f 747/838/2584 667/731/2585 665/728/2586 749/840/2587
f 749/840/2588 200/842/2589 199/843/2590 748/841/2591
f 749/840/2592 665/728/2593 93/727/2594 200/842/2595
f 199/843/2596 202/844/2597 750/845/2598 748/841/2599
f 202/844/2600 204/846/2601 751/847/2602 750/845/2603
f 204/846/2604 206/848/2605 752/849/2606 751/847/2607
f 206/848/2608 208/850/2609 753/851/2610 752/849/2611
f 1073/852/2612 1074/853/2613 210/854/2614 754/855/2615
f 210/854/2616 212/856/2617 755/857/2618 754/855/2619
f 212/856/2620 61/687/2621 638/692/2622 755/857/2623
f 755/857/2624 757/858/2625 756/859/2626 754/855/2627
f 755/857/2628 638/692/2629 758/860/2630 757/858/2631
f 758/860/2632 638/692/2633 639/690/2634 759/861/2635
f 758/860/2636 761/862/2637 760/863/2638 757/858/2639
f 758/860/2640 759/861/2641 762/864/2642 761/862/2643
f 762/864/2644 759/861/2645 764/865/2646 763/866/2647
f 762/864/2648 766/867/2649 765/868/2650 761/862/2651
f 762/864/2652 763/866/2653 767/869/2654 766/867/2655
f 767/869/2656 763/866/2657 769/870/2658 768/871/2659
f 767/869/2660 771/872/2661 770/873/2662 766/867/2663
f 767/869/2664 768/871/2665 772/874/2666 771/872/2667
f 772/874/2668 768/871/2669 774/875/2670 773/876/2671
f 772/874/2672 776/877/2673 775/878/2674 771/872/2675
f 772/874/2676 773/876/2677 777/879/2678 776/877/2679
f 777/879/2680 773/876/2681 779/880/2682 778/881/2683
f 777/879/2684 781/882/2685 780/883/2686 776/877/2687
f 777/879/2688 778/881/2689 782/884/2690 781/882/2691
f 782/884/2692 778/881/2693 784/885/2694 783/886/2695
f 782/884/2696 786/887/2697 785/888/2698 781/882/2699
f 782/884/2700 783/886/2701 787/889/2702 786/887/2703
f 787/890/2704 783/891/2705 789/892/2706 788/893/2707
f 787/889/2708 791/894/2709 790/895/2710 786/887/2711
f 787/890/2712 788/893/2713 792/896/2714 791/897/2715
f 792/896/2716 788/893/2717 794/898/2718 793/899/2719
f 792/896/2720 796/900/2721 795/901/2722 791/897/2723
f 792/896/2724 793/899/2725 797/902/2726 796/900/2727
f 797/902/2728 793/899/2729 799/903/2730 798/904/2731
f 797/902/2732 801/905/2733 800/906/2734 796/900/2735
f 797/902/2736 798/904/2737 802/907/2738 801/905/2739
f 802/907/2740 798/904/2741 804/908/2742 803/909/2743
f 802/907/2744 806/910/2745 805/911/2746 801/905/2747
f 802/907/2748 803/909/2749 807/912/2750 806/910/2751
f 807/912/2752 803/909/2753 670/737/2754 671/736/2755
f 807/912/2756 809/913/2757 808/914/2758 806/910/2759
f 807/912/2760 671/736/2761 674/742/2762 809/913/2763
f 809/913/2764 682/755/2765 716/807/2766 808/914/2767
f 809/913/2768 674/742/2769 681/756/2770 682/755/2771
f 808/914/2772 719/810/2773 805/911/2774 806/910/2775
f 808/914/2776 716/807/2777 717/806/2778 719/810/2779
f 805/911/2780 810/915/2781 800/906/2782 801/905/2783
f 805/911/2784 719/810/2785 720/809/2786 810/915/2787
f 810/915/2788 812/916/2789 811/917/2790 800/906/2791
f 810/915/2792 720/809/2793 721/812/2794 812/916/2795
f 812/918/2796 814/919/2797 813/920/2798 811/921/2799
f 812/918/2800 721/816/2801 723/815/2802 814/919/2803
f 814/919/2804 816/922/2805 815/923/2806 813/920/2807
f 814/919/2808 723/815/2809 725/818/2810 816/922/2811
f 816/922/2812 730/823/2813 817/924/2814 815/923/2815
f 816/922/2816 725/818/2817 727/820/2818 730/823/2819
f 817/924/2820 819/925/2821 818/926/2822 815/923/2823
f 817/924/2824 733/826/2825 820/927/2826 819/925/2827
f 817/924/2828 730/823/2829 731/822/2830 733/826/2831
f 820/927/2832 822/928/2833 821/929/2834 819/925/2835
f 820/927/2836 737/830/2837 823/930/2838 822/928/2839
f 820/927/2840 733/826/2841 734/825/2842 737/830/2843
f 823/930/2844 825/931/2845 824/932/2846 822/928/2847
f 823/930/2848 740/833/2849 826/933/2850 825/931/2851
f 823/930/2852 737/830/2853 738/829/2854 740/833/2855
f 826/933/2856 828/934/2857 827/935/2858 825/931/2859
f 826/933/2860 830/936/2861 829/937/2862 828/934/2863
f 826/933/2864 740/833/2865 741/832/2866 830/936/2867
f 830/936/2868 832/938/2869 831/939/2870 829/937/2871
f 830/936/2872 741/832/2873 742/835/2874 832/938/2875
f 832/938/2876 834/940/2877 833/941/2878 831/939/2879
f 832/938/2880 742/835/2881 744/837/2882 834/940/2883
f 834/940/2884 836/942/2885 835/943/2886 833/941/2887
f 834/940/2888 744/837/2889 746/839/2890 836/942/2891
f 836/942/2892 750/845/2893 751/847/2894 835/943/2895
f 836/942/2896 746/839/2897 748/841/2898 750/845/2899
f 835/943/2900 838/944/2901 837/945/2902 833/941/2903
f 835/943/2904 751/847/2905 752/849/2906 838/944/2907
f 838/944/2908 839/946/2909 657/716/2910 837/945/2911
f 838/944/2912 752/849/2913 753/851/2914 839/946/2915
f 1072/947/2916 1073/852/2917 754/855/2918 756/859/2919
f 656/717/2920 657/716/2921 839/946/2922 1072/947/2923
f 837/945/2924 657/716/2925 658/715/2926 840/948/2927
f 837/945/2928 840/948/2929 831/939/2930 833/941/2931
f 840/948/2932 658/715/2933 659/719/2934 841/949/2935
f 840/948/2936 841/949/2937 829/937/2938 831/939/2939
f 841/949/2940 659/719/2941 843/950/2942 842/951/2943
f 841/949/2944 842/951/2945 828/934/2946 829/937/2947
f 843/950/2948 765/868/2949 766/867/2950 770/873/2951
f 843/950/2952 659/719/2953 660/718/2954 765/868/2955
f 843/950/2956 770/873/2957 844/952/2958 842/951/2959
f 844/952/2960 770/873/2961 771/872/2962 775/878/2963
f 844/952/2964 827/935/2965 828/934/2966 842/951/2967
f 844/952/2968 775/878/2969 845/953/2970 827/935/2971
f 845/953/2972 775/878/2973 776/877/2974 780/883/2975
f 845/953/2976 824/932/2977 825/931/2978 827/935/2979
f 845/953/2980 780/883/2981 846/954/2982 824/932/2983
f 846/954/2984 780/883/2985 781/882/2986 785/888/2987
f 846/954/2988 821/929/2989 822/928/2990 824/932/2991
f 846/954/2992 785/888/2993 847/955/2994 821/929/2995
f 847/955/2996 785/888/2997 786/887/2998 790/895/2999
f 847/955/3000 818/926/3001 819/925/3002 821/929/3003
f 847/955/3004 790/895/3005 848/956/3006 818/926/3007
f 848/956/3008 790/895/3009 791/894/3010 795/957/3011
f 848/956/3012 813/920/3013 815/923/3014 818/926/3015
f 848/956/3016 795/957/3017 811/921/3018 813/920/3019
f 811/917/3020 795/901/3021 796/900/3022 800/906/3023
f 804/908/3024 851/958/3025 850/959/3026 849/960/3027
f 804/908/3028 798/904/3029 799/903/3030 851/958/3031
f 804/908/3032 849/960/3033 670/737/3034 803/909/3035
f 851/958/3036 662/723/3037 663/722/3038 850/959/3039
f 851/958/3040 799/903/3041 852/961/3042 662/723/3043
f 852/961/3044 853/962/3045 661/721/3046 662/723/3047
f 852/961/3048 794/898/3049 854/963/3050 853/962/3051
f 852/961/3052 799/903/3053 793/899/3054 794/898/3055
f 854/963/3056 856/964/3057 855/965/3058 853/962/3059
f 854/963/3060 789/892/3061 857/966/3062 856/964/3063
f 854/963/3064 794/898/3065 788/893/3066 789/892/3067
f 857/966/3068 859/967/3069 858/968/3070 856/964/3071
f 857/966/3072 784/969/3073 860/970/3074 859/967/3075
f 857/966/3076 789/892/3077 783/891/3078 784/969/3079
f 860/970/3080 862/971/3081 861/972/3082 859/967/3083
f 860/973/3084 779/880/3085 863/974/3086 862/975/3087
f 860/973/3088 784/885/3089 778/881/3090 779/880/3091
f 863/974/3092 865/976/3093 864/977/3094 862/975/3095
f 863/974/3096 774/875/3097 866/978/3098 865/976/3099
f 863/974/3100 779/880/3101 773/876/3102 774/875/3103
f 866/978/3104 868/979/3105 867/980/3106 865/976/3107
f 866/978/3108 769/870/3109 869/981/3110 868/979/3111
f 866/978/3112 774/875/3113 768/871/3114 769/870/3115
f 869/981/3116 871/982/3117 870/983/3118 868/979/3119
f 869/981/3120 764/865/3121 872/984/3122 871/982/3123
f 869/981/3124 769/870/3125 763/866/3126 764/865/3127
f 872/984/3128 874/985/3129 873/986/3130 871/982/3131
f 872/984/3132 639/690/3133 640/691/3134 874/985/3135
f 872/984/3136 764/865/3137 759/861/3138 639/690/3139
f 874/985/3140 876/987/3141 875/988/3142 873/986/3143
f 874/985/3144 640/691/3145 877/989/3146 876/987/3147
f 877/989/3148 879/990/3149 878/991/3150 876/987/3151
f 877/989/3152 881/992/3153 880/993/3154 879/990/3155
f 877/989/3156 640/691/3157 637/689/3158 881/992/3159
f 881/992/3160 340/994/3161 339/995/3162 880/993/3163
f 881/992/3164 637/689/3165 60/688/3166 340/994/3167
f 339/995/3168 342/996/3169 882/997/3170 880/993/3171
f 342/996/3172 344/998/3173 883/999/3174 882/997/3175
f 344/998/3176 346/1000/3177 884/1001/3178 883/999/3179
f 346/1000/3180 348/1002/3181 885/1003/3182 884/1001/3183
f 348/1002/3184 350/1004/3185 886/1005/3186 885/1003/3187
f 350/1004/3188 352/1006/3189 887/1007/3190 886/1005/3191
f 352/1006/3192 354/1008/3193 888/1009/3194 887/1007/3195
f 354/1008/3196 356/1010/3197 889/1011/3198 888/1009/3199
f 356/1010/3200 357/1012/3201 631/680/3202 889/1011/3203
f 357/1012/3204 358/1013/3205 630/681/3206 631/680/3207
f 358/1013/3208 360/1014/3209 890/1015/3210 630/681/3211
f 360/1014/3212 362/1016/3213 891/1017/3214 890/1015/3215
f 362/390/3216 364/393/3217 892/1018/3218 891/1019/3219
f 364/393/3220 366/395/3221 893/1020/3222 892/1018/3223
f 366/395/3224 368/397/3225 894/1021/3226 893/1020/3227
f 368/397/3228 370/399/3229 895/1022/3230 894/1021/3231
f 370/399/3232 372/401/3233 896/1023/3234 895/1022/3235
f 372/401/3236 374/403/3237 897/1024/3238 896/1023/3239
f 374/403/3240 376/405/3241 898/1025/3242 897/1024/3243
f 376/405/3244 378/407/3245 899/1026/3246 898/1025/3247
f 378/1027/3248 380/1028/3249 900/1029/3250 899/1030/3251
f 380/1028/3252 382/1031/3253 901/1032/3254 900/1029/3255
f 382/1031/3256 384/1033/3257 902/1034/3258 901/1032/3259
f 384/1033/3260 386/1035/3261 903/1036/3262 902/1034/3263
f 386/1035/3264 388/1037/3265 904/1038/3266 903/1036/3267
f 388/1037/3268 390/1039/3269 905/1040/3270 904/1038/3271
f 390/1039/3272 392/1041/3273 906/1042/3274 905/1040/3275
f 392/1041/3276 393/1043/3277 629/676/3278 906/1042/3279
f 393/1043/3280 394/1044/3281 628/677/3282 629/676/3283
f 394/1044/3284 396/1045/3285 907/1046/3286 628/677/3287
f 396/1045/3288 398/1047/3289 908/1048/3290 907/1046/3291
f 398/1047/3292 400/1049/3293 909/1050/3294 908/1048/3295
f 400/1049/3296 402/1051/3297 910/1052/3298 909/1050/3299
f 402/1051/3300 404/1053/3301 911/1054/3302 910/1052/3303
f 404/1053/3304 406/1055/3305 912/1056/3306 911/1054/3307
f 406/1055/3308 408/1057/3309 913/1058/3310 912/1056/3311
f 408/1057/3312 410/1059/3313 914/1060/3314 913/1058/3315
f 410/1059/3316 412/1061/3317 915/1062/3318 914/1060/3319
f 412/1061/3320 414/1063/3321 916/1064/3322 915/1062/3323
f 414/1063/3324 71/700/3325 641/696/3326 916/1064/3327
f 916/1064/3328 918/1065/3329 917/1066/3330 915/1062/3331
f 916/1064/3332 641/696/3333 642/695/3334 918/1065/3335
f 918/1065/3336 920/1067/3337 919/1068/3338 917/1066/3339
f 918/1065/3340 642/695/3341 921/1069/3342 920/1067/3343
f 921/1069/3344 923/1070/3345 922/1071/3346 920/1067/3347
f 921/1069/3348 925/1072/3349 924/1073/3350 923/1070/3351
f 921/1069/3352 642/695/3353 643/694/3354 925/1072/3355
f 925/1072/3356 927/1074/3357 926/1075/3358 924/1073/3359
f 925/1072/3360 643/694/3361 928/1076/3362 927/1074/3363
f 928/1076/3364 643/694/3365 588/693/3366 929/1077/3367
f 928/1076/3368 931/1078/3369 930/1079/3370 927/1074/3371
f 928/1076/3372 929/1077/3373 645/704/3374 931/1078/3375
f 931/1078/3376 933/1080/3377 932/1081/3378 930/1079/3379
f 931/1078/3380 645/704/3381 646/703/3382 933/1080/3383
f 933/1080/3384 934/1082/3385 858/968/3386 932/1081/3387
f 933/1080/3388 646/703/3389 651/709/3390 934/1082/3391
f 934/1082/3392 855/965/3393 856/964/3394 858/968/3395
f 934/1082/3396 651/709/3397 652/708/3398 855/965/3399
f 932/1081/3400 861/972/3401 935/1083/3402 930/1079/3403
f 932/1081/3404 858/968/3405 859/967/3406 861/972/3407
f 935/1083/3408 926/1075/3409 927/1074/3410 930/1079/3411
f 935/1083/3412 864/1084/3413 936/1085/3414 926/1075/3415
f 935/1083/3416 861/972/3417 862/971/3418 864/1084/3419
f 936/1085/3420 937/1086/3421 924/1073/3422 926/1075/3423
f 936/1087/3424 867/980/3425 938/1088/3426 937/1089/3427
f 936/1087/3428 864/977/3429 865/976/3430 867/980/3431
f 938/1088/3432 940/1090/3433 939/1091/3434 937/1089/3435
f 938/1088/3436 870/983/3437 941/1092/3438 940/1090/3439
f 938/1088/3440 867/980/3441 868/979/3442 870/983/3443
f 941/1092/3444 943/1093/3445 942/1094/3446 940/1090/3447
f 941/1092/3448 873/986/3449 875/988/3450 943/1093/3451
f 941/1092/3452 870/983/3453 871/982/3454 873/986/3455
f 943/1093/3456 945/1095/3457 944/1096/3458 942/1094/3459
f 943/1093/3460 875/988/3461 946/1097/3462 945/1095/3463
f 946/1097/3464 948/1098/3465 947/1099/3466 945/1095/3467
f 946/1097/3468 878/991/3469 949/1100/3470 948/1098/3471
f 946/1097/3472 875/988/3473 876/987/3474 878/991/3475
f 949/1100/3476 951/1101/3477 950/1102/3478 948/1098/3479
f 949/1100/3480 953/1103/3481 952/1104/3482 951/1101/3483
f 949/1100/3484 878/991/3485 879/990/3486 953/1103/3487
f 953/1103/3488 882/997/3489 883/999/3490 952/1104/3491
f 953/1103/3492 879/990/3493 880/993/3494 882/997/3495
f 952/1104/3496 955/1105/3497 954/1106/3498 951/1101/3499
f 952/1104/3500 883/999/3501 884/1001/3502 955/1105/3503
f 955/1105/3504 957/1107/3505 956/1108/3506 954/1106/3507
f 955/1105/3508 884/1001/3509 885/1003/3510 957/1107/3511
f 957/1107/3512 959/1109/3513 958/1110/3514 956/1108/3515
f 957/1107/3516 885/1003/3517 886/1005/3518 959/1109/3519
f 959/1109/3520 961/1111/3521 960/1112/3522 958/1110/3523
f 959/1109/3524 886/1005/3525 887/1007/3526 961/1111/3527
f 961/1111/3528 963/1113/3529 962/1114/3530 960/1112/3531
f 961/1111/3532 887/1007/3533 888/1009/3534 963/1113/3535
f 963/1113/3536 965/1115/3537 964/1116/3538 962/1114/3539
f 963/1113/3540 888/1009/3541 889/1011/3542 965/1115/3543
f 965/1115/3544 632/679/3545 636/685/3546 964/1116/3547
f 965/1115/3548 889/1011/3549 631/680/3550 632/679/3551
f 964/1116/3552 636/685/3553 967/1117/3554 966/1118/3555
f 964/1116/3556 966/1118/3557 968/1119/3558 962/1114/3559
f 968/1119/3560 966/1118/3561 970/1120/3562 969/1121/3563
f 968/1119/3564 971/1122/3565 960/1112/3566 962/1114/3567
f 968/1119/3568 969/1121/3569 972/1123/3570 971/1122/3571
f 972/1123/3572 969/1121/3573 974/1124/3574 973/1125/3575
f 972/1123/3576 976/1126/3577 975/1127/3578 971/1122/3579
f 972/1123/3580 973/1125/3581 977/1128/3582 976/1126/3583
f 977/1128/3584 973/1125/3585 979/1129/3586 978/1130/3587
f 977/1128/3588 981/1131/3589 980/1132/3590 976/1126/3591
f 977/1128/3592 978/1130/3593 982/1133/3594 981/1131/3595
f 982/1134/3596 978/1135/3597 984/1136/3598 983/1137/3599
f 982/1133/3600 986/1138/3601 985/1139/3602 981/1131/3603
f 982/1134/3604 983/1137/3605 987/1140/3606 986/1141/3607
f 987/1140/3608 983/1137/3609 989/1142/3610 988/1143/3611
f 987/1140/3612 991/1144/3613 990/1145/3614 986/1141/3615
f 987/1140/3616 988/1143/3617 992/1146/3618 991/1144/3619
f 992/1146/3620 988/1143/3621 994/1147/3622 993/1148/3623
f 992/1146/3624 996/1149/3625 995/1150/3626 991/1144/3627
f 992/1146/3628 993/1148/3629 997/1151/3630 996/1149/3631
f 997/1151/3632 993/1148/3633 913/1058/3634 914/1060/3635
f 997/1151/3636 917/1066/3637 919/1068/3638 996/1149/3639
f 997/1151/3640 914/1060/3641 915/1062/3642 917/1066/3643
f 996/1149/3644 919/1068/3645 998/1152/3646 995/1150/3647
f 998/1152/3648 1000/1153/3649 999/1154/3650 995/1150/3651
f 998/1152/3652 922/1071/3653 1001/1155/3654 1000/1153/3655
f 998/1152/3656 919/1068/3657 920/1067/3658 922/1071/3659
f 1001/1156/3660 942/1094/3661 944/1096/3662 1000/1157/3663
f 1001/1156/3664 939/1091/3665 940/1090/3666 942/1094/3667
f 1001/1155/3668 922/1071/3669 923/1070/3670 939/1158/3671
f 1000/1157/3672 944/1096/3673 1002/1159/3674 999/1160/3675
f 1002/1159/3676 1003/1161/3677 990/1162/3678 999/1160/3679
f 1002/1159/3680 947/1099/3681 1004/1163/3682 1003/1161/3683
f 1002/1159/3684 944/1096/3685 945/1095/3686 947/1099/3687
f 1004/1163/3688 1005/1164/3689 985/1139/3690 1003/1161/3691
f 1004/1163/3692 950/1102/3693 1006/1165/3694 1005/1164/3695
f 1004/1163/3696 947/1099/3697 948/1098/3698 950/1102/3699
f 1006/1165/3700 1007/1166/3701 980/1132/3702 1005/1164/3703
f 1006/1165/3704 954/1106/3705 956/1108/3706 1007/1166/3707
f 1006/1165/3708 950/1102/3709 951/1101/3710 954/1106/3711
f 1007/1166/3712 975/1127/3713 976/1126/3714 980/1132/3715
f 1007/1166/3716 956/1108/3717 958/1110/3718 975/1127/3719
f 1005/1164/3720 980/1132/3721 981/1131/3722 985/1139/3723
f 1003/1161/3724 985/1139/3725 986/1138/3726 990/1162/3727
f 999/1154/3728 990/1145/3729 991/1144/3730 995/1150/3731
f 994/1147/3732 1008/1167/3733 911/1054/3734 912/1056/3735
f 994/1147/3736 988/1143/3737 989/1142/3738 1008/1167/3739
f 994/1147/3740 912/1056/3741 913/1058/3742 993/1148/3743
f 1008/1167/3744 1009/1168/3745 910/1052/3746 911/1054/3747
f 1008/1167/3748 989/1142/3749 1010/1169/3750 1009/1168/3751
f 1010/1169/3752 1012/1170/3753 1011/1171/3754 1009/1168/3755
f 1010/1169/3756 984/1136/3757 1013/1172/3758 1012/1170/3759
f 1010/1169/3760 989/1142/3761 983/1137/3762 984/1136/3763
f 1013/1172/3764 1015/1173/3765 1014/1174/3766 1012/1170/3767
f 1013/1172/3768 979/1175/3769 1016/1176/3770 1015/1173/3771
f 1013/1172/3772 984/1136/3773 978/1135/3774 979/1175/3775
f 1016/1176/3776 1018/1177/3777 1017/1178/3778 1015/1173/3779
f 1016/1179/3780 974/1124/3781 1019/1180/3782 1018/1181/3783
f 1016/1179/3784 979/1129/3785 973/1125/3786 974/1124/3787
f 1019/1180/3788 1021/1182/3789 1020/1183/3790 1018/1181/3791
f 1019/1180/3792 970/1120/3793 1022/1184/3794 1021/1182/3795
f 1019/1180/3796 974/1124/3797 969/1121/3798 970/1120/3799
f 1022/1184/3800 1024/1185/3801 1023/1186/3802 1021/1182/3803
f 1022/1184/3804 967/1117/3805 1025/1187/3806 1024/1185/3807
f 1022/1184/3808 970/1120/3809 966/1118/3810 967/1117/3811
f 1025/1187/3812 1027/1188/3813 1026/1189/3814 1024/1185/3815
f 1025/1187/3816 633/684/3817 634/683/3818 1027/1188/3819
f 1025/1187/3820 967/1117/3821 636/685/3822 633/684/3823
f 1027/1188/3824 1028/1190/3825 599/1191/3826 1026/1189/3827
f 1027/1188/3828 634/683/3829 1029/1192/3830 1028/1190/3831
f 1029/1193/3832 1031/1194/3833 1030/1195/3834 1028/1196/3835
f 1029/1193/3836 1033/1197/3837 1032/1198/3838 1031/1194/3839
f 1029/1192/3840 634/683/3841 635/682/3842 1033/1199/3843
f 1033/1197/3844 606/642/3845 603/641/3846 1032/1198/3847
f 1033/1199/3848 635/682/3849 615/659/3850 606/658/3851
f 1032/1198/3852 1035/1200/3853 1034/1201/3854 1031/1194/3855
f 1032/1198/3856 603/641/3857 604/640/3858 1035/1200/3859
f 1035/1200/3860 1037/1202/3861 1036/1203/3862 1034/1201/3863
f 1035/1200/3864 604/640/3865 1038/1204/3866 1037/1202/3867
f 1038/1204/3868 893/1020/3869 894/1021/3870 1037/1202/3871
f 1038/1204/3872 1039/1205/3873 892/1018/3874 893/1020/3875
f 1038/1204/3876 604/640/3877 605/639/3878 1039/1205/3879
f 1039/1205/3880 605/639/3881 607/644/3882 1040/1206/3883
f 1039/1205/3884 1040/1206/3885 891/1019/3886 892/1018/3887
f 1040/1207/3888 607/660/3889 615/659/3890 1041/1208/3891
f 1040/1207/3892 1041/1208/3893 890/1015/3894 891/1017/3895
f 1041/1208/3896 615/659/3897 635/682/3898 586/678/3899
f 1041/1208/3900 586/678/3901 630/681/3902 890/1015/3903
f 1037/1202/3904 894/1021/3905 895/1022/3906 1036/1203/3907
f 1036/1203/3908 895/1022/3909 896/1023/3910 1042/1209/3911
f 1036/1203/3912 1042/1209/3913 1043/1210/3914 1034/1201/3915
f 1043/1210/3916 1042/1209/3917 1044/1211/3918 602/637/3919
f 1043/1210/3920 1030/1195/3921 1031/1194/3922 1034/1201/3923
f 1043/1210/3924 602/637/3925 598/634/3926 1030/1195/3927
f 1044/1211/3928 897/1024/3929 898/1025/3930 612/649/3931
f 1044/1211/3932 1042/1209/3933 896/1023/3934 897/1024/3935
f 1044/1211/3936 612/649/3937 601/635/3938 602/637/3939
f 1030/1195/3940 598/634/3941 599/633/3942 1028/1196/3943
f 1026/1189/3944 599/1191/3945 600/656/3946 614/655/3947
f 1026/1189/3948 614/655/3949 1023/1186/3950 1024/1185/3951
f 1023/1186/3952 614/655/3953 608/654/3954 1045/1212/3955
f 1023/1186/3956 1045/1212/3957 1020/1183/3958 1021/1182/3959
f 1045/1213/3960 608/648/3961 609/647/3962 1046/1214/3963
f 1045/1213/3964 1046/1214/3965 1047/1215/3966 1020/1216/3967
f 1047/1215/3968 1046/1214/3969 626/674/3970 627/673/3971
f 1047/1215/3972 1017/1178/3973 1018/1177/3974 1020/1216/3975
f 1047/1215/3976 627/673/3977 1048/1217/3978 1017/1178/3979
f 1048/1217/3980 627/673/3981 585/672/3982 1049/1218/3983
f 1048/1217/3984 1014/1174/3985 1015/1173/3986 1017/1178/3987
f 1048/1217/3988 1049/1218/3989 1050/1219/3990 1014/1174/3991
f 1050/1219/3992 1049/1218/3993 907/1046/3994 908/1048/3995
f 1050/1219/3996 1011/1171/3997 1012/1170/3998 1014/1174/3999
f 1050/1219/4000 908/1048/4001 909/1050/4002 1011/1171/4003
f 1049/1218/4004 585/672/4005 628/677/4006 907/1046/4007
f 1046/1214/4008 609/647/4009 1051/1220/4010 626/674/4011
f 1051/1220/4012 1054/1221/4013 1053/1222/4014 1052/1223/4015
f 1051/1220/4016 609/647/4017 610/646/4018 1054/1221/4019
f 1051/1220/4020 1052/1223/4021 625/675/4022 626/674/4023
f 1054/1221/4024 1056/1224/4025 1055/1225/4026 1053/1222/4027
f 1054/1221/4028 610/646/4029 613/652/4030 1056/1224/4031
f 1056/1224/4032 901/1032/4033 902/1034/4034 1055/1225/4035
f 1056/1224/4036 613/652/4037 900/1029/4038 901/1032/4039
f 1055/1225/4040 902/1034/4041 903/1036/4042 621/667/4043
f 1055/1225/4044 621/667/4045 616/664/4046 1053/1222/4047
f 1053/1222/4048 616/664/4049 617/663/4050 1052/1223/4051
f 1052/1223/4052 617/663/4053 622/669/4054 625/675/4055
f 1011/1171/4056 909/1050/4057 910/1052/4058 1009/1168/4059
f 975/1127/4060 958/1110/4061 960/1112/4062 971/1122/4063
f 939/1158/4064 923/1070/4065 924/1073/4066 937/1086/4067
f 929/1077/4068 588/693/4069 644/699/4070 649/705/4071
f 929/1077/4072 649/705/4073 589/701/4074 645/704/4075
f 906/1042/4076 624/670/4077 619/666/4078 905/1040/4079
f 906/1042/4080 629/676/4081 623/671/4082 624/670/4083
f 905/1040/4084 619/666/4085 620/665/4086 904/1038/4087
f 904/1038/4088 620/665/4089 621/667/4090 903/1036/4091
f 900/1029/4092 613/652/4093 611/651/4094 899/1030/4095
f 899/1026/4096 611/650/4097 612/649/4098 898/1025/4099
f 855/965/4100 652/708/4101 661/721/4102 853/962/4103
f 850/959/4104 663/722/4105 664/724/4106 1057/1226/4107
f 850/959/4108 1057/1226/4109 1058/1227/4110 849/960/4111
f 1058/1227/4112 1057/1226/4113 1060/1228/4114 1059/1229/4115
f 1058/1227/4116 669/738/4117 670/737/4118 849/960/4119
f 1058/1227/4120 1059/1229/4121 673/739/4122 669/738/4123
f 1060/1228/4124 1063/1230/4125 1062/1231/4126 1061/1232/4127
f 1060/1228/4128 1057/1226/4129 664/724/4130 1063/1230/4131
f 1060/1228/4132 1061/1232/4133 1064/1233/4134 1059/1229/4135
f 1064/1233/4136 1061/1232/4137 564/1234/4138 563/1235/4139
f 1064/1233/4140 1065/1236/4141 673/739/4142 1059/1229/4143
f 1064/1233/4144 563/1235/4145 566/1237/4146 1065/1236/4147
f 566/1237/4148 98/734/4149 668/733/4150 1065/1236/4151
f 1065/1236/4152 668/733/4153 672/740/4154 673/739/4155
f 564/1234/4156 1061/1232/4157 1062/1231/4158 567/1238/4159
f 567/1238/4160 1062/1231/4161 1066/1239/4162 568/1240/4163
f 1066/1239/4164 1067/1241/4165 570/1242/4166 568/1240/4167
f 1066/1239/4168 654/711/4169 655/712/4170 1067/1241/4171
f 1066/1239/4172 1062/1231/4173 1063/1230/4174 654/711/4175
f 1067/1241/4176 1068/1243/4177 572/1244/4178 570/1242/4179
f 1067/1241/4180 655/712/4181 648/706/4182 1068/1243/4183
f 1068/1243/4184 644/699/4185 69/698/4186 572/1244/4187
f 1068/1243/4188 648/706/4189 649/705/4190 644/699/4191
f 1063/1230/4192 664/724/4193 653/713/4194 654/711/4195
f 765/868/4196 660/718/4197 760/863/4198 761/862/4199
f 760/863/4200 660/718/4201 1070/1245/4202
f 716/807/4203 682/755/4204 683/754/4205 714/799/4206
f 714/799/4207 683/754/4208 686/759/4209 713/800/4210
f 140/779/4211 574/1246/4212 688/762/4213 700/774/4214
f 574/1246/4215 575/1247/4216 687/763/4217 688/762/4218
f 575/1247/4219 576/1248/4220 691/764/4221 687/763/4222
f 576/1248/4223 578/1249/4224 1069/1250/4225 691/764/4226
f 578/1249/4227 112/746/4228 595/745/4229 1069/1250/4230
f 1069/1250/4231 595/745/4232 679/752/4233 696/770/4234
f 1069/1250/4235 696/770/4236 690/765/4237 691/764/4238
f 685/757/4239 681/756/4240 674/742/4241 675/741/4242
f 678/749/4243 676/748/4244 666/729/4245 667/731/4246
f 111/747/4247 95/730/4248 666/729/4249 676/748/4250
f 109/743/4251 672/740/4252 668/733/4253 100/732/4254
f 655/712/4255 650/710/4256 647/702/4257 648/706/4258
f 651/709/4259 646/703/4260 647/702/4261 650/710/4262
f 1070/1245/4263 660/718/4264 591/714/4265 656/717/4266
f 760/863/4267 1070/1245/4268 756/859/4269 757/858/4270
f 217/232/4271 1071/319/4272 87/89/4273
f 217/232/4274 214/229/4275 213/228/4276 1071/319/4277
f 839/946/4278 753/851/4279 1073/852/4280 1072/947/4281
f 208/850/4282 1074/853/4283 1073/852/4284 753/851/4285
f 208/221/4286 207/220/4287 1075/223/4288 1074/222/4289
f 296/316/4290 1077/318/4291 1076/317/4292 1075/223/4293 207/220/4294
f 656/717/4295 1072/947/4296 756/859/4297 1070/1245/4298
f 83/85/4299 1077/318/4300 296/316/4301 84/86/4302
