# This file uses centimeters as units for non-parametric coordinates.

mtllib shieldObj.mtl
g default
v -5.675686 10.881043 17.105400
v -9.037413 12.745155 13.365690
v -15.858605 10.626838 14.101829
v -7.075251 11.659690 18.866938
v -4.214568 9.687518 17.497097
v -5.390587 10.698758 12.959014
v -6.921676 11.923662 15.151102
v -9.095278 13.034535 17.907652
v -9.233112 11.257193 10.664044
v -13.383615 11.543320 11.664233
v -11.617960 13.543502 14.952723
v -14.963167 11.756689 17.241972
v -14.505665 7.094447 10.219597
v -17.155173 7.080576 14.002602
v -6.986321 10.380988 20.972952
v -11.794941 11.478065 20.724658
v -13.601540 7.006989 22.113720
v -7.844812 6.973051 22.652548
v -4.257973 6.912866 19.270009
v -4.853273 7.013383 11.822661
v -9.393462 7.079370 8.959703
v -16.998796 7.049190 18.252051
v -5.178005 9.867031 19.566899
v -9.382647 10.965071 21.339361
v -12.781394 9.452536 21.541602
v -10.745852 6.993292 22.848851
v -7.326684 8.831815 21.869437
v -10.475876 12.663461 19.418075
v -4.105665 8.441817 18.276043
v -5.610289 6.932919 21.554819
v -4.003473 6.952965 15.512558
v -5.044431 9.070987 12.307807
v -6.813860 7.054391 9.740520
v -9.327709 9.368622 9.698368
v -12.100267 7.091782 9.173783
v -13.651113 11.778764 19.187357
v -16.097990 9.615745 17.863112
v -15.699976 7.027433 20.417189
v -17.455793 7.066911 16.111265
v -4.845853 10.366789 17.148314
v -4.352773 10.106811 15.139472
v -6.046730 11.466971 13.942280
v -6.060438 11.235126 16.217941
v -7.924210 12.617086 16.479107
v -7.958646 12.353228 18.623463
v -6.297657 11.220448 18.003291
v -9.080774 12.344497 12.083754
v -11.386477 11.493525 10.827812
v -12.606149 12.890235 13.179685
v -10.064465 13.306549 13.976925
v -8.008429 12.494831 14.114904
v -7.125900 11.037265 11.420831
v -10.381331 13.511455 16.606387
v -15.743082 11.301241 15.403043
v -13.360355 13.046421 16.156469
v -15.022210 11.203677 12.925619
v -13.987931 9.494393 10.783309
v -16.181218 7.090257 11.933960
v -16.579495 9.187807 14.023251
v -7.001451 11.311112 19.849748
v -5.090197 10.789491 15.484343
v -7.046146 11.922116 17.303862
v -10.834859 12.758564 12.331439
v -7.430847 11.949659 12.714697
v -9.012275 13.168971 15.364818
v -14.307830 12.437889 14.350458
v -15.628705 9.311445 12.243991
v -5.598257 10.648445 18.741640
v -10.062563 9.163129 22.199428
v -8.709400 12.031325 20.058001
v -5.266881 8.537094 20.527148
v -4.065578 8.708733 15.219752
v -6.940119 9.261629 10.489919
v -11.782291 9.479806 9.865451
v -14.789945 9.621619 19.920440
v -12.054595 13.061725 17.981607
v -16.715224 9.380208 15.896861
v -25.893329 7.566462 26.886396
v 11.672885 9.127954 -60.798525
v -31.471169 5.471411 -61.036970
v -31.197571 9.314881 -61.105578
v 9.024489 6.075106 -59.136793
v 8.780704 8.322856 -59.296164
v -30.255177 8.763905 -56.913679
v -30.602328 8.704192 -54.007332
v -27.723754 8.418360 -53.948226
v -28.169011 8.447822 -59.311464
v -31.912340 9.247870 -58.141859
v -26.125572 5.871468 26.576808
v -26.569358 5.891907 21.363692
v -21.279486 5.615074 21.552292
v -21.643512 5.522063 27.704247
v 5.020438 7.605411 27.450157
v 5.297224 7.876656 22.220583
v -0.173434 7.943504 22.205582
v 0.305742 7.831895 28.360454
v 8.724648 5.241016 -61.307144
v 8.826626 7.807476 -61.748875
v 12.055082 7.166940 -60.815466
v 12.872743 6.331266 -55.530888
v 10.450429 5.962858 -55.052553
v -29.045156 7.640112 29.451712
v -24.206750 7.602305 34.350233
v -21.452203 7.786310 28.127061
v -26.166718 7.689896 21.757934
v -32.065700 7.653442 23.981770
v -20.627180 7.824098 22.228177
v 12.358829 9.159900 -55.431075
v 9.544225 8.258216 -55.034476
v -31.581270 7.439859 -61.370318
v -28.118273 7.860401 -61.952468
v -28.329160 5.359340 -61.520385
v -31.469124 5.296420 -58.417959
v -32.265004 7.098883 -58.282235
v 5.017439 8.375275 -59.535361
v 5.189944 8.358304 -54.485954
v 5.122337 8.331176 -62.057076
v 4.864991 5.336168 25.701820
v 0.580807 5.339563 27.259999
v -0.407108 5.353799 21.009067
v 5.265327 5.394937 19.666253
v 11.283593 5.348172 22.562272
v 8.464404 5.422706 28.361372
v -0.327177 5.368485 15.861213
v 5.868711 5.383570 15.475094
v 12.296016 5.459229 17.115462
v 17.619914 4.829061 18.536926
v 16.186030 5.071743 25.196339
v 6.225718 5.405637 10.815632
v 12.662159 5.350982 11.678615
v 18.148729 4.972350 12.302457
v 20.923320 6.164097 12.639040
v 20.403790 6.122649 19.386510
v 12.572259 5.494450 6.140094
v 17.982083 4.984070 6.298636
v 20.760099 6.142033 6.387028
v 19.046594 8.782001 6.592126
v 18.968215 8.697180 12.773912
v 17.679271 5.017865 0.499620
v 20.444150 6.102694 0.487970
v 18.972865 8.832687 0.631021
v 14.500543 8.033362 0.905048
v 14.488598 7.937771 6.744905
v 20.268336 6.000300 -5.350136
v 18.843741 8.842325 -5.202186
v 14.530404 8.039079 -4.874288
v 8.580799 8.037641 -4.578211
v 8.462950 7.937533 1.026813
v 18.688429 8.851184 -11.070199
v 14.367401 7.958822 -10.622260
v 8.568902 8.135774 -10.134905
v 2.612216 8.116347 -10.121466
v 2.584873 8.167835 -4.682548
v 14.059466 8.043752 -16.350640
v 8.342273 8.072594 -15.683417
v 2.534832 7.941487 -15.531793
v -3.418715 8.001412 -15.555740
v -3.335901 8.169069 -10.248555
v 7.989072 8.050925 -21.218787
v 2.313928 8.165138 -20.940185
v -3.536403 8.236201 -20.882037
v -9.177809 8.038413 -20.726003
v -9.254214 7.868247 -15.273922
v 2.047563 8.226656 -26.355283
v -3.557991 8.325652 -26.326132
v -9.045232 8.136145 -26.250328
v -14.396855 8.093858 -26.150043
v -14.690377 8.111653 -20.547181
v -3.614609 8.308394 -31.887793
v -8.913334 8.197058 -31.787224
v -14.147772 7.999497 -31.736820
v -19.336436 8.212933 -31.716938
v -19.733163 8.178692 -26.211603
v -8.882218 8.225484 -37.375890
v -13.946127 8.251982 -37.287902
v -19.033549 8.262718 -37.250248
v -24.145990 8.083973 -37.455463
v -24.627570 8.131843 -32.019000
v -13.816004 8.261463 -42.973018
v -18.767664 8.234273 -42.846878
v -23.710865 8.209210 -42.888883
v -28.651623 8.352069 -43.477348
v -29.223112 8.303386 -38.133474
v -18.559966 8.276872 -48.535106
v -23.389514 8.376597 -48.331790
v -28.173436 8.304192 -48.767525
v -31.382264 8.796208 -49.154281
v -32.294508 8.855596 -44.018934
v -23.222725 8.316055 -53.973773
v -18.495932 8.307882 -54.313002
v -18.582960 8.417896 -59.618648
v -23.440361 8.465792 -59.241817
v -18.648623 8.707248 -62.575271
v -23.596382 8.545301 -62.300001
v -18.607772 5.414209 -62.312705
v -23.596409 5.369716 -61.936012
v -18.434707 6.159506 -59.089147
v -23.434083 6.194401 -58.720240
v -28.706257 6.209648 -58.869741
v -18.190082 6.176397 -53.987766
v -23.099768 6.209910 -53.704710
v -28.142567 6.191988 -53.802821
v -18.009952 6.088695 -48.366059
v -22.952747 6.142601 -48.180460
v -28.030209 6.046339 -48.602183
v -22.946003 6.080767 -42.704953
v -28.066637 6.012182 -43.283711
v -32.202011 5.752815 -43.966142
v -31.607487 5.500830 -49.142235
v -31.257279 5.292778 -54.108317
v -34.549237 5.795604 -44.370982
v -33.661037 6.148583 -49.467370
v -32.902833 6.596096 -54.259391
v -33.586863 8.813082 -49.457366
v -32.719989 9.063184 -54.215302
v -34.552599 8.633241 -44.369018
v -35.365493 5.624126 -39.127140
v -35.428269 8.467418 -39.138069
v -33.166654 8.897057 -38.766261
v -36.425393 8.338204 -33.814016
v -34.067409 8.850829 -33.419292
v -29.873760 8.273856 -32.747090
v -35.012853 8.881102 -27.993437
v -30.578336 8.183780 -27.306144
v -25.147511 8.252192 -26.576282
v -31.264862 8.215464 -21.815698
v -25.657276 8.276792 -21.104043
v -20.178026 8.158328 -20.687927
v -26.175969 8.260580 -15.621764
v -20.577356 8.140230 -15.151572
v -14.911064 8.108529 -15.015156
v -20.880011 8.033940 -9.655095
v -15.052273 8.017287 -9.567597
v -9.244725 7.895193 -9.883278
v -15.130637 7.983647 -4.187168
v -9.266337 7.987396 -4.513735
v -3.377016 8.232584 -4.875614
v -9.327191 8.011845 0.853615
v -3.512976 8.219868 0.575815
v 2.500620 8.204442 0.762099
v -3.811653 8.349723 5.999635
v 2.268570 8.171632 6.176699
v 8.269711 7.790891 6.662914
v 1.681799 8.190916 11.532099
v 7.758150 7.871652 12.207125
v 14.113404 7.778122 12.665152
v 6.780139 7.915381 17.485451
v 13.234233 7.696537 18.569827
v 18.233449 8.465054 19.247648
v 11.378984 7.703479 24.322692
v 16.418434 8.532062 26.051238
v 18.461189 6.269356 26.457446
v 12.808219 8.258196 33.047917
v 14.625377 6.219547 34.093036
v 12.791765 5.257378 32.365892
v 7.767008 6.226806 40.777198
v 6.480509 5.202728 38.707670
v 3.307821 5.262097 33.808880
v -1.782060 5.093925 42.486036
v -3.594662 5.254259 36.720405
v -4.998596 5.255018 29.348034
v -10.588783 5.513114 37.634173
v -10.660205 5.515528 30.057863
v -10.792123 5.542815 22.934484
v -5.559673 5.409595 22.450818
v -10.938499 5.562583 16.919642
v -5.721780 5.448452 16.725232
v -11.076523 5.619567 11.457599
v -5.758863 5.484459 11.421287
v -0.187189 5.406084 10.661211
v -5.786674 5.411237 5.991502
v -0.113680 5.369527 5.686419
v 6.190520 5.461868 5.792233
v -0.005017 5.428331 0.430626
v 6.067566 5.493985 0.542604
v 12.292590 5.582340 0.611747
v 5.965523 5.505869 -4.818996
v 12.052536 5.674880 -4.962079
v 17.314897 4.846673 -5.222203
v 11.712915 5.572164 -10.541182
v 16.932662 5.171792 -10.987328
v 19.816637 5.996718 -11.230176
v 16.254131 5.331460 -16.717632
v 19.057531 5.889996 -17.046588
v 18.189185 8.910271 -16.891445
v 18.198007 5.860332 -22.734487
v 17.482479 8.926794 -22.586739
v 13.585462 8.218380 -22.001836
v 16.760085 8.964076 -28.185114
v 13.031792 8.346576 -27.591354
v 7.602207 8.194074 -26.757378
v 12.463229 8.205532 -33.151491
v 7.166674 8.165753 -32.286782
v 1.777423 8.252641 -31.847488
v 6.689093 8.321470 -37.837288
v 1.503180 8.292778 -37.458517
v -3.719149 8.323096 -37.492674
v 1.161701 8.368712 -43.109224
v -3.884555 8.370450 -43.152202
v -8.908092 8.266581 -43.033887
v -3.978795 8.468604 -48.872259
v -8.894309 8.312610 -48.770414
v -13.733845 8.412966 -48.711389
v -8.855139 8.281270 -54.515488
v -13.678020 8.457696 -54.439395
v -8.734335 8.408013 -59.785206
v -13.648428 8.525795 -59.664925
v -8.636755 8.661889 -62.734299
v -13.616299 8.655454 -62.724920
v -8.599527 5.419756 -62.540805
v -13.573596 5.410293 -62.503601
v -8.559046 6.162455 -59.308775
v -13.458375 6.129709 -59.234412
v -8.470114 6.112556 -54.196169
v -13.289216 6.207890 -54.121488
v -8.227754 5.964562 -48.547171
v -13.064088 6.143005 -48.471197
v -7.853424 5.856269 -42.858734
v -12.813924 6.026804 -42.814375
v -17.863397 6.042236 -42.765510
v -12.611269 5.987408 -37.206613
v -17.772463 6.003442 -37.204209
v -22.980947 6.052882 -37.273098
v -17.761776 6.001993 -31.673081
v -23.107651 6.040326 -31.831554
v -28.440740 6.080460 -32.465192
v -28.214349 5.995582 -37.893256
v -33.429032 6.032279 -33.303293
v -32.757764 6.064046 -38.673017
v -36.247728 5.390566 -33.791492
v -33.937716 5.841538 -27.826481
v -37.035793 5.202688 -28.343001
v -37.424809 8.163967 -28.385566
v -37.751362 5.111617 -22.769999
v -38.301970 8.049959 -22.826328
v -35.856215 8.886039 -22.458807
v -39.212401 7.907969 -17.169599
v -36.685879 8.870850 -16.841922
v -31.904085 8.364663 -16.275825
v -37.388215 8.823792 -11.136767
v -32.458598 8.250698 -10.673895
v -26.640427 8.184532 -10.131538
v -32.918661 8.271901 -5.018282
v -26.988909 8.171388 -4.607416
v -21.133382 7.951456 -4.207552
v -27.329166 7.991817 0.945826
v -21.260525 7.915459 1.171716
v -15.141861 7.958525 1.125989
v -21.195795 7.898852 6.423209
v -15.118012 7.870146 6.416383
v -9.427423 7.922609 6.288126
v -15.129016 7.822037 11.770139
v -9.596304 7.727996 11.814961
v -4.280602 8.209446 11.417434
v -9.959678 7.692485 17.534459
v -4.832753 8.015082 17.178057
v 0.539395 8.029848 16.652088
v -5.159786 7.984890 23.301431
v -10.278227 7.728842 23.730681
v -10.466681 7.745593 30.822409
v -4.817960 7.940280 30.262062
v -10.546213 7.637395 38.262181
v -3.457883 7.867556 37.426358
v 3.213626 7.841225 34.401903
v -1.704617 8.323046 42.891988
v 6.516885 8.196811 39.159319
v 8.329920 7.696057 29.764039
v -1.001338 6.219674 45.063079
v -10.634601 8.280928 44.289454
v -10.670753 6.258242 46.693639
v -10.655674 5.126748 43.918879
v -20.223857 6.384706 44.794519
v -19.404856 5.135439 42.310247
v -17.636166 5.487723 36.838824
v -27.360040 5.132719 38.599166
v -24.279792 5.629130 33.891376
v -16.353929 5.480944 29.428398
v -16.088101 5.595002 22.500201
v -21.862199 5.639034 16.270114
v -16.289931 5.669186 16.722193
v -22.541903 5.682812 11.199014
v -16.615469 5.704714 11.370230
v -23.011085 5.703910 6.120448
v -16.938844 5.706612 6.143389
v -11.212226 5.657228 6.111749
v -17.256713 5.674883 0.939176
v -11.402601 5.678716 0.790754
v -5.810107 5.493195 0.598257
v -11.698919 5.734745 -4.494173
v -5.986707 5.575326 -4.770612
v -0.097772 5.530098 -4.913985
v -6.290994 5.721592 -10.089187
v -0.304495 5.693977 -10.199374
v 5.763500 5.620346 -10.201023
v -0.588144 5.882399 -15.410561
v 5.372620 5.629291 -15.589482
v 11.208389 5.636362 -16.130733
v 4.802422 5.754197 -21.024051
v 10.500958 5.820255 -21.684548
v 15.497265 5.414891 -22.370506
v 9.729023 5.766515 -27.190760
v 14.755347 5.452808 -27.948070
v 17.362756 5.917636 -28.331561
v 13.943091 5.426926 -33.472142
v 16.406245 5.958292 -33.850680
v 15.927876 8.971334 -33.713967
v 15.440561 5.963850 -39.302775
v 15.026393 8.982969 -39.198276
v 11.820327 8.211993 -38.674640
v 14.245910 9.001557 -44.663348
v 11.117369 8.251077 -44.159276
v 6.197835 8.305315 -43.388917
v 10.311500 8.361014 -49.617874
v 5.767137 8.275741 -48.941009
v 0.877582 8.341689 -48.822508
v 0.743011 8.497006 -54.553505
v -4.016641 8.491610 -54.558778
v 0.771479 8.383633 -59.663823
v -3.893601 8.459873 -59.760260
v 0.888093 8.565124 -62.366389
v -3.771667 8.662719 -62.611383
v 0.949029 5.385138 -62.114289
v -3.729615 5.404148 -62.428299
v 0.946518 6.070710 -59.159758
v -3.717978 6.117059 -59.277141
v 1.105331 5.997050 -54.233434
v -3.646969 5.994117 -54.235708
v 1.552992 5.873435 -48.657575
v -3.357170 5.852698 -48.664081
v 2.189295 5.820042 -43.045167
v -2.863170 5.783893 -42.957513
v 2.881634 5.794221 -37.472362
v -2.371923 5.796890 -37.272111
v -7.513818 5.856368 -37.214203
v -1.884954 5.764282 -31.635980
v -7.227240 5.790496 -31.602872
v -12.498654 6.035325 -31.642812
v -6.996639 5.773473 -26.086971
v -12.433029 5.986011 -26.112154
v -17.828406 5.873228 -26.164576
v -12.377254 5.946227 -20.631537
v -17.889500 5.910376 -20.668601
v -23.453232 5.962433 -20.884336
v -23.287722 5.986385 -26.376361
v -29.011624 5.858857 -21.463616
v -28.743060 5.920491 -26.991081
v -34.422207 5.805042 -22.249284
v -29.231518 5.777597 -15.905825
v -34.839972 5.760177 -16.603105
v -38.388744 5.021075 -17.075925
v -35.103995 5.777072 -10.899795
v -38.916413 4.953125 -11.304514
v -39.985585 7.763111 -11.398270
v -39.191582 4.887484 -5.479699
v -40.397576 7.634316 -5.549255
v -37.841367 8.857797 -5.361501
v -40.720545 7.535996 0.314390
v -38.192246 8.812408 0.471290
v -33.320586 8.110070 0.711049
v -38.567308 8.760909 6.440892
v -33.692766 8.030614 6.555652
v -27.539239 8.089032 6.499238
v -33.779945 7.313449 12.311794
v -27.421923 7.714834 11.673721
v -20.999162 7.898408 11.621318
v -26.990677 7.637138 16.855430
v -20.755784 7.869444 16.855648
v -15.236468 7.790591 17.345843
v -15.500894 7.762013 23.339492
v -16.154987 7.688169 30.109560
v -17.642573 7.699411 37.204377
v -27.324861 8.166392 38.738412
v -19.440457 8.263112 42.562383
v -28.633127 6.551824 40.478983
v -33.313991 8.265619 32.766057
v -35.124855 6.735025 33.988366
v -33.499047 4.949584 32.633590
v -29.379099 5.807793 29.178188
v -38.887118 6.891627 26.552615
v -36.917879 4.825843 25.733578
v -32.325996 5.885254 23.706558
v -38.703582 4.751540 19.047495
v -34.123953 5.921712 18.094152
v -27.861966 5.936244 16.705617
v -34.945840 5.540451 12.283674
v -28.746272 5.903802 11.600830
v -35.216567 5.674940 6.440210
v -29.211954 5.706321 6.359704
v -35.243614 5.562137 0.580194
v -29.317340 5.710437 0.787895
v -23.307495 5.784743 0.887078
v -29.364647 5.605705 -4.794648
v -23.446771 5.860473 -4.475832
v -17.534148 5.806096 -4.324906
v -23.563057 5.898830 -9.922997
v -17.754312 5.895530 -9.697711
v -12.018095 5.782151 -9.805893
v -17.869708 5.903646 -15.167990
v -12.261324 5.855399 -15.194853
v -6.599720 6.002979 -15.353477
v -6.800101 5.809159 -20.672584
v -0.968936 5.706638 -20.675411
v -1.406649 5.679359 -26.087384
v 4.158963 5.944944 -26.472094
v 3.530628 5.778441 -31.955361
v 8.961581 5.901958 -32.662135
v 8.151256 5.902291 -38.132149
v 13.014200 5.542436 -38.925993
v 7.390501 5.864264 -43.595991
v 12.229279 5.594616 -44.364576
v 14.596665 5.966502 -44.734572
v 11.351641 5.719629 -49.769842
v 13.691325 6.053340 -50.131507
v 13.301935 9.073562 -50.072995
v 6.595128 5.903584 -49.035601
v 5.706949 6.064953 -54.348535
v 5.232186 6.028228 -58.980285
v 5.189514 5.309117 -61.761806
v -23.571483 5.926882 -15.392464
v -29.361721 5.803656 -10.346684
v -35.230812 5.704255 -5.182390
v -39.390127 4.832027 0.362605
v -39.585490 4.775535 6.350712
v -41.131441 7.408135 6.318315
v -39.566491 4.762942 12.579621
v -41.324914 7.256486 12.710570
v -38.732335 8.697694 12.603657
v -40.627614 7.072446 19.465083
v -38.157729 8.619440 19.056146
v -33.320114 7.634868 18.128197
v -36.623044 8.420327 25.821711
v -26.876133 5.720099 31.491620
v -30.709857 5.032801 35.344007
v -32.262605 6.646262 37.310228
v -30.594289 8.220562 35.478130
v -26.665176 7.621530 31.861259
v -21.079248 7.648559 35.710098
v -23.380726 8.214784 40.651333
v -24.765600 6.468745 42.898093
v -23.483546 5.134064 40.407542
v -21.051090 5.560403 35.323803
v -13.975948 5.500920 37.251913
v -15.131064 5.131184 43.096042
v -15.804587 6.322015 46.000192
v -15.436747 8.271196 43.347627
v -14.013589 7.667710 37.745321
v -6.554473 7.767013 37.791495
v -6.302237 8.301366 43.611487
v -5.730948 6.235989 46.215630
v -6.222248 5.110369 43.202982
v -7.001818 5.380358 37.165556
v 0.277392 5.258662 35.087120
v 2.580528 5.151366 40.491080
v 3.529214 6.219901 43.307646
v 2.487278 8.258667 40.988824
v 0.016111 7.853859 35.851460
v 6.170688 7.757334 31.721368
v 9.896388 8.229776 35.876476
v 11.646599 6.219128 37.650785
v 9.752275 5.231056 35.420070
v 6.200160 5.352197 30.753367
v 9.893517 5.384949 25.421637
v 14.561364 5.160589 28.628013
v 16.950467 6.244220 30.152863
v 14.688618 8.400857 29.403661
v 10.191370 7.700590 26.442086
v 12.415123 7.699582 21.109734
v 17.486490 8.492638 22.047564
v 19.684333 6.187340 22.658847
v 16.981347 4.937134 21.502693
v 11.857515 5.411156 19.474513
v 12.493917 5.400735 14.176580
v 17.901151 4.905272 15.221394
v 20.744215 6.145054 15.717460
v 18.632733 8.591215 15.729763
v 13.742111 7.743672 15.158799
v -31.279442 5.857736 25.649721
v -35.491613 4.877469 28.612142
v -37.381153 6.816135 30.328670
v -33.393429 5.906907 20.374520
v -37.953933 4.782731 21.854341
v -39.984699 6.996892 22.698356
v -34.673962 5.666562 14.205767
v -39.172363 4.757747 15.533666
v -41.114548 7.174974 16.005171
v -38.473619 8.662463 15.508949
v -33.577150 7.455225 14.877038
v -37.504845 8.534744 21.934368
v -32.760789 7.643166 20.738252
v -35.171699 8.352467 28.867453
v -30.580586 7.646897 26.671173
v 0.440759 5.187886 4.478074
v -0.812798 5.126111 4.496263
v -1.001665 4.993658 7.892136
v -0.698614 -1.019504 5.309048
v 0.509669 -1.032314 5.296022
v 0.635232 -1.028770 4.740201
v -0.721362 -1.092051 4.690142
v 0.732508 5.009190 7.868577
v -0.810941 5.257025 7.601321
v -1.362315 4.387133 5.189273
v 1.056492 4.480923 5.110287
v 0.533803 4.774438 7.634216
v -0.183533 5.216836 4.428206
v -0.225330 5.482833 5.261093
v 0.555620 5.378995 5.188597
v 0.534993 4.409722 4.313241
v -0.204531 4.386526 4.187320
v -0.993997 5.271708 5.165248
v -0.932325 4.382993 4.393110
v -0.987344 5.355435 7.121982
v -1.220708 4.910454 7.207707
v -0.607393 4.576313 7.170832
v -0.474872 4.807457 7.802759
v -0.391158 5.271141 7.739916
v -0.314878 -0.964198 5.318304
v -0.496531 -0.151049 5.458061
v -1.089658 -0.359116 5.294486
v -0.279624 -0.994452 4.675598
v -1.046665 -0.340246 4.663851
v 0.123545 -0.962235 5.314342
v 0.187498 -0.974395 4.693715
v 0.840108 -0.286233 5.328144
v 0.195428 -0.131921 5.472466
v 0.937902 -0.307955 4.745153
v 0.310343 -0.210552 4.494733
v -0.420593 -0.211698 4.477276
v 0.202740 5.226263 7.788605
v 0.118480 4.765083 7.768628
v 0.961350 5.153852 7.215056
v 0.362376 5.486947 7.114558
v 0.711900 4.708316 7.186824
v -0.344446 5.516238 7.088557
v -1.335091 4.775069 6.278602
v -1.095859 5.380235 6.192219
v -0.722764 3.921888 5.732283
v -0.731102 4.427043 6.482090
v -1.103099 3.154806 4.934621
v -0.617965 3.046550 5.315679
v -0.878681 3.190781 4.360644
v 0.776193 4.021475 5.601996
v 0.680992 3.076471 5.206755
v 0.873852 3.180410 4.673213
v 0.434922 3.189996 4.261496
v 0.549509 5.465955 6.213573
v 1.072312 5.075088 6.226460
v 0.829258 4.557406 6.422785
v 0.105105 4.553410 7.171475
v 0.104937 4.391667 6.509538
v 0.081016 3.926302 5.791567
v 0.057383 3.032595 5.372098
v -0.600516 1.914629 5.367181
v 0.124007 1.872673 5.408411
v 0.781534 1.970332 5.241397
v 0.966789 1.962468 4.651621
v 0.222253 0.764283 5.499456
v 0.974043 0.771584 5.331590
v 1.115200 0.741537 4.721612
v 0.432275 0.703861 4.393568
v 0.406360 1.865263 4.297162
v -0.336149 1.850884 4.254335
v -0.243503 3.176520 4.191668
v -0.447025 0.704484 4.355386
v -1.189114 0.745548 4.586804
v -0.983756 1.926564 4.442248
v -1.210605 2.015130 5.038391
v -1.372388 0.781179 5.233679
v -0.662837 0.778677 5.451243
v -0.310351 5.533160 6.212752
v 0.661579 5.156220 -4.810810
v -0.708228 5.200034 -4.877468
v -0.584965 -1.200624 -5.196477
v 0.721603 -1.072415 -5.185633
v -0.858324 5.059813 -8.207147
v 0.723138 -1.021694 -5.747396
v -0.437092 -1.208879 -5.731789
v 0.904733 5.045405 -8.229995
v 1.125783 4.504652 -5.406451
v -0.700281 4.813144 -7.980652
v 0.719425 4.812980 -7.985025
v -1.099051 4.510615 -5.393382
v 0.548427 5.373532 -5.565035
v -0.462379 5.409482 -5.695474
v -0.516892 4.449889 -4.658132
v 0.488532 4.378030 -4.633270
v -0.137920 -1.064581 -5.154605
v -0.356643 -0.253170 -4.933681
v -0.982191 -0.414162 -5.162626
v -0.959679 -0.426930 -5.758540
v -0.095295 -1.054254 -5.769744
v 0.311954 -1.018865 -5.150801
v 0.321644 -0.974680 -5.782243
v 1.042474 -0.324484 -5.180117
v 0.417743 -0.230196 -4.925274
v 1.050324 -0.304026 -5.785520
v -0.880243 4.762742 -7.547741
v -0.998835 5.221711 -7.546881
v -0.298486 5.233530 -8.164010
v -0.269727 4.780415 -8.105505
v -0.337142 5.512027 -7.477297
v 0.372273 -0.136045 -5.918935
v -0.356162 -0.186496 -5.919549
v 0.331928 5.232305 -8.168283
v 0.418337 5.505296 -7.482356
v 1.073368 5.201106 -7.557685
v 0.902316 4.755271 -7.544487
v 0.296369 4.785398 -8.106969
v 0.967630 4.033580 -5.912977
v 1.040889 4.603982 -6.767725
v 1.170460 5.101597 -6.566231
v 0.544697 5.481652 -6.589220
v 0.391182 3.196784 -4.592969
v 0.918349 3.179227 -4.976165
v 0.843009 3.093530 -5.483667
v -0.311527 4.573788 -7.526554
v 0.340173 4.575666 -7.529537
v -0.425932 5.495479 -6.601071
v -1.104828 5.159770 -6.635863
v -1.045230 4.632145 -6.764467
v -0.973517 4.134497 -5.938632
v -0.379542 4.423495 -6.867954
v -0.382914 3.951657 -6.157378
v -0.320623 3.058294 -5.707739
v -0.857083 3.120241 -5.446076
v -0.921438 3.225712 -4.995744
v -0.950647 1.973209 -5.486697
v -0.961373 1.918840 -4.927443
v -0.359127 1.825093 -4.660183
v -0.371274 3.192054 -4.603934
v 0.402708 1.828612 -4.664380
v -0.406123 0.647253 -4.794143
v 0.466316 0.645702 -4.791485
v 1.162658 0.709971 -5.107676
v 0.997779 1.928446 -4.974345
v 1.167715 0.776392 -5.737604
v 0.966981 1.969108 -5.566165
v 0.429135 0.750535 -5.911559
v 0.354980 1.884771 -5.767717
v 0.305701 3.052912 -5.696199
v 0.373621 3.938132 -6.130179
v -0.342504 1.892773 -5.768000
v -0.445635 0.756825 -5.902106
v -1.177336 0.765617 -5.689873
v -1.150693 0.703949 -5.059790
v 0.394460 4.418515 -6.863751
v -0.611281 0.534724 -6.129159
v -0.288067 -0.628401 -6.137289
v 0.529984 -0.429536 -5.889802
v 0.200436 0.543295 6.131939
v 0.535288 0.700736 -6.115438
v -1.041904 -0.095071 5.434713
v -0.636068 -0.573907 5.419025
v 0.506130 -0.827308 5.404801
v -0.261877 0.530940 5.945256
v -0.597737 0.003245 -6.139603
v -0.967347 -0.130235 -5.216714
v -0.720611 0.617462 -5.157097
v -0.095948 0.911587 -5.166920
v -0.048540 0.659972 -6.016037
v 0.014761 0.122890 -6.175379
v -0.489464 -0.702546 -5.204865
v 0.082010 -0.552288 -6.064220
v 0.113998 -0.787469 -5.201167
v 0.602680 0.134061 -6.046223
v 0.967809 0.117151 -5.216714
v 0.732195 -0.544681 -5.211517
v 0.355053 -0.136267 6.080342
v 0.928137 0.046114 5.290287
v 0.446793 0.824490 5.261511
v -0.544869 -0.005195 6.018041
v -0.338494 0.860978 5.187866
v 0.570998 0.795269 -5.143580
v -0.991887 -0.159115 4.184036
v -0.587980 -0.754697 4.206217
v -0.816624 0.370365 5.259322
v -0.786051 0.504878 4.167804
v 0.048676 -0.835925 4.195554
v 0.047663 -0.799729 5.438308
v 0.631030 -0.594384 4.180889
v 0.952316 0.126814 4.159041
v 0.935793 0.169765 2.995043
v 0.496290 0.815136 2.994833
v 0.484026 0.810567 4.160792
v 0.651719 -0.554759 2.997039
v 0.656021 -0.543188 1.811541
v 0.944040 0.176963 1.819699
v 0.063567 -0.828350 2.999041
v 0.071036 -0.818850 1.808950
v 0.066756 -0.809482 0.626303
v 0.662408 -0.525596 0.632538
v -0.572989 -0.756739 2.994517
v -0.560469 -0.738141 1.807979
v -0.579597 -0.711223 0.626936
v -0.579320 -0.684936 -0.552139
v 0.062443 -0.806477 -0.546813
v -0.956718 -0.121909 1.819566
v -1.014662 -0.105451 0.646998
v -1.027343 -0.099590 -0.551362
v -1.032692 -0.103282 -1.735524
v -0.582217 -0.677357 -1.732155
v -0.769773 0.588537 0.629172
v -0.761397 0.578503 -0.555380
v -0.751654 0.569854 -1.733672
v -0.755454 0.595738 -2.911172
v -1.022437 -0.102165 -2.933272
v -0.177938 0.909482 -0.548133
v -0.165290 0.908869 -1.730699
v -0.157519 0.912865 -2.909122
v -0.132070 0.923239 -4.091147
v -0.736150 0.615257 -4.096884
v 0.513266 0.805811 -1.729267
v 0.522474 0.786953 -2.907125
v 0.545937 0.783389 -4.075363
v 0.973749 0.165857 -2.902915
v 0.975595 0.150836 -4.072500
v 0.697099 -0.543819 -2.902495
v 0.710739 -0.556635 -4.080697
v 0.081993 -0.813006 -2.905687
v 0.103288 -0.810818 -4.090701
v -0.561477 -0.685654 -2.916259
v -0.525443 -0.693093 -4.095588
v -0.994711 -0.109499 -4.093805
v 0.070882 -0.813378 -1.728597
v 0.687857 -0.543668 -1.723019
v 0.674946 -0.532251 -0.539775
v 0.963734 0.175091 -1.719544
v 0.964934 0.184421 -0.545197
v 0.962598 0.180345 0.642320
v 0.505378 0.807855 -0.542999
v 0.494800 0.806935 0.636863
v 0.490774 0.808938 1.816792
v -0.184479 0.907458 0.632231
v -0.172689 0.906003 1.818735
v -0.180867 0.895148 2.999129
v -0.759966 0.594258 1.820156
v -0.760990 0.565873 3.003853
v -0.239252 0.882695 4.152681
v -0.961156 -0.141428 2.992231
v -17.117537 5.364412 -9.216598
v -18.586197 5.444413 9.149723
v -17.036846 5.446143 10.590062
v -15.903583 5.205951 -9.079929
v -17.615073 5.083490 10.789279
v -16.938053 5.587505 -9.107834
v -16.741946 5.344495 -7.645866
v -16.291382 5.506473 -7.611364
v -16.064657 5.426991 11.990035
v -15.892919 5.166684 11.891491
v -15.632253 5.226653 11.694542
v -15.769464 5.442158 11.815439
v -16.291337 5.601799 -8.758241
v -16.065170 5.581829 -9.603340
v -18.119343 5.301348 -8.492427
v -17.576000 5.386787 -8.229219
v -16.857958 5.139372 -8.982995
v -17.762226 5.150186 9.150073
v -17.796143 5.034955 10.198838
v -18.413851 5.069279 10.205633
v -18.169234 5.263311 10.144302
v -18.066895 5.358874 9.017528
v -18.039108 4.632104 8.235055
v -18.235340 4.535549 8.326366
v -17.567962 5.408012 11.009340
v -16.917331 5.461099 11.433919
v -16.634316 5.435951 10.916648
v -17.103885 5.448814 10.051779
v -17.693271 5.355295 10.086704
v -16.291152 5.472587 10.079361
v -15.524508 5.248195 -8.430371
v -16.099117 5.202493 -7.987928
v -15.096826 5.607570 -8.537400
v -18.102843 5.206807 11.409612
v -17.061271 5.077084 11.097757
v -17.267514 5.132430 11.812479
v -16.970154 5.544934 -7.932630
v -17.698516 4.476457 8.431813
v -16.682394 5.380544 -6.871424
v -17.596519 5.335579 -6.949191
v -17.386318 5.183559 -8.028902
v -15.681725 5.277578 -6.979314
v -17.218925 5.700709 -6.860299
v -16.255635 5.602484 -6.838867
v -15.762266 5.387530 -8.082395
v -15.348085 5.473274 -6.994553
v -16.131245 5.299181 -5.895386
v -15.211140 5.319445 -5.919833
v -14.437608 5.391346 -5.995742
v -14.591755 5.609342 -7.222986
v -14.799237 5.178573 -6.111198
v -14.946646 5.360789 -7.170141
v -15.600599 5.067922 -6.088630
v -14.738811 4.254092 -5.538307
v -15.564887 4.175302 -5.594310
v -16.672176 4.163854 -5.598871
v -16.686905 5.077258 -6.059264
v -17.593251 4.201383 -5.548170
v -17.598617 5.090750 -6.044675
v -18.363430 4.256988 -5.447248
v -18.361547 5.178026 -6.011647
v -18.348260 5.386058 -7.025941
v -17.988915 5.317843 -5.877155
v -17.957077 5.562940 -6.961918
v -17.189864 5.290996 -5.876885
v -17.959835 4.319373 -5.298617
v -17.151921 4.300027 -5.340734
v -16.054906 4.286015 -5.362542
v -17.123646 3.204763 -5.041941
v -15.970239 3.171621 -5.077894
v -15.046062 3.183925 -5.046083
v -15.129170 4.329046 -5.334546
v -14.245194 3.193109 -5.033573
v -14.332535 4.384248 -5.314255
v -14.731286 3.117080 -5.264156
v -14.227576 2.008312 -4.723491
v -14.778027 1.952845 -4.940540
v -15.625839 1.967697 -4.977270
v -15.564721 3.082096 -5.325912
v -16.680878 2.006238 -4.963501
v -16.657252 3.085343 -5.326558
v -17.585617 2.076763 -4.916994
v -17.567455 3.132213 -5.265036
v -18.380431 2.183509 -4.786686
v -18.341798 3.193980 -5.131829
v -17.937191 2.204742 -4.654295
v -17.920211 3.236331 -5.000279
v -17.136497 2.141684 -4.692646
v -18.024746 1.202614 -4.213227
v -17.195596 1.126493 -4.228725
v -16.009545 1.026499 -4.260396
v -15.960487 2.073668 -4.723819
v -15.087108 0.971001 -4.242226
v -15.030258 2.042949 -4.712897
v -14.293575 0.887376 -4.285988
v -15.167015 -0.053582 -3.721089
v -14.380972 -0.146084 -3.745800
v -14.999492 -0.182863 -3.912496
v -14.877522 0.853517 -4.459712
v -15.796056 -0.137174 -3.964068
v -15.703588 0.890228 -4.501776
v -16.922342 -0.026280 -3.951984
v -16.796528 0.971456 -4.491934
v -17.828803 0.061939 -3.920978
v -17.697458 1.065736 -4.452744
v -18.637173 0.161771 -3.840521
v -18.507815 1.191020 -4.347959
v -18.111060 0.198923 -3.700946
v -18.699560 -0.870443 -3.299814
v -18.157241 -0.777178 -3.135464
v -17.323768 -0.818837 -3.149925
v -17.260648 0.134099 -3.712979
v -16.120581 -0.975900 -3.201520
v -16.072552 0.017101 -3.754693
v -15.240404 -1.039388 -3.146576
v -16.181509 -1.880197 -2.537237
v -15.287687 -1.983594 -2.484109
v -14.525822 -2.011393 -2.441885
v -14.462107 -1.118429 -3.138945
v -15.213101 -2.133619 -2.614877
v -15.124253 -1.170535 -3.304046
v -15.989872 -2.137336 -2.692729
v -15.916302 -1.142795 -3.381659
v -17.081997 -1.929076 -2.672876
v -17.004278 -1.018867 -3.378506
v -17.988031 -1.859807 -2.658835
v -17.910125 -0.941602 -3.353767
v -18.748115 -1.811594 -2.662458
v -18.090321 -2.521549 -1.716039
v -18.865645 -2.465072 -1.715942
v -18.241643 -2.285203 -1.619232
v -18.185955 -1.670513 -2.503561
v -17.423280 -2.285014 -1.603080
v -17.372643 -1.684085 -2.486752
v -16.302727 -2.462219 -1.608465
v -17.418274 -2.492576 -0.504600
v -16.316976 -2.606510 -0.513263
v -15.410488 -2.909571 -0.534116
v -15.368888 -2.705056 -1.603077
v -14.598906 -2.950982 -0.526399
v -14.567637 -2.676880 -1.563948
v -15.332635 -3.181676 -0.576963
v -15.284046 -2.911697 -1.703062
v -16.187194 -2.928475 -0.547301
v -16.107471 -2.810303 -1.692503
v -17.301224 -2.780050 -0.566150
v -17.202946 -2.541718 -1.712252
v -18.131270 -2.751007 -0.530305
v -17.279347 -2.840378 0.619765
v -18.060428 -2.787582 0.683858
v -18.826736 -2.634251 0.765059
v -18.889261 -2.606171 -0.475172
v -18.105908 -2.505771 0.696206
v -18.225531 -2.470310 -0.482813
v -17.310568 -2.553321 0.634845
v -17.953267 -2.497018 1.826034
v -17.174766 -2.528144 1.764719
v -16.154691 -2.742754 1.712076
v -16.239356 -2.700639 0.579268
v -15.309549 -2.961230 1.685903
v -15.396760 -3.003164 0.561883
v -14.556590 -2.973125 1.635521
v -14.612455 -3.000060 0.543650
v -15.301220 -3.241799 1.707182
v -15.354521 -3.262732 0.554972
v -16.147485 -3.021033 1.734248
v -16.183544 -3.012366 0.571790
v -17.170588 -2.815435 1.790444
v -16.030376 -2.716272 2.824533
v -17.088291 -2.679167 2.968028
v -17.869117 -2.632793 3.010586
v -17.931714 -2.777286 1.847193
v -18.612350 -2.589920 2.979407
v -18.668016 -2.634817 1.907070
v -17.886255 -2.382331 2.901957
v -18.651884 -2.250565 4.047988
v -17.908935 -2.006020 3.899944
v -17.054195 -1.933673 3.820342
v -17.083591 -2.403880 2.860461
v -15.966293 -1.834293 3.681041
v -16.012196 -2.447347 2.788018
v -15.101185 -1.970795 3.735343
v -15.156841 -2.653293 2.791194
v -14.358437 -2.172390 3.897678
v -14.413382 -2.847426 2.806775
v -15.084420 -2.162763 3.861352
v -15.151062 -2.953082 2.883251
v -15.920431 -2.063168 3.777796
v -15.154753 -1.224444 4.645271
v -15.968177 -1.239573 4.633998
v -17.057373 -1.305332 4.714480
v -16.915693 -2.125138 3.941027
v -17.899817 -1.423923 4.881433
v -17.857468 -2.218532 4.072282
v -18.663005 -1.463433 4.950160
v -17.895290 -0.423412 5.544137
v -18.640592 -0.441419 5.614698
v -17.958889 -0.280516 5.318124
v -17.945371 -1.245711 4.688827
v -17.126168 -0.236146 5.215813
v -17.094030 -1.111244 4.519881
v -15.992532 -0.174244 5.129923
v -16.004440 -1.056526 4.442498
v -15.172627 -0.146091 5.105312
v -15.152920 -1.046622 4.435109
v -14.497317 -0.221821 5.236849
v -14.411039 -1.151640 4.617968
v -15.213288 -0.314757 5.318285
v -14.560701 0.693505 5.844199
v -15.219881 0.586297 5.968205
v -15.969858 0.456900 6.094917
v -16.019879 -0.360315 5.348053
v -17.040075 0.579565 6.139003
v -17.118589 -0.381128 5.435305
v -17.830055 0.563127 6.197609
v -16.883851 1.468077 6.778940
v -17.719768 1.509775 6.781037
v -18.427784 1.575753 6.753153
v -18.604025 0.579467 6.231530
v -17.931135 1.641524 6.523539
v -17.958701 0.690338 5.950595
v -16.981811 1.660102 6.572429
v -17.106296 0.681871 5.895245
v -15.771992 1.627660 6.707694
v -15.946000 0.697650 5.870248
v -14.938903 1.654038 6.477531
v -15.103726 0.784773 5.732426
v -14.612098 1.596128 6.538711
v -14.749919 2.734759 6.874908
v -14.664311 2.683164 7.052618
v -15.277905 2.661838 7.193879
v -15.206522 1.517655 6.694500
v -15.926867 2.601586 7.444523
v -15.839077 1.401940 6.882944
v -16.889806 2.321330 7.373840
v -16.146054 3.631868 7.794926
v -17.032160 3.422992 7.925127
v -17.647648 3.462846 7.890257
v -17.662201 2.441690 7.327165
v -18.168044 3.555570 7.746009
v -18.331627 2.533699 7.268820
v -17.975949 3.637075 7.598395
v -17.960988 2.598378 7.034898
v -17.434124 3.586032 7.664318
v -17.234215 2.560544 7.118197
v -17.513989 4.655530 8.254668
v -16.938446 4.703211 8.220135
v -16.807716 3.589035 7.766546
v -16.467440 2.554801 7.260779
v -16.045443 4.795435 8.027730
v -16.011575 3.854153 7.436190
v -15.812967 2.764056 7.110351
v -15.307921 4.928648 7.937100
v -15.308913 3.917491 7.272237
v -15.360299 2.751855 6.948217
v -14.664170 4.965622 7.950155
v -14.684124 3.890467 7.288796
v -14.690103 4.822854 8.086600
v -14.700623 3.810184 7.445257
v -15.336968 4.733546 8.122491
v -15.355532 3.769538 7.529284
v -16.100716 4.549191 8.292054
v -15.366510 5.216663 9.191984
v -16.057627 5.093417 9.188691
v -17.035744 5.046686 9.211435
v -17.038138 4.523258 8.382242
v -16.189884 5.173382 10.242255
v -17.053601 5.102309 10.154349
v -16.323953 5.009659 11.240691
v -15.505482 5.252268 10.384709
v -15.713907 5.152416 11.322196
v -16.477055 4.953108 11.823838
v -16.512979 5.305858 12.084971
v -17.383950 5.359769 11.923606
v -16.295841 5.244958 11.669143
v -18.189450 5.405112 11.529872
v -16.018859 5.320783 11.125717
v -15.467001 5.435382 11.250850
v -15.109140 5.616636 10.383245
v -15.680220 5.535198 10.216129
v -15.188778 5.238262 11.363113
v -14.883228 5.374670 10.477001
v -14.766824 5.351989 9.212844
v -14.817752 5.539840 9.144948
v -15.405834 5.480565 9.045951
v -16.054874 5.381727 9.007388
v -16.971078 5.261835 9.130169
v -17.584215 5.351977 9.060324
v -16.461648 2.043744 6.898668
v -15.972422 2.118587 6.908433
v -17.311811 4.963513 -7.909513
v -16.911371 5.463387 -7.813710
v -15.781494 5.219755 -8.066101
v -17.475673 5.108845 -7.981603
v -16.874380 5.308470 -7.220080
v -16.115455 4.619560 -7.743475
v -16.302154 4.976419 -7.099584
v -16.540117 5.490657 -8.781992
v -15.953827 4.950120 -8.649482
v -16.018320 5.139160 -7.062716
v -16.060696 4.857400 -7.268842
v -17.017779 4.890957 -8.424070
v -16.762925 4.640359 -7.897724
v -17.083022 4.864728 -7.573577
v -17.294781 5.238854 -7.457795
v -17.162557 5.194416 -8.589788
v -16.304013 5.395754 -7.774183
v -16.074262 5.404642 -8.388302
v -16.420331 5.415570 -7.237372
v -16.912253 5.167726 -7.041188
v -16.507405 5.249417 -8.982572
v -15.859249 5.319319 -7.686670
v -15.614564 5.120416 -7.672189
v -15.583480 5.058572 -8.110258
v -15.843771 5.168610 -8.744365
v -16.467705 5.137707 -6.999633
v -15.695302 5.246452 -7.419216
v -16.007359 5.363804 -7.294933
v -16.245311 4.615372 -8.094589
v -15.756844 4.838441 -8.052759
v -15.729522 4.891524 -7.656615
v -16.372647 4.602828 -7.497263
v -16.759034 4.814464 -7.238711
v -16.446892 4.878960 -8.686531
v -0.063473 4.245862 -5.950352
v 1.004420 4.318346 -6.471484
v 0.632701 4.574879 -7.505431
v -0.420522 4.488061 -7.425834
v -0.350861 3.494595 -6.982521
v 0.417837 3.876646 -7.613758
v -0.288977 4.506296 -7.959916
v -0.902289 4.109243 -7.016536
v -0.053395 4.573406 -7.042141
v -0.384642 3.642767 -6.690768
v 0.007232 3.646794 -7.601979
v 0.351832 3.723289 -6.408711
v 0.753508 4.556187 -7.618803
v 0.512978 3.950993 -7.578345
v -0.398109 4.297456 -6.573212
v 0.381831 4.298541 -6.220080
v 0.246961 4.456519 -6.631212
v -0.486294 3.904148 -6.502695
v -0.095872 3.841586 -6.098732
v 0.390114 3.995001 -6.270606
v 0.765715 4.056433 -6.557488
v 0.793600 4.433495 -6.791840
v 0.874518 4.146118 -6.917211
v 0.726833 4.526691 -7.154570
v 0.818537 4.289974 -7.353164
v 0.279161 4.618475 -7.454543
v 0.239406 4.579069 -7.065125
v 0.314632 4.548088 -7.736533
v -0.008147 4.173828 -7.828037
v -0.472104 4.044203 -7.563531
v -0.218308 3.593073 -7.432734
v 0.282715 3.425704 -7.144924
v 0.160889 3.394796 -6.764783
v -0.804258 3.829280 -7.071408
v 0.699203 3.778220 -7.044637
v 0.014406 3.554606 -6.414048
v 0.584405 3.685688 -6.645075
v 0.516938 4.494211 7.126500
v -0.106890 4.555796 7.399167
v -0.592755 4.352663 6.898764
v 0.635629 4.017056 7.344009
v -0.242441 3.912070 7.469158
v 0.791634 4.518169 7.026558
v 0.383997 3.497438 6.906828
v -0.075902 4.120848 5.942217
v -0.197799 3.856082 6.150011
v -0.447748 4.067452 6.199206
v -0.271827 4.250798 6.267064
v 0.352506 4.385043 6.651841
v -0.001005 4.475152 7.003913
v 0.251193 4.601787 7.430606
v 0.669319 4.300350 6.432861
v 0.635296 4.287207 7.303674
v 0.814065 4.166598 6.984576
v 0.313552 4.308673 7.544382
v -0.339354 4.527894 7.350460
v -0.352418 4.208072 7.453523
v -0.025788 4.290993 7.614267
v -0.560891 4.310179 6.578848
v -0.592957 4.002367 6.553562
v -0.694137 3.958435 6.911527
v -0.626431 4.444003 7.125691
v -0.252768 4.394470 6.765728
v -0.609746 4.051854 7.217630
v 0.403399 3.932570 7.515717
v 0.442927 3.604873 7.224195
v 0.712169 3.851740 7.068659
v -0.341075 3.671368 7.248959
v 0.049958 3.520499 7.280524
v 0.057963 3.862003 7.555483
v 0.733508 3.948010 6.457360
v 0.015423 3.414927 6.823866
v 0.109403 3.580619 6.420419
v 0.560406 3.652770 6.641791
v 0.231974 3.827540 6.151432
v 0.274759 4.118558 6.077365
v -0.335744 3.663499 6.470566
v -0.393221 3.570692 6.862132
v 0.067048 4.295267 6.398498
v -16.347599 5.437425 10.165186
v -15.774410 5.077032 11.336771
v -16.515147 5.135968 11.295827
v -15.770587 5.268664 10.122832
v -16.261995 4.763007 10.322112
v -17.076371 5.006764 10.750084
v -16.276063 4.677826 10.428387
v -16.621398 4.844806 11.494798
v -16.200609 4.851457 11.536618
v -16.295780 5.533197 10.102193
v -15.663865 4.927245 11.245665
v -16.016483 5.170671 10.048473
v -17.026424 4.861050 10.506655
v -17.015487 4.846366 10.981703
v -15.837226 4.910179 10.365778
v -16.419421 4.946468 10.029604
v -16.793584 4.936021 10.313284
v -16.799970 5.359850 10.478209
v -16.642069 5.258713 10.986684
v -16.296930 5.264061 10.741788
v -15.959986 5.349883 10.580326
v -15.790744 5.275570 10.937483
v -16.172006 5.122450 11.195999
v -16.057725 4.710993 11.316682
v -15.619330 5.013553 10.981409
v -16.898722 5.024846 11.273137
v -15.601205 5.197118 10.526420
v -16.631894 4.673432 10.532995
v -16.221955 4.572171 10.830467
v -16.869534 4.731349 10.820371
v -16.750043 4.817359 11.337158
v -15.873502 4.760050 10.955655
v -16.511260 4.617913 11.198463
vt 0.884160 0.255612
vt 0.877223 0.256373
vt 0.884733 0.244179
vt 0.891004 0.248550
vt 0.870287 0.257133
vt 0.878462 0.239808
vt 0.886638 0.222482
vt 0.892243 0.231985
vt 0.897848 0.241489
vt 0.884160 0.255612
vt 0.891004 0.248550
vt 0.899261 0.257092
vt 0.892330 0.262417
vt 0.897848 0.241489
vt 0.906192 0.251767
vt 0.914536 0.262045
vt 0.907518 0.265633
vt 0.900500 0.269222
vt 0.913776 0.229498
vt 0.915089 0.217281
vt 0.927589 0.222704
vt 0.923230 0.235476
vt 0.916402 0.205064
vt 0.931948 0.209931
vt 0.947495 0.214799
vt 0.940089 0.228126
vt 0.932684 0.241453
vt 0.913776 0.229498
vt 0.905812 0.235493
vt 0.903666 0.224633
vt 0.915089 0.217281
vt 0.897848 0.241489
vt 0.892243 0.231985
vt 0.886638 0.222482
vt 0.901520 0.213773
vt 0.916402 0.205064
vt 0.913776 0.229498
vt 0.923230 0.235476
vt 0.914711 0.243621
vt 0.905812 0.235493
vt 0.932684 0.241453
vt 0.923610 0.251749
vt 0.914536 0.262045
vt 0.906192 0.251767
vt 0.897848 0.241489
vt 0.970279 0.234870
vt 0.964554 0.247470
vt 0.952322 0.237798
vt 0.958887 0.224835
vt 0.958829 0.260071
vt 0.945756 0.250762
vt 0.932684 0.241453
vt 0.940089 0.228126
vt 0.947495 0.214799
vt 0.970279 0.234870
vt 0.958887 0.224835
vt 0.970819 0.217382
vt 0.982755 0.233084
vt 0.947495 0.214799
vt 0.958884 0.201679
vt 0.970272 0.188560
vt 0.982752 0.209929
vt 0.995232 0.231299
vt 0.900500 0.269222
vt 0.896370 0.279088
vt 0.886797 0.267730
vt 0.892330 0.262417
vt 0.892240 0.288954
vt 0.881263 0.273044
vt 0.870287 0.257133
vt 0.877223 0.256373
vt 0.884160 0.255612
vt 0.892240 0.288954
vt 0.913437 0.287989
vt 0.919006 0.302983
vt 0.891834 0.304110
vt 0.934634 0.287024
vt 0.946177 0.301857
vt 0.957721 0.316690
vt 0.924575 0.317978
vt 0.891429 0.319266
vt 0.892240 0.288954
vt 0.896370 0.279088
vt 0.910477 0.276811
vt 0.913437 0.287989
vt 0.900500 0.269222
vt 0.907518 0.265633
vt 0.914536 0.262045
vt 0.924585 0.274534
vt 0.934634 0.287024
vt 0.852602 0.283137
vt 0.861444 0.270135
vt 0.876639 0.287122
vt 0.872015 0.301201
vt 0.870287 0.257133
vt 0.881263 0.273044
vt 0.892240 0.288954
vt 0.891834 0.304110
vt 0.891429 0.319266
vt 0.852602 0.283137
vt 0.857582 0.239997
vt 0.868022 0.239902
vt 0.861444 0.270135
vt 0.862562 0.196857
vt 0.874600 0.209670
vt 0.886638 0.222482
vt 0.878462 0.239808
vt 0.870287 0.257133
vt 0.862562 0.196857
vt 0.888960 0.184343
vt 0.895240 0.199058
vt 0.874600 0.209670
vt 0.915357 0.171829
vt 0.915879 0.188446
vt 0.916402 0.205064
vt 0.901520 0.213773
vt 0.886638 0.222482
vt 0.915357 0.171829
vt 0.942814 0.180194
vt 0.937382 0.195063
vt 0.915879 0.188446
vt 0.970272 0.188560
vt 0.958884 0.201679
vt 0.947495 0.214799
vt 0.931948 0.209931
vt 0.916402 0.205064
vt 0.957721 0.316690
vt 0.946177 0.301857
vt 0.961107 0.284565
vt 0.975482 0.295583
vt 0.934634 0.287024
vt 0.946731 0.273548
vt 0.958829 0.260071
vt 0.976036 0.267273
vt 0.993244 0.274475
vt 0.934634 0.287024
vt 0.924585 0.274534
vt 0.935171 0.262648
vt 0.946731 0.273548
vt 0.914536 0.262045
vt 0.923610 0.251749
vt 0.932684 0.241453
vt 0.945756 0.250762
vt 0.958829 0.260071
vt 0.993244 0.274475
vt 0.976036 0.267273
vt 0.979396 0.250179
vt 0.994238 0.252887
vt 0.958829 0.260071
vt 0.964554 0.247470
vt 0.970279 0.234870
vt 0.982755 0.233084
vt 0.995232 0.231299
vt 0.854929 0.894903
vt 0.893773 0.897922
vt 0.876267 0.913184
vt 0.855314 0.915712
vt 0.820279 0.921710
vt 0.817441 0.898392
vt 0.876267 0.913184
vt 0.893773 0.897922
vt 0.906257 0.921014
vt 0.885019 0.925573
vt 0.120693 0.236734
vt 0.155738 0.223469
vt 0.164830 0.260356
vt 0.121620 0.269886
vt 0.269706 0.659159
vt 0.307205 0.657417
vt 0.307234 0.696584
vt 0.263091 0.692823
vt 0.758541 0.324055
vt 0.783783 0.305131
vt 0.803687 0.322702
vt 0.767621 0.339526
vt 0.731618 0.356995
vt 0.723719 0.341707
vt 0.271700 0.880383
vt 0.252816 0.902633
vt 0.235785 0.885343
vt 0.218192 0.867483
vt 0.263287 0.848449
vt 0.271700 0.880383
vt 0.308587 0.882850
vt 0.291779 0.924896
vt 0.272622 0.913950
vt 0.252816 0.902633
vt 0.271700 0.880383
vt 0.263287 0.848449
vt 0.305809 0.843110
vt 0.308587 0.882850
vt 0.895620 0.611744
vt 0.902839 0.600152
vt 0.908152 0.628218
vt 0.889315 0.632192
vt 0.865922 0.585560
vt 0.902839 0.600152
vt 0.895620 0.611744
vt 0.861422 0.605635
vt 0.823935 0.599196
vt 0.827639 0.577568
vt 0.861422 0.605635
vt 0.895620 0.611744
vt 0.889315 0.632192
vt 0.858933 0.626948
vt 0.820581 0.621478
vt 0.823935 0.599196
vt 0.711614 0.031062
vt 0.719383 0.020132
vt 0.738497 0.040330
vt 0.722434 0.048116
vt 0.711614 0.031062
vt 0.695631 0.032856
vt 0.694876 0.019123
vt 0.719383 0.020132
vt 0.906257 0.921014
vt 0.893773 0.897922
vt 0.913273 0.896981
vt 0.920129 0.921333
vt 0.719410 0.006358
vt 0.719383 0.020132
vt 0.694876 0.019123
vt 0.695864 0.003906
vt 0.858933 0.626948
vt 0.889315 0.632192
vt 0.892821 0.658171
vt 0.856013 0.658275
vt 0.816247 0.654312
vt 0.820581 0.621478
vt 0.889315 0.632192
vt 0.908152 0.628218
vt 0.910998 0.656068
vt 0.892821 0.658171
vt 0.187271 0.449058
vt 0.168099 0.422482
vt 0.209494 0.403434
vt 0.229922 0.439996
vt 0.229922 0.439996
vt 0.221593 0.487267
vt 0.199034 0.483258
vt 0.175841 0.479137
vt 0.187271 0.449058
vt 0.229922 0.439996
vt 0.209494 0.403434
vt 0.245315 0.393869
vt 0.260182 0.435935
vt 0.229922 0.439996
vt 0.260182 0.435935
vt 0.261399 0.483525
vt 0.244159 0.485146
vt 0.221593 0.487267
vt 0.261399 0.483525
vt 0.261879 0.523256
vt 0.240067 0.524654
vt 0.244159 0.485146
vt 0.261399 0.483525
vt 0.260182 0.435935
vt 0.293180 0.429256
vt 0.299870 0.475509
vt 0.282194 0.479192
vt 0.261399 0.483525
vt 0.282194 0.479192
vt 0.285469 0.518783
vt 0.261879 0.523256
vt 0.285469 0.518783
vt 0.287408 0.540313
vt 0.261598 0.544783
vt 0.261879 0.523256
vt 0.347687 0.501895
vt 0.306237 0.514845
vt 0.299870 0.475509
vt 0.338136 0.463959
vt 0.353031 0.522883
vt 0.347687 0.501895
vt 0.387479 0.488341
vt 0.393501 0.508851
vt 0.418513 0.558131
vt 0.419455 0.535500
vt 0.462272 0.536367
vt 0.461313 0.558664
vt 0.418513 0.558131
vt 0.461313 0.558664
vt 0.459541 0.591399
vt 0.417700 0.591496
vt 0.503207 0.559689
vt 0.461313 0.558664
vt 0.462272 0.536367
vt 0.504519 0.536819
vt 0.547156 0.539083
vt 0.545294 0.561090
vt 0.500947 0.591318
vt 0.459541 0.591399
vt 0.461313 0.558664
vt 0.503207 0.559689
vt 0.545294 0.561090
vt 0.542086 0.592762
vt 0.498970 0.634213
vt 0.458863 0.634932
vt 0.459541 0.591399
vt 0.500947 0.591318
vt 0.542086 0.592762
vt 0.538731 0.634475
vt 0.498970 0.634213
vt 0.538731 0.634475
vt 0.538763 0.677387
vt 0.499826 0.677462
vt 0.460860 0.677953
vt 0.458863 0.634932
vt 0.538731 0.634475
vt 0.542086 0.592762
vt 0.583068 0.595077
vt 0.578463 0.636194
vt 0.538731 0.634475
vt 0.578463 0.636194
vt 0.577526 0.678026
vt 0.538763 0.677387
vt 0.577526 0.678026
vt 0.577788 0.720942
vt 0.539730 0.720262
vt 0.538763 0.677387
vt 0.616283 0.679634
vt 0.577526 0.678026
vt 0.578463 0.636194
vt 0.618104 0.638718
vt 0.657745 0.641452
vt 0.655062 0.681523
vt 0.616009 0.721809
vt 0.577788 0.720942
vt 0.577526 0.678026
vt 0.616283 0.679634
vt 0.655062 0.681523
vt 0.655037 0.721949
vt 0.614944 0.762495
vt 0.575794 0.763014
vt 0.577788 0.720942
vt 0.616009 0.721809
vt 0.655037 0.721949
vt 0.654621 0.761519
vt 0.614944 0.762495
vt 0.654621 0.761519
vt 0.653984 0.800079
vt 0.613685 0.802229
vt 0.573910 0.803814
vt 0.575794 0.763014
vt 0.694405 0.760494
vt 0.654621 0.761519
vt 0.655037 0.721949
vt 0.694914 0.722310
vt 0.735127 0.722974
vt 0.734582 0.760157
vt 0.694180 0.798198
vt 0.653984 0.800079
vt 0.654621 0.761519
vt 0.694405 0.760494
vt 0.734582 0.760157
vt 0.734179 0.796602
vt 0.694148 0.835560
vt 0.654463 0.838510
vt 0.653984 0.800079
vt 0.694180 0.798198
vt 0.734179 0.796602
vt 0.734059 0.833206
vt 0.694148 0.835560
vt 0.734059 0.833206
vt 0.735614 0.869986
vt 0.696364 0.873630
vt 0.657056 0.877475
vt 0.654463 0.838510
vt 0.774444 0.831076
vt 0.734059 0.833206
vt 0.734179 0.796602
vt 0.775147 0.795452
vt 0.816540 0.794516
vt 0.815503 0.829266
vt 0.774872 0.866628
vt 0.735614 0.869986
vt 0.734059 0.833206
vt 0.774444 0.831076
vt 0.815503 0.829266
vt 0.814219 0.864028
vt 0.779203 0.902148
vt 0.740551 0.906495
vt 0.735614 0.869986
vt 0.774872 0.866628
vt 0.814219 0.864028
vt 0.817441 0.898392
vt 0.779203 0.902148
vt 0.817441 0.898392
vt 0.820279 0.921710
vt 0.783155 0.928575
vt 0.745174 0.935128
vt 0.740551 0.906495
vt 0.854929 0.894903
vt 0.817441 0.898392
vt 0.814219 0.864028
vt 0.854967 0.862466
vt 0.893024 0.863652
vt 0.893773 0.897922
vt 0.854967 0.862466
vt 0.814219 0.864028
vt 0.815503 0.829266
vt 0.857186 0.828374
vt 0.895388 0.828444
vt 0.893024 0.863652
vt 0.893024 0.863652
vt 0.895388 0.828444
vt 0.916757 0.828498
vt 0.915071 0.864184
vt 0.893024 0.863652
vt 0.915071 0.864184
vt 0.913273 0.896981
vt 0.893773 0.897922
vt 0.756400 0.068960
vt 0.770110 0.102248
vt 0.748034 0.110838
vt 0.735310 0.078041
vt 0.756400 0.068960
vt 0.735310 0.078041
vt 0.722434 0.048116
vt 0.738497 0.040330
vt 0.735310 0.078041
vt 0.748034 0.110838
vt 0.725536 0.119154
vt 0.712712 0.086659
vt 0.735310 0.078041
vt 0.712712 0.086659
vt 0.702830 0.051879
vt 0.722434 0.048116
vt 0.678701 0.098207
vt 0.712712 0.086659
vt 0.725536 0.119154
vt 0.690624 0.131092
vt 0.652150 0.143239
vt 0.641034 0.109387
vt 0.669593 0.063359
vt 0.702830 0.051879
vt 0.712712 0.086659
vt 0.678701 0.098207
vt 0.641034 0.109387
vt 0.634198 0.073083
vt 0.597561 0.083064
vt 0.634198 0.073083
vt 0.641034 0.109387
vt 0.603484 0.119983
vt 0.566109 0.130502
vt 0.560176 0.092797
vt 0.594545 0.052717
vt 0.631601 0.046417
vt 0.634198 0.073083
vt 0.597561 0.083064
vt 0.560176 0.092797
vt 0.556784 0.059573
vt 0.669593 0.063359
vt 0.634198 0.073083
vt 0.631601 0.046417
vt 0.666586 0.039860
vt 0.695631 0.032856
vt 0.702830 0.051879
vt 0.593003 0.035582
vt 0.630199 0.030534
vt 0.631601 0.046417
vt 0.594545 0.052717
vt 0.556784 0.059573
vt 0.554888 0.040239
vt 0.666586 0.039860
vt 0.631601 0.046417
vt 0.630199 0.030534
vt 0.665221 0.024503
vt 0.694876 0.019123
vt 0.695631 0.032856
vt 0.665221 0.024503
vt 0.630199 0.030534
vt 0.629508 0.011202
vt 0.665100 0.006505
vt 0.695864 0.003906
vt 0.694876 0.019123
vt 0.856809 0.931140
vt 0.822461 0.937559
vt 0.820279 0.921710
vt 0.855314 0.915712
vt 0.876267 0.913184
vt 0.885019 0.925573
vt 0.591853 0.015185
vt 0.629508 0.011202
vt 0.630199 0.030534
vt 0.593003 0.035582
vt 0.554888 0.040239
vt 0.553431 0.019758
vt 0.783155 0.928575
vt 0.820279 0.921710
vt 0.822461 0.937559
vt 0.785707 0.944883
vt 0.747888 0.951662
vt 0.745174 0.935128
vt 0.706461 0.941820
vt 0.745174 0.935128
vt 0.747888 0.951662
vt 0.709346 0.959164
vt 0.670053 0.966867
vt 0.667165 0.948791
vt 0.701599 0.911380
vt 0.740551 0.906495
vt 0.745174 0.935128
vt 0.706461 0.941820
vt 0.667165 0.948791
vt 0.662248 0.916530
vt 0.701599 0.911380
vt 0.662248 0.916530
vt 0.657056 0.877475
vt 0.696364 0.873630
vt 0.735614 0.869986
vt 0.740551 0.906495
vt 0.617554 0.881222
vt 0.657056 0.877475
vt 0.662248 0.916530
vt 0.622559 0.921559
vt 0.582477 0.926263
vt 0.577989 0.884986
vt 0.614659 0.841763
vt 0.654463 0.838510
vt 0.657056 0.877475
vt 0.617554 0.881222
vt 0.577989 0.884986
vt 0.574781 0.844648
vt 0.614659 0.841763
vt 0.574781 0.844648
vt 0.573910 0.803814
vt 0.613685 0.802229
vt 0.653984 0.800079
vt 0.654463 0.838510
vt 0.573910 0.803814
vt 0.574781 0.844648
vt 0.535192 0.846748
vt 0.534751 0.804748
vt 0.573910 0.803814
vt 0.534751 0.804748
vt 0.537117 0.762890
vt 0.575794 0.763014
vt 0.498593 0.762927
vt 0.537117 0.762890
vt 0.534751 0.804748
vt 0.496093 0.805179
vt 0.457935 0.805081
vt 0.460092 0.763207
vt 0.501237 0.720448
vt 0.539730 0.720262
vt 0.537117 0.762890
vt 0.498593 0.762927
vt 0.460092 0.763207
vt 0.462199 0.721295
vt 0.537117 0.762890
vt 0.539730 0.720262
vt 0.577788 0.720942
vt 0.575794 0.763014
vt 0.501237 0.720448
vt 0.462199 0.721295
vt 0.460860 0.677953
vt 0.499826 0.677462
vt 0.538763 0.677387
vt 0.539730 0.720262
vt 0.422122 0.679513
vt 0.460860 0.677953
vt 0.462199 0.721295
vt 0.423340 0.723268
vt 0.384506 0.726457
vt 0.383769 0.683633
vt 0.418518 0.636252
vt 0.458863 0.634932
vt 0.460860 0.677953
vt 0.422122 0.679513
vt 0.383769 0.683633
vt 0.378855 0.639925
vt 0.418518 0.636252
vt 0.378855 0.639925
vt 0.375304 0.594302
vt 0.417700 0.591496
vt 0.459541 0.591399
vt 0.458863 0.634932
vt 0.375304 0.594302
vt 0.378855 0.639925
vt 0.341104 0.646889
vt 0.333138 0.600537
vt 0.357497 0.596935
vt 0.353050 0.561316
vt 0.357497 0.596935
vt 0.333138 0.600537
vt 0.327823 0.564156
vt 0.327823 0.564156
vt 0.333138 0.600537
vt 0.315014 0.606431
vt 0.307903 0.569647
vt 0.327823 0.564156
vt 0.307903 0.569647
vt 0.302056 0.548561
vt 0.325324 0.542267
vt 0.327823 0.564156
vt 0.325324 0.542267
vt 0.351388 0.538896
vt 0.353050 0.561316
vt 0.247587 0.569878
vt 0.255498 0.589743
vt 0.229493 0.603054
vt 0.218178 0.585295
vt 0.185889 0.521847
vt 0.179777 0.540672
vt 0.147523 0.534120
vt 0.156464 0.516894
vt 0.237623 0.545533
vt 0.240067 0.524654
vt 0.261879 0.523256
vt 0.261598 0.544783
vt 0.156464 0.516894
vt 0.147523 0.534120
vt 0.119138 0.517786
vt 0.129351 0.501742
vt 0.156464 0.516894
vt 0.129351 0.501742
vt 0.154833 0.468124
vt 0.175841 0.479137
vt 0.156464 0.516894
vt 0.175841 0.479137
vt 0.199034 0.483258
vt 0.185889 0.521847
vt 0.113224 0.435566
vt 0.080215 0.461896
vt 0.057897 0.435570
vt 0.094348 0.411941
vt 0.127997 0.454056
vt 0.113224 0.435566
vt 0.094348 0.411941
vt 0.142721 0.388000
vt 0.168099 0.422482
vt 0.127997 0.454056
vt 0.168099 0.422482
vt 0.187271 0.449058
vt 0.175841 0.479137
vt 0.154833 0.468124
vt 0.142721 0.388000
vt 0.094348 0.411941
vt 0.084632 0.389220
vt 0.074404 0.365301
vt 0.126745 0.350231
vt 0.142721 0.388000
vt 0.126745 0.350231
vt 0.175814 0.335450
vt 0.189412 0.370656
vt 0.142721 0.388000
vt 0.189412 0.370656
vt 0.209494 0.403434
vt 0.168099 0.422482
vt 0.189412 0.370656
vt 0.175814 0.335450
vt 0.217127 0.322601
vt 0.228725 0.358277
vt 0.189412 0.370656
vt 0.228725 0.358277
vt 0.245315 0.393869
vt 0.209494 0.403434
vt 0.228725 0.358277
vt 0.217127 0.322601
vt 0.254585 0.310813
vt 0.265328 0.347534
vt 0.228725 0.358277
vt 0.265328 0.347534
vt 0.281591 0.384586
vt 0.245315 0.393869
vt 0.281591 0.384586
vt 0.293180 0.429256
vt 0.260182 0.435935
vt 0.245315 0.393869
vt 0.316143 0.375242
vt 0.281591 0.384586
vt 0.265328 0.347534
vt 0.302787 0.336579
vt 0.339959 0.325665
vt 0.352683 0.365542
vt 0.327908 0.419091
vt 0.293180 0.429256
vt 0.281591 0.384586
vt 0.316143 0.375242
vt 0.352683 0.365542
vt 0.364001 0.407804
vt 0.338136 0.463959
vt 0.299870 0.475509
vt 0.293180 0.429256
vt 0.327908 0.419091
vt 0.364001 0.407804
vt 0.375904 0.451037
vt 0.414043 0.438138
vt 0.375904 0.451037
vt 0.364001 0.407804
vt 0.400919 0.396383
vt 0.437784 0.384277
vt 0.452142 0.424777
vt 0.426424 0.474275
vt 0.387479 0.488341
vt 0.375904 0.451037
vt 0.414043 0.438138
vt 0.452142 0.424777
vt 0.465727 0.460134
vt 0.433839 0.495811
vt 0.393501 0.508851
vt 0.387479 0.488341
vt 0.426424 0.474275
vt 0.465727 0.460134
vt 0.473690 0.480271
vt 0.473690 0.480271
vt 0.465727 0.460134
vt 0.504205 0.443840
vt 0.512414 0.462836
vt 0.547156 0.539083
vt 0.589513 0.542370
vt 0.586936 0.564800
vt 0.545294 0.561090
vt 0.586936 0.564800
vt 0.583068 0.595077
vt 0.542086 0.592762
vt 0.545294 0.561090
vt 0.627690 0.569797
vt 0.586936 0.564800
vt 0.589513 0.542370
vt 0.630718 0.547316
vt 0.671086 0.552975
vt 0.667734 0.575065
vt 0.623538 0.598350
vt 0.583068 0.595077
vt 0.586936 0.564800
vt 0.627690 0.569797
vt 0.667734 0.575065
vt 0.663540 0.602270
vt 0.618104 0.638718
vt 0.578463 0.636194
vt 0.583068 0.595077
vt 0.623538 0.598350
vt 0.663540 0.602270
vt 0.657745 0.641452
vt 0.697289 0.644545
vt 0.657745 0.641452
vt 0.663540 0.602270
vt 0.703313 0.606357
vt 0.742749 0.610809
vt 0.736973 0.647892
vt 0.694382 0.683427
vt 0.655062 0.681523
vt 0.657745 0.641452
vt 0.697289 0.644545
vt 0.736973 0.647892
vt 0.734550 0.685330
vt 0.694914 0.722310
vt 0.655037 0.721949
vt 0.655062 0.681523
vt 0.694382 0.683427
vt 0.734550 0.685330
vt 0.735127 0.722974
vt 0.775785 0.724002
vt 0.735127 0.722974
vt 0.734550 0.685330
vt 0.775031 0.687677
vt 0.816040 0.689497
vt 0.816962 0.724361
vt 0.775301 0.760147
vt 0.734582 0.760157
vt 0.735127 0.722974
vt 0.775785 0.724002
vt 0.816962 0.724361
vt 0.816638 0.759701
vt 0.775147 0.795452
vt 0.734179 0.796602
vt 0.734582 0.760157
vt 0.775301 0.760147
vt 0.816638 0.759701
vt 0.816540 0.794516
vt 0.857843 0.793609
vt 0.816540 0.794516
vt 0.816638 0.759701
vt 0.858063 0.758845
vt 0.896029 0.757224
vt 0.895479 0.792767
vt 0.857186 0.828374
vt 0.815503 0.829266
vt 0.816540 0.794516
vt 0.857843 0.793609
vt 0.895479 0.792767
vt 0.895388 0.828444
vt 0.895479 0.792767
vt 0.896029 0.757224
vt 0.917306 0.756074
vt 0.917506 0.792122
vt 0.895479 0.792767
vt 0.917506 0.792122
vt 0.916757 0.828498
vt 0.895388 0.828444
vt 0.781631 0.136948
vt 0.792201 0.171508
vt 0.769804 0.178301
vt 0.759490 0.144600
vt 0.781631 0.136948
vt 0.759490 0.144600
vt 0.748034 0.110838
vt 0.770110 0.102248
vt 0.759490 0.144600
vt 0.769804 0.178301
vt 0.746912 0.185448
vt 0.736576 0.152429
vt 0.759490 0.144600
vt 0.736576 0.152429
vt 0.725536 0.119154
vt 0.748034 0.110838
vt 0.701468 0.164088
vt 0.736576 0.152429
vt 0.746912 0.185448
vt 0.711711 0.196700
vt 0.673250 0.210023
vt 0.662890 0.176992
vt 0.690624 0.131092
vt 0.725536 0.119154
vt 0.736576 0.152429
vt 0.701468 0.164088
vt 0.662890 0.176992
vt 0.652150 0.143239
vt 0.624473 0.190037
vt 0.662890 0.176992
vt 0.673250 0.210023
vt 0.634911 0.224204
vt 0.596841 0.237974
vt 0.586378 0.202676
vt 0.613930 0.155201
vt 0.652150 0.143239
vt 0.662890 0.176992
vt 0.624473 0.190037
vt 0.586378 0.202676
vt 0.575958 0.166870
vt 0.613930 0.155201
vt 0.575958 0.166870
vt 0.566109 0.130502
vt 0.603484 0.119983
vt 0.641034 0.109387
vt 0.652150 0.143239
vt 0.528469 0.140546
vt 0.566109 0.130502
vt 0.575958 0.166870
vt 0.538014 0.178016
vt 0.500040 0.188623
vt 0.490605 0.150274
vt 0.522352 0.102223
vt 0.560176 0.092797
vt 0.566109 0.130502
vt 0.528469 0.140546
vt 0.490605 0.150274
vt 0.484030 0.111170
vt 0.518407 0.065963
vt 0.556784 0.059573
vt 0.560176 0.092797
vt 0.522352 0.102223
vt 0.484030 0.111170
vt 0.479560 0.073488
vt 0.516095 0.045001
vt 0.554888 0.040239
vt 0.556784 0.059573
vt 0.518407 0.065963
vt 0.479560 0.073488
vt 0.476896 0.050583
vt 0.516095 0.045001
vt 0.476896 0.050583
vt 0.474392 0.029259
vt 0.514275 0.023876
vt 0.553431 0.019758
vt 0.554888 0.040239
vt 0.433907 0.035466
vt 0.474392 0.029259
vt 0.476896 0.050583
vt 0.436980 0.056770
vt 0.396378 0.063839
vt 0.392893 0.042523
vt 0.627065 0.954938
vt 0.667165 0.948791
vt 0.670053 0.966867
vt 0.629751 0.973510
vt 0.588717 0.980319
vt 0.586360 0.960884
vt 0.627065 0.954938
vt 0.586360 0.960884
vt 0.582477 0.926263
vt 0.622559 0.921559
vt 0.662248 0.916530
vt 0.667165 0.948791
vt 0.582477 0.926263
vt 0.586360 0.960884
vt 0.545001 0.965925
vt 0.541946 0.930195
vt 0.582477 0.926263
vt 0.541946 0.930195
vt 0.538366 0.888274
vt 0.577989 0.884986
vt 0.498516 0.890652
vt 0.538366 0.888274
vt 0.541946 0.930195
vt 0.501031 0.933404
vt 0.459565 0.936045
vt 0.458459 0.892860
vt 0.495971 0.848427
vt 0.535192 0.846748
vt 0.538366 0.888274
vt 0.498516 0.890652
vt 0.458459 0.892860
vt 0.457255 0.849125
vt 0.538366 0.888274
vt 0.535192 0.846748
vt 0.574781 0.844648
vt 0.577989 0.884986
vt 0.495971 0.848427
vt 0.457255 0.849125
vt 0.457935 0.805081
vt 0.496093 0.805179
vt 0.534751 0.804748
vt 0.535192 0.846748
vt 0.419926 0.804679
vt 0.457935 0.805081
vt 0.457255 0.849125
vt 0.419498 0.848394
vt 0.382104 0.846612
vt 0.381450 0.804466
vt 0.421094 0.763755
vt 0.460092 0.763207
vt 0.457935 0.805081
vt 0.419926 0.804679
vt 0.381450 0.804466
vt 0.381415 0.764748
vt 0.421094 0.763755
vt 0.381415 0.764748
vt 0.384506 0.726457
vt 0.423340 0.723268
vt 0.462199 0.721295
vt 0.460092 0.763207
vt 0.384506 0.726457
vt 0.381415 0.764748
vt 0.340364 0.767027
vt 0.343162 0.730205
vt 0.384506 0.726457
vt 0.343162 0.730205
vt 0.347062 0.691688
vt 0.383769 0.683633
vt 0.347062 0.691688
vt 0.343162 0.730205
vt 0.299214 0.732226
vt 0.307234 0.696584
vt 0.347062 0.691688
vt 0.307234 0.696584
vt 0.307205 0.657417
vt 0.341104 0.646889
vt 0.347062 0.691688
vt 0.341104 0.646889
vt 0.378855 0.639925
vt 0.383769 0.683633
vt 0.299214 0.732226
vt 0.295859 0.768888
vt 0.244923 0.769673
vt 0.249279 0.729325
vt 0.299214 0.732226
vt 0.249279 0.729325
vt 0.263091 0.692823
vt 0.307234 0.696584
vt 0.299214 0.732226
vt 0.343162 0.730205
vt 0.340364 0.767027
vt 0.295859 0.768888
vt 0.249279 0.729325
vt 0.244923 0.769673
vt 0.191499 0.769550
vt 0.195129 0.741111
vt 0.197945 0.719049
vt 0.249279 0.729325
vt 0.197945 0.719049
vt 0.209351 0.694364
vt 0.219849 0.671644
vt 0.263091 0.692823
vt 0.172500 0.676273
vt 0.209351 0.694364
vt 0.197945 0.719049
vt 0.158744 0.706011
vt 0.239092 0.650693
vt 0.209235 0.623712
vt 0.229493 0.603054
vt 0.253143 0.635395
vt 0.219849 0.671644
vt 0.239092 0.650693
vt 0.253143 0.635395
vt 0.269706 0.659159
vt 0.263091 0.692823
vt 0.276919 0.622264
vt 0.255498 0.589743
vt 0.279420 0.577498
vt 0.292088 0.613887
vt 0.253143 0.635395
vt 0.276919 0.622264
vt 0.292088 0.613887
vt 0.307205 0.657417
vt 0.269706 0.659159
vt 0.153782 0.666459
vt 0.172500 0.676273
vt 0.158744 0.706011
vt 0.137437 0.698923
vt 0.209235 0.623712
vt 0.195193 0.608894
vt 0.218178 0.585295
vt 0.229493 0.603054
vt 0.137437 0.698923
vt 0.158744 0.706011
vt 0.153209 0.738685
vt 0.131528 0.733845
vt 0.040171 0.446817
vt 0.025177 0.415013
vt 0.044263 0.406237
vt 0.057897 0.435570
vt 0.040171 0.446817
vt 0.057897 0.435570
vt 0.080215 0.461896
vt 0.064255 0.473705
vt 0.027646 0.344382
vt 0.006793 0.346268
vt 0.003906 0.312255
vt 0.024777 0.313284
vt 0.070447 0.341165
vt 0.027646 0.344382
vt 0.024777 0.313284
vt 0.066171 0.315083
vt 0.044263 0.406237
vt 0.084632 0.389220
vt 0.094348 0.411941
vt 0.057897 0.435570
vt 0.066171 0.315083
vt 0.024777 0.313284
vt 0.030020 0.281407
vt 0.070033 0.288597
vt 0.066171 0.315083
vt 0.070033 0.288597
vt 0.073685 0.263556
vt 0.121620 0.269886
vt 0.119990 0.309711
vt 0.066171 0.315083
vt 0.119990 0.309711
vt 0.126745 0.350231
vt 0.074404 0.365301
vt 0.070447 0.341165
vt 0.119990 0.309711
vt 0.121620 0.269886
vt 0.164830 0.260356
vt 0.168453 0.298036
vt 0.119990 0.309711
vt 0.168453 0.298036
vt 0.175814 0.335450
vt 0.126745 0.350231
vt 0.168453 0.298036
vt 0.164830 0.260356
vt 0.200108 0.245856
vt 0.207971 0.285231
vt 0.168453 0.298036
vt 0.207971 0.285231
vt 0.217127 0.322601
vt 0.175814 0.335450
vt 0.207971 0.285231
vt 0.200108 0.245856
vt 0.233670 0.230995
vt 0.244240 0.272320
vt 0.207971 0.285231
vt 0.244240 0.272320
vt 0.254585 0.310813
vt 0.217127 0.322601
vt 0.279603 0.259621
vt 0.244240 0.272320
vt 0.233670 0.230995
vt 0.267664 0.217520
vt 0.303057 0.204929
vt 0.314791 0.246992
vt 0.291191 0.299214
vt 0.254585 0.310813
vt 0.244240 0.272320
vt 0.279603 0.259621
vt 0.314791 0.246992
vt 0.327493 0.287274
vt 0.302787 0.336579
vt 0.265328 0.347534
vt 0.254585 0.310813
vt 0.291191 0.299214
vt 0.327493 0.287274
vt 0.339959 0.325665
vt 0.376639 0.313728
vt 0.339959 0.325665
vt 0.327493 0.287274
vt 0.363306 0.274652
vt 0.399238 0.261808
vt 0.412691 0.300980
vt 0.389430 0.354236
vt 0.352683 0.365542
vt 0.339959 0.325665
vt 0.376639 0.313728
vt 0.412691 0.300980
vt 0.425530 0.342252
vt 0.400919 0.396383
vt 0.364001 0.407804
vt 0.352683 0.365542
vt 0.389430 0.354236
vt 0.425530 0.342252
vt 0.437784 0.384277
vt 0.437784 0.384277
vt 0.425530 0.342252
vt 0.460932 0.329838
vt 0.474265 0.370799
vt 0.437784 0.384277
vt 0.474265 0.370799
vt 0.489886 0.410084
vt 0.452142 0.424777
vt 0.489886 0.410084
vt 0.504205 0.443840
vt 0.465727 0.460134
vt 0.452142 0.424777
vt 0.526944 0.393950
vt 0.489886 0.410084
vt 0.474265 0.370799
vt 0.510679 0.355910
vt 0.547010 0.340462
vt 0.563524 0.377493
vt 0.541975 0.427155
vt 0.504205 0.443840
vt 0.489886 0.410084
vt 0.526944 0.393950
vt 0.563524 0.377493
vt 0.579231 0.410658
vt 0.550179 0.445241
vt 0.512414 0.462836
vt 0.504205 0.443840
vt 0.541975 0.427155
vt 0.579231 0.410658
vt 0.587436 0.428063
vt 0.623943 0.410205
vt 0.587436 0.428063
vt 0.579231 0.410658
vt 0.615950 0.393728
vt 0.651913 0.376070
vt 0.659873 0.392143
vt 0.707277 0.580802
vt 0.667734 0.575065
vt 0.671086 0.552975
vt 0.710899 0.559160
vt 0.750100 0.565300
vt 0.746546 0.586989
vt 0.703313 0.606357
vt 0.663540 0.602270
vt 0.667734 0.575065
vt 0.707277 0.580802
vt 0.746546 0.586989
vt 0.742749 0.610809
vt 0.781793 0.615834
vt 0.742749 0.610809
vt 0.746546 0.586989
vt 0.785537 0.592668
vt 0.823935 0.599196
vt 0.820581 0.621478
vt 0.776597 0.651352
vt 0.736973 0.647892
vt 0.742749 0.610809
vt 0.781793 0.615834
vt 0.820581 0.621478
vt 0.816247 0.654312
vt 0.775031 0.687677
vt 0.734550 0.685330
vt 0.736973 0.647892
vt 0.776597 0.651352
vt 0.816247 0.654312
vt 0.816040 0.689497
vt 0.857407 0.689955
vt 0.816040 0.689497
vt 0.816247 0.654312
vt 0.856013 0.658275
vt 0.892821 0.658171
vt 0.894379 0.688573
vt 0.857986 0.724018
vt 0.816962 0.724361
vt 0.816040 0.689497
vt 0.857407 0.689955
vt 0.894379 0.688573
vt 0.895527 0.722245
vt 0.858063 0.758845
vt 0.816638 0.759701
vt 0.816962 0.724361
vt 0.857986 0.724018
vt 0.895527 0.722245
vt 0.896029 0.757224
vt 0.895527 0.722245
vt 0.894379 0.688573
vt 0.913817 0.686998
vt 0.916074 0.720819
vt 0.895527 0.722245
vt 0.916074 0.720819
vt 0.917306 0.756074
vt 0.896029 0.757224
vt 0.801463 0.205625
vt 0.808392 0.238889
vt 0.785910 0.243755
vt 0.778730 0.211582
vt 0.801463 0.205625
vt 0.778730 0.211582
vt 0.769804 0.178301
vt 0.792201 0.171508
vt 0.778730 0.211582
vt 0.785910 0.243755
vt 0.764713 0.250023
vt 0.756357 0.218288
vt 0.778730 0.211582
vt 0.756357 0.218288
vt 0.746912 0.185448
vt 0.769804 0.178301
vt 0.721717 0.229474
vt 0.756357 0.218288
vt 0.764713 0.250023
vt 0.731425 0.261950
vt 0.694338 0.276974
vt 0.684057 0.243208
vt 0.711711 0.196700
vt 0.746912 0.185448
vt 0.756357 0.218288
vt 0.721717 0.229474
vt 0.684057 0.243208
vt 0.673250 0.210023
vt 0.645920 0.258415
vt 0.684057 0.243208
vt 0.694338 0.276974
vt 0.657175 0.293053
vt 0.620263 0.309274
vt 0.607876 0.273415
vt 0.634911 0.224204
vt 0.673250 0.210023
vt 0.684057 0.243208
vt 0.645920 0.258415
vt 0.607876 0.273415
vt 0.596841 0.237974
vt 0.558881 0.251289
vt 0.596841 0.237974
vt 0.607876 0.273415
vt 0.570109 0.288211
vt 0.532883 0.302714
vt 0.521433 0.263985
vt 0.548409 0.214619
vt 0.586378 0.202676
vt 0.596841 0.237974
vt 0.558881 0.251289
vt 0.521433 0.263985
vt 0.510555 0.226193
vt 0.548409 0.214619
vt 0.510555 0.226193
vt 0.500040 0.188623
vt 0.538014 0.178016
vt 0.575958 0.166870
vt 0.586378 0.202676
vt 0.462153 0.199247
vt 0.500040 0.188623
vt 0.510555 0.226193
vt 0.473000 0.237591
vt 0.435839 0.249312
vt 0.424376 0.210435
vt 0.452507 0.160183
vt 0.490605 0.150274
vt 0.500040 0.188623
vt 0.462153 0.199247
vt 0.424376 0.210435
vt 0.414497 0.170412
vt 0.445427 0.120445
vt 0.484030 0.111170
vt 0.490605 0.150274
vt 0.452507 0.160183
vt 0.414497 0.170412
vt 0.406719 0.130117
vt 0.440111 0.081364
vt 0.479560 0.073488
vt 0.484030 0.111170
vt 0.445427 0.120445
vt 0.406719 0.130117
vt 0.400340 0.089867
vt 0.440111 0.081364
vt 0.400340 0.089867
vt 0.396378 0.063839
vt 0.436980 0.056770
vt 0.476896 0.050583
vt 0.479560 0.073488
vt 0.396378 0.063839
vt 0.400340 0.089867
vt 0.360502 0.099566
vt 0.355508 0.071829
vt 0.396378 0.063839
vt 0.355508 0.071829
vt 0.351367 0.050613
vt 0.392893 0.042523
vt 0.309918 0.060466
vt 0.351367 0.050613
vt 0.355508 0.071829
vt 0.314704 0.081528
vt 0.273909 0.091924
vt 0.268625 0.070872
vt 0.503142 0.969094
vt 0.545001 0.965925
vt 0.546852 0.986099
vt 0.504404 0.989462
vt 0.461757 0.991906
vt 0.460854 0.971507
vt 0.546852 0.986099
vt 0.545001 0.965925
vt 0.586360 0.960884
vt 0.588717 0.980319
vt 0.503142 0.969094
vt 0.460854 0.971507
vt 0.459565 0.936045
vt 0.501031 0.933404
vt 0.541946 0.930195
vt 0.545001 0.965925
vt 0.417304 0.938360
vt 0.459565 0.936045
vt 0.460854 0.971507
vt 0.417533 0.973935
vt 0.418437 0.894036
vt 0.458459 0.892860
vt 0.459565 0.936045
vt 0.417304 0.938360
vt 0.375586 0.938108
vt 0.381115 0.892691
vt 0.418437 0.894036
vt 0.381115 0.892691
vt 0.382104 0.846612
vt 0.419498 0.848394
vt 0.457255 0.849125
vt 0.458459 0.892860
vt 0.382104 0.846612
vt 0.381115 0.892691
vt 0.343784 0.889195
vt 0.344449 0.844475
vt 0.382104 0.846612
vt 0.344449 0.844475
vt 0.341368 0.804866
vt 0.381450 0.804466
vt 0.341368 0.804866
vt 0.344449 0.844475
vt 0.305809 0.843110
vt 0.298279 0.806306
vt 0.341368 0.804866
vt 0.298279 0.806306
vt 0.295859 0.768888
vt 0.340364 0.767027
vt 0.341368 0.804866
vt 0.340364 0.767027
vt 0.381415 0.764748
vt 0.381450 0.804466
vt 0.298279 0.806306
vt 0.305809 0.843110
vt 0.263287 0.848449
vt 0.249556 0.810390
vt 0.298279 0.806306
vt 0.249556 0.810390
vt 0.244923 0.769673
vt 0.295859 0.768888
vt 0.249556 0.810390
vt 0.263287 0.848449
vt 0.218192 0.867483
vt 0.208761 0.844996
vt 0.198397 0.820285
vt 0.249556 0.810390
vt 0.198397 0.820285
vt 0.194869 0.794340
vt 0.191499 0.769550
vt 0.244923 0.769673
vt 0.198397 0.820285
vt 0.208761 0.844996
vt 0.172729 0.860893
vt 0.159481 0.832506
vt 0.198397 0.820285
vt 0.159481 0.832506
vt 0.154258 0.803848
vt 0.194869 0.794340
vt 0.159481 0.832506
vt 0.172729 0.860893
vt 0.154808 0.870725
vt 0.138733 0.839307
vt 0.159481 0.832506
vt 0.138733 0.839307
vt 0.132329 0.805525
vt 0.154258 0.803848
vt 0.194362 0.925375
vt 0.209017 0.913117
vt 0.228173 0.932922
vt 0.216847 0.948325
vt 0.050965 0.221790
vt 0.032919 0.214427
vt 0.047865 0.186108
vt 0.064255 0.197376
vt 0.010509 0.277779
vt 0.030020 0.281407
vt 0.024777 0.313284
vt 0.003906 0.312255
vt 0.064255 0.197376
vt 0.096442 0.219342
vt 0.085272 0.241044
vt 0.050965 0.221790
vt 0.087810 0.175693
vt 0.070536 0.163877
vt 0.091217 0.143597
vt 0.104670 0.160172
vt 0.116940 0.199404
vt 0.087810 0.175693
vt 0.104670 0.160172
vt 0.128229 0.188424
vt 0.128229 0.188424
vt 0.155738 0.223469
vt 0.120693 0.236734
vt 0.096442 0.219342
vt 0.116940 0.199404
vt 0.148945 0.174547
vt 0.129185 0.145302
vt 0.146923 0.134542
vt 0.163123 0.165049
vt 0.128229 0.188424
vt 0.148945 0.174547
vt 0.163123 0.165049
vt 0.185222 0.205288
vt 0.155738 0.223469
vt 0.185222 0.205288
vt 0.200108 0.245856
vt 0.164830 0.260356
vt 0.155738 0.223469
vt 0.185222 0.205288
vt 0.163123 0.165049
vt 0.188657 0.153237
vt 0.201279 0.147398
vt 0.218495 0.188905
vt 0.185222 0.205288
vt 0.218495 0.188905
vt 0.233670 0.230995
vt 0.200108 0.245856
vt 0.253583 0.175072
vt 0.218495 0.188905
vt 0.201279 0.147398
vt 0.240876 0.133741
vt 0.281073 0.121525
vt 0.291658 0.163058
vt 0.267664 0.217520
vt 0.233670 0.230995
vt 0.218495 0.188905
vt 0.253583 0.175072
vt 0.291658 0.163058
vt 0.303057 0.204929
vt 0.339653 0.193197
vt 0.303057 0.204929
vt 0.291658 0.163058
vt 0.329937 0.151499
vt 0.368181 0.140406
vt 0.376888 0.181459
vt 0.350463 0.234512
vt 0.314791 0.246992
vt 0.303057 0.204929
vt 0.339653 0.193197
vt 0.376888 0.181459
vt 0.386985 0.222211
vt 0.363306 0.274652
vt 0.327493 0.287274
vt 0.314791 0.246992
vt 0.350463 0.234512
vt 0.386985 0.222211
vt 0.399238 0.261808
vt 0.399238 0.261808
vt 0.386985 0.222211
vt 0.424376 0.210435
vt 0.435839 0.249312
vt 0.399238 0.261808
vt 0.435839 0.249312
vt 0.448362 0.288279
vt 0.412691 0.300980
vt 0.448362 0.288279
vt 0.460932 0.329838
vt 0.425530 0.342252
vt 0.412691 0.300980
vt 0.484583 0.276220
vt 0.448362 0.288279
vt 0.435839 0.249312
vt 0.473000 0.237591
vt 0.510555 0.226193
vt 0.521433 0.263985
vt 0.496488 0.316645
vt 0.460932 0.329838
vt 0.448362 0.288279
vt 0.484583 0.276220
vt 0.521433 0.263985
vt 0.532883 0.302714
vt 0.510679 0.355910
vt 0.474265 0.370799
vt 0.460932 0.329838
vt 0.496488 0.316645
vt 0.532883 0.302714
vt 0.547010 0.340462
vt 0.583562 0.325001
vt 0.547010 0.340462
vt 0.532883 0.302714
vt 0.570109 0.288211
vt 0.607876 0.273415
vt 0.620263 0.309274
vt 0.599827 0.360989
vt 0.563524 0.377493
vt 0.547010 0.340462
vt 0.583562 0.325001
vt 0.620263 0.309274
vt 0.635999 0.344211
vt 0.615950 0.393728
vt 0.579231 0.410658
vt 0.563524 0.377493
vt 0.599827 0.360989
vt 0.635999 0.344211
vt 0.651913 0.376070
vt 0.688047 0.359275
vt 0.651913 0.376070
vt 0.635999 0.344211
vt 0.672159 0.327681
vt 0.707945 0.310840
vt 0.723719 0.341707
vt 0.695921 0.374819
vt 0.659873 0.392143
vt 0.651913 0.376070
vt 0.688047 0.359275
vt 0.723719 0.341707
vt 0.731618 0.356995
vt 0.785537 0.592668
vt 0.746546 0.586989
vt 0.750100 0.565300
vt 0.789083 0.570994
vt 0.827639 0.577568
vt 0.823935 0.599196
vt 0.758541 0.324055
vt 0.723719 0.341707
vt 0.707945 0.310840
vt 0.742296 0.293388
vt 0.771644 0.279451
vt 0.783783 0.305131
vt 0.742296 0.293388
vt 0.707945 0.310840
vt 0.694338 0.276974
vt 0.731425 0.261950
vt 0.764713 0.250023
vt 0.771644 0.279451
vt 0.771644 0.279451
vt 0.764713 0.250023
vt 0.785910 0.243755
vt 0.791186 0.272329
vt 0.771644 0.279451
vt 0.791186 0.272329
vt 0.792256 0.293816
vt 0.783783 0.305131
vt 0.791186 0.272329
vt 0.785910 0.243755
vt 0.808392 0.238889
vt 0.812359 0.269831
vt 0.791186 0.272329
vt 0.812359 0.269831
vt 0.808404 0.298366
vt 0.792256 0.293816
vt 0.657175 0.293053
vt 0.694338 0.276974
vt 0.707945 0.310840
vt 0.672159 0.327681
vt 0.635999 0.344211
vt 0.620263 0.309274
vt 0.424376 0.210435
vt 0.386985 0.222211
vt 0.376888 0.181459
vt 0.414497 0.170412
vt 0.414497 0.170412
vt 0.376888 0.181459
vt 0.368181 0.140406
vt 0.406719 0.130117
vt 0.320827 0.110090
vt 0.360502 0.099566
vt 0.368181 0.140406
vt 0.329937 0.151499
vt 0.291658 0.163058
vt 0.281073 0.121525
vt 0.368181 0.140406
vt 0.360502 0.099566
vt 0.400340 0.089867
vt 0.406719 0.130117
vt 0.320827 0.110090
vt 0.281073 0.121525
vt 0.273909 0.091924
vt 0.314704 0.081528
vt 0.355508 0.071829
vt 0.360502 0.099566
vt 0.232258 0.102826
vt 0.273909 0.091924
vt 0.281073 0.121525
vt 0.240876 0.133741
vt 0.226292 0.081629
vt 0.268625 0.070872
vt 0.273909 0.091924
vt 0.232258 0.102826
vt 0.418022 0.994816
vt 0.417533 0.973935
vt 0.460854 0.971507
vt 0.461757 0.991906
vt 0.372764 0.974817
vt 0.371260 0.996094
vt 0.350139 0.993700
vt 0.351800 0.972552
vt 0.372764 0.974817
vt 0.351800 0.972552
vt 0.357145 0.936525
vt 0.375586 0.938108
vt 0.333772 0.934518
vt 0.326205 0.969787
vt 0.305546 0.964657
vt 0.315048 0.930228
vt 0.333772 0.934518
vt 0.315048 0.930228
vt 0.291779 0.924896
vt 0.308587 0.882850
vt 0.343784 0.889195
vt 0.333772 0.934518
vt 0.343784 0.889195
vt 0.381115 0.892691
vt 0.375586 0.938108
vt 0.357145 0.936525
vt 0.277645 0.957728
vt 0.270489 0.976763
vt 0.244899 0.963197
vt 0.255947 0.946848
vt 0.277645 0.957728
vt 0.255947 0.946848
vt 0.272622 0.913950
vt 0.291779 0.924896
vt 0.301178 0.984959
vt 0.305546 0.964657
vt 0.326205 0.969787
vt 0.321933 0.990502
vt 0.136406 0.115372
vt 0.146923 0.134542
vt 0.129185 0.145302
vt 0.118175 0.126759
vt 0.170094 0.124328
vt 0.162305 0.103861
vt 0.181698 0.095241
vt 0.189573 0.115741
vt 0.189573 0.115741
vt 0.201279 0.147398
vt 0.188657 0.153237
vt 0.170094 0.124328
vt 0.096442 0.219342
vt 0.120693 0.236734
vt 0.121620 0.269886
vt 0.073685 0.263556
vt 0.085272 0.241044
vt 0.228173 0.932922
vt 0.209017 0.913117
vt 0.235785 0.885343
vt 0.252816 0.902633
vt 0.344449 0.844475
vt 0.343784 0.889195
vt 0.308587 0.882850
vt 0.305809 0.843110
vt 0.913817 0.686998
vt 0.894379 0.688573
vt 0.892821 0.658171
vt 0.910998 0.656068
vt 0.195129 0.741111
vt 0.153209 0.738685
vt 0.158744 0.706011
vt 0.197945 0.719049
vt 0.292088 0.613887
vt 0.315014 0.606431
vt 0.333138 0.600537
vt 0.341104 0.646889
vt 0.307205 0.657417
vt 0.783783 0.305131
vt 0.792256 0.293816
vt 0.808404 0.298366
vt 0.803687 0.322702
vt 0.722434 0.048116
vt 0.702830 0.051879
vt 0.695631 0.032856
vt 0.711614 0.031062
vt 0.073685 0.263556
vt 0.035003 0.251110
vt 0.016789 0.244989
vt 0.035003 0.251110
vt 0.170096 0.900606
vt 0.185989 0.889308
vt 0.185989 0.889308
vt 0.218192 0.867483
vt 0.218192 0.867483
vt 0.185989 0.889308
vt 0.185989 0.889308
vt 0.170096 0.900606
vt 0.016789 0.244989
vt 0.035003 0.251110
vt 0.035003 0.251110
vt 0.073685 0.263556
vt 0.030650 0.376948
vt 0.074404 0.365301
vt 0.030650 0.376948
vt 0.009874 0.382555
vt 0.125497 0.769484
vt 0.147993 0.769475
vt 0.147993 0.769475
vt 0.191499 0.769550
vt 0.147993 0.769475
vt 0.191499 0.769550
vt 0.147993 0.769475
vt 0.125497 0.769484
vt 0.009874 0.382555
vt 0.030650 0.376948
vt 0.030650 0.376948
vt 0.074404 0.365301
vt 0.127997 0.454056
vt 0.100166 0.485431
vt 0.100166 0.485431
vt 0.087361 0.499501
vt 0.185723 0.647687
vt 0.169463 0.635313
vt 0.219849 0.671644
vt 0.185723 0.647687
vt 0.219849 0.671644
vt 0.185723 0.647687
vt 0.185723 0.647687
vt 0.169463 0.635313
vt 0.087361 0.499501
vt 0.100166 0.485431
vt 0.100166 0.485431
vt 0.127997 0.454056
vt 0.221593 0.487267
vt 0.212903 0.526395
vt 0.208234 0.546453
vt 0.212903 0.526395
vt 0.273533 0.556277
vt 0.279420 0.577498
vt 0.253143 0.635395
vt 0.229493 0.603054
vt 0.292088 0.613887
vt 0.279420 0.577498
vt 0.279420 0.577498
vt 0.273533 0.556277
vt 0.208234 0.546453
vt 0.212903 0.526395
vt 0.212903 0.526395
vt 0.221593 0.487267
vt 0.299870 0.475509
vt 0.306237 0.514845
vt 0.306237 0.514845
vt 0.309744 0.536444
vt 0.373945 0.535978
vt 0.374246 0.558930
vt 0.375304 0.594302
vt 0.374246 0.558930
vt 0.375304 0.594302
vt 0.374246 0.558930
vt 0.374246 0.558930
vt 0.373945 0.535978
vt 0.309744 0.536444
vt 0.306237 0.514845
vt 0.375904 0.451037
vt 0.387479 0.488341
vt 0.064255 0.197376
vt 0.096442 0.219342
vt 0.064255 0.197376
vt 0.047865 0.186108
vt 0.128229 0.188424
vt 0.104670 0.160172
vt 0.104670 0.160172
vt 0.091217 0.143597
vt 0.163123 0.165049
vt 0.146923 0.134542
vt 0.136406 0.115372
vt 0.146923 0.134542
vt 0.201279 0.147398
vt 0.189573 0.115741
vt 0.189573 0.115741
vt 0.181698 0.095241
vt 0.371260 0.996094
vt 0.372764 0.974817
vt 0.372764 0.974817
vt 0.375586 0.938108
vt 0.321933 0.990502
vt 0.326205 0.969787
vt 0.326205 0.969787
vt 0.333772 0.934518
vt 0.277645 0.957728
vt 0.270489 0.976763
vt 0.277645 0.957728
vt 0.291779 0.924896
vt 0.216847 0.948325
vt 0.228173 0.932922
vt 0.228173 0.932922
vt 0.252816 0.902633
vt 0.218028 0.032663
vt 0.220510 0.035493
vt 0.216556 0.039196
vt 0.213890 0.034394
vt 0.218028 0.032663
vt 0.213890 0.034394
vt 0.213786 0.026499
vt 0.220796 0.028796
vt 0.218028 0.032663
vt 0.220796 0.028796
vt 0.224789 0.032250
vt 0.220510 0.035493
vt 0.223049 0.038376
vt 0.221373 0.042241
vt 0.216556 0.039196
vt 0.220510 0.035493
vt 0.223049 0.038376
vt 0.220510 0.035493
vt 0.224789 0.032250
vt 0.227316 0.036943
vt 0.223049 0.038376
vt 0.227316 0.036943
vt 0.228376 0.043737
vt 0.221373 0.042241
vt 0.208281 0.056737
vt 0.208524 0.053590
vt 0.211914 0.051778
vt 0.213793 0.054888
vt 0.907896 0.050063
vt 0.903150 0.048361
vt 0.905224 0.043917
vt 0.909464 0.046450
vt 0.208281 0.056737
vt 0.204128 0.054954
vt 0.205518 0.051889
vt 0.208524 0.053590
vt 0.866274 0.014870
vt 0.868282 0.012885
vt 0.872215 0.017624
vt 0.868306 0.020149
vt 0.260537 0.013217
vt 0.256351 0.012962
vt 0.255295 0.010517
vt 0.259810 0.009991
vt 0.260537 0.013217
vt 0.258457 0.019239
vt 0.254490 0.017448
vt 0.256351 0.012962
vt 0.257288 0.003906
vt 0.258581 0.006622
vt 0.253908 0.007579
vt 0.252834 0.004479
vt 0.871667 0.007809
vt 0.877180 0.009501
vt 0.875260 0.013857
vt 0.870278 0.010363
vt 0.871667 0.007809
vt 0.873302 0.003906
vt 0.878838 0.005713
vt 0.877180 0.009501
vt 0.252834 0.004479
vt 0.253908 0.007579
vt 0.248207 0.009692
vt 0.246577 0.005024
vt 0.256351 0.012962
vt 0.254490 0.017448
vt 0.250802 0.014175
vt 0.255295 0.010517
vt 0.198279 0.046742
vt 0.201877 0.049068
vt 0.200201 0.052097
vt 0.197768 0.049717
vt 0.198279 0.046742
vt 0.200543 0.041533
vt 0.204743 0.044509
vt 0.201877 0.049068
vt 0.915838 0.041100
vt 0.913100 0.040665
vt 0.911685 0.037523
vt 0.915043 0.036223
vt 0.208524 0.053590
vt 0.205518 0.051889
vt 0.208521 0.048187
vt 0.211914 0.051778
vt 0.228376 0.043737
vt 0.220760 0.050957
vt 0.217080 0.047580
vt 0.221373 0.042241
vt 0.891029 0.042647
vt 0.895589 0.037156
vt 0.900739 0.041383
vt 0.897696 0.045501
vt 0.891029 0.042647
vt 0.887598 0.035397
vt 0.890534 0.031986
vt 0.895589 0.037156
vt 0.228376 0.043737
vt 0.227316 0.036943
vt 0.233993 0.031950
vt 0.236630 0.035898
vt 0.906796 0.024122
vt 0.903144 0.028048
vt 0.896660 0.023928
vt 0.898834 0.020389
vt 0.213786 0.026499
vt 0.224472 0.020368
vt 0.227649 0.023704
vt 0.220796 0.028796
vt 0.213786 0.026499
vt 0.213890 0.034394
vt 0.208301 0.038836
vt 0.205521 0.034727
vt 0.906796 0.024122
vt 0.911989 0.030357
vt 0.908531 0.032862
vt 0.903144 0.028048
vt 0.913100 0.040665
vt 0.911855 0.043271
vt 0.908378 0.040216
vt 0.911685 0.037523
vt 0.908378 0.040216
vt 0.911855 0.043271
vt 0.909464 0.046450
vt 0.905224 0.043917
vt 0.908378 0.040216
vt 0.905224 0.043917
vt 0.900739 0.041383
vt 0.904679 0.036709
vt 0.908378 0.040216
vt 0.904679 0.036709
vt 0.908531 0.032862
vt 0.911685 0.037523
vt 0.904679 0.036709
vt 0.900739 0.041383
vt 0.895589 0.037156
vt 0.899738 0.032484
vt 0.904679 0.036709
vt 0.899738 0.032484
vt 0.903144 0.028048
vt 0.908531 0.032862
vt 0.899738 0.032484
vt 0.895589 0.037156
vt 0.890534 0.031986
vt 0.893790 0.027969
vt 0.899738 0.032484
vt 0.893790 0.027969
vt 0.896660 0.023928
vt 0.903144 0.028048
vt 0.893790 0.027969
vt 0.890534 0.031986
vt 0.884063 0.026885
vt 0.886896 0.022588
vt 0.893790 0.027969
vt 0.886896 0.022588
vt 0.890171 0.018952
vt 0.896660 0.023928
vt 0.890171 0.018952
vt 0.892657 0.015324
vt 0.898834 0.020389
vt 0.896660 0.023928
vt 0.890171 0.018952
vt 0.886896 0.022588
vt 0.880557 0.017562
vt 0.883574 0.013210
vt 0.890171 0.018952
vt 0.883574 0.013210
vt 0.885876 0.009401
vt 0.892657 0.015324
vt 0.238928 0.008281
vt 0.242105 0.012819
vt 0.235403 0.018103
vt 0.231897 0.014554
vt 0.885876 0.009401
vt 0.883574 0.013210
vt 0.877180 0.009501
vt 0.878838 0.005713
vt 0.238928 0.008281
vt 0.246577 0.005024
vt 0.248207 0.009692
vt 0.242105 0.012819
vt 0.235403 0.018103
vt 0.238875 0.022562
vt 0.231095 0.027722
vt 0.227649 0.023704
vt 0.235403 0.018103
vt 0.227649 0.023704
vt 0.224472 0.020368
vt 0.231897 0.014554
vt 0.235403 0.018103
vt 0.242105 0.012819
vt 0.245754 0.018166
vt 0.238875 0.022562
vt 0.245754 0.018166
vt 0.249172 0.022789
vt 0.241610 0.026974
vt 0.238875 0.022562
vt 0.245754 0.018166
vt 0.242105 0.012819
vt 0.248207 0.009692
vt 0.250802 0.014175
vt 0.245754 0.018166
vt 0.250802 0.014175
vt 0.254490 0.017448
vt 0.249172 0.022789
vt 0.241610 0.026974
vt 0.244049 0.031137
vt 0.236630 0.035898
vt 0.233993 0.031950
vt 0.241610 0.026974
vt 0.233993 0.031950
vt 0.231095 0.027722
vt 0.238875 0.022562
vt 0.241610 0.026974
vt 0.249172 0.022789
vt 0.252551 0.026426
vt 0.244049 0.031137
vt 0.873817 0.026733
vt 0.876989 0.022548
vt 0.884063 0.026885
vt 0.881585 0.031124
vt 0.252551 0.026426
vt 0.249172 0.022789
vt 0.254490 0.017448
vt 0.258457 0.019239
vt 0.873817 0.026733
vt 0.868306 0.020149
vt 0.872215 0.017624
vt 0.876989 0.022548
vt 0.876989 0.022548
vt 0.880557 0.017562
vt 0.886896 0.022588
vt 0.884063 0.026885
vt 0.876989 0.022548
vt 0.872215 0.017624
vt 0.875260 0.013857
vt 0.880557 0.017562
vt 0.881585 0.031124
vt 0.884063 0.026885
vt 0.890534 0.031986
vt 0.887598 0.035397
vt 0.231095 0.027722
vt 0.233993 0.031950
vt 0.227316 0.036943
vt 0.224789 0.032250
vt 0.231095 0.027722
vt 0.224789 0.032250
vt 0.220796 0.028796
vt 0.227649 0.023704
vt 0.883574 0.013210
vt 0.880557 0.017562
vt 0.875260 0.013857
vt 0.877180 0.009501
vt 0.908531 0.032862
vt 0.911989 0.030357
vt 0.915043 0.036223
vt 0.911685 0.037523
vt 0.205521 0.034727
vt 0.208301 0.038836
vt 0.204743 0.044509
vt 0.200543 0.041533
vt 0.208301 0.038836
vt 0.212508 0.043812
vt 0.208521 0.048187
vt 0.204743 0.044509
vt 0.208301 0.038836
vt 0.213890 0.034394
vt 0.216556 0.039196
vt 0.212508 0.043812
vt 0.212508 0.043812
vt 0.217080 0.047580
vt 0.211914 0.051778
vt 0.208521 0.048187
vt 0.212508 0.043812
vt 0.216556 0.039196
vt 0.221373 0.042241
vt 0.217080 0.047580
vt 0.900739 0.041383
vt 0.905224 0.043917
vt 0.903150 0.048361
vt 0.897696 0.045501
vt 0.217080 0.047580
vt 0.220760 0.050957
vt 0.213793 0.054888
vt 0.211914 0.051778
vt 0.208521 0.048187
vt 0.205518 0.051889
vt 0.201877 0.049068
vt 0.204743 0.044509
vt 0.200201 0.052097
vt 0.201877 0.049068
vt 0.205518 0.051889
vt 0.204128 0.054954
vt 0.250802 0.014175
vt 0.248207 0.009692
vt 0.253908 0.007579
vt 0.255295 0.010517
vt 0.875260 0.013857
vt 0.872215 0.017624
vt 0.868282 0.012885
vt 0.870278 0.010363
vt 0.253908 0.007579
vt 0.258581 0.006622
vt 0.259810 0.009991
vt 0.255295 0.010517
vt 0.276204 0.024160
vt 0.279398 0.020278
vt 0.285426 0.024506
vt 0.282400 0.028746
vt 0.276204 0.024160
vt 0.282400 0.028746
vt 0.278960 0.032286
vt 0.273315 0.027926
vt 0.276204 0.024160
vt 0.273315 0.027926
vt 0.271068 0.020341
vt 0.279398 0.020278
vt 0.282400 0.028746
vt 0.285426 0.024506
vt 0.286166 0.033581
vt 0.278960 0.032286
vt 0.252079 0.062944
vt 0.250347 0.059977
vt 0.255652 0.056542
vt 0.258189 0.060832
vt 0.804747 0.040825
vt 0.806232 0.033363
vt 0.809909 0.035197
vt 0.808430 0.040981
vt 0.804747 0.040825
vt 0.808430 0.040981
vt 0.810254 0.042390
vt 0.806549 0.044861
vt 0.812535 0.049421
vt 0.809237 0.047700
vt 0.812347 0.044220
vt 0.813915 0.046201
vt 0.245623 0.055773
vt 0.247342 0.050042
vt 0.251607 0.052595
vt 0.248126 0.057504
vt 0.812535 0.049421
vt 0.813915 0.046201
vt 0.818925 0.045328
vt 0.819648 0.049490
vt 0.850413 0.003966
vt 0.849366 0.006473
vt 0.846125 0.007242
vt 0.845633 0.003906
vt 0.850413 0.003966
vt 0.853803 0.006266
vt 0.851463 0.008606
vt 0.849366 0.006473
vt 0.299997 0.013447
vt 0.297358 0.017930
vt 0.293000 0.014767
vt 0.296454 0.010765
vt 0.813915 0.046201
vt 0.812347 0.044220
vt 0.817362 0.040709
vt 0.818925 0.045328
vt 0.808430 0.040981
vt 0.809909 0.035197
vt 0.814120 0.037207
vt 0.810254 0.042390
vt 0.289770 0.003906
vt 0.292816 0.007334
vt 0.288868 0.010982
vt 0.285318 0.006924
vt 0.858201 0.013616
vt 0.856934 0.018357
vt 0.853805 0.017043
vt 0.855399 0.013980
vt 0.858201 0.013616
vt 0.855399 0.013980
vt 0.853848 0.011450
vt 0.856567 0.009748
vt 0.848133 0.030282
vt 0.844692 0.026328
vt 0.850462 0.021636
vt 0.853546 0.024051
vt 0.271068 0.020341
vt 0.279105 0.011995
vt 0.283874 0.014956
vt 0.279398 0.020278
vt 0.271068 0.020341
vt 0.273315 0.027926
vt 0.268388 0.034249
vt 0.264843 0.030759
vt 0.848133 0.030282
vt 0.840049 0.033665
vt 0.838209 0.030373
vt 0.844692 0.026328
vt 0.849366 0.006473
vt 0.851463 0.008606
vt 0.847811 0.011005
vt 0.846125 0.007242
vt 0.855399 0.013980
vt 0.853805 0.017043
vt 0.850645 0.014506
vt 0.853848 0.011450
vt 0.286166 0.033581
vt 0.285426 0.024506
vt 0.289422 0.019864
vt 0.293433 0.023967
vt 0.831795 0.009572
vt 0.839707 0.005392
vt 0.840812 0.009148
vt 0.835206 0.013140
vt 0.835206 0.013140
vt 0.840812 0.009148
vt 0.843502 0.013519
vt 0.838209 0.017353
vt 0.835206 0.013140
vt 0.838209 0.017353
vt 0.832486 0.022419
vt 0.829295 0.018861
vt 0.835206 0.013140
vt 0.829295 0.018861
vt 0.826940 0.016472
vt 0.831795 0.009572
vt 0.826940 0.016472
vt 0.829295 0.018861
vt 0.822681 0.023784
vt 0.819750 0.020943
vt 0.277010 0.041151
vt 0.270000 0.048220
vt 0.265954 0.045367
vt 0.272679 0.038250
vt 0.277010 0.041151
vt 0.272679 0.038250
vt 0.278960 0.032286
vt 0.286166 0.033581
vt 0.272679 0.038250
vt 0.265954 0.045367
vt 0.261791 0.041522
vt 0.268388 0.034249
vt 0.272679 0.038250
vt 0.268388 0.034249
vt 0.273315 0.027926
vt 0.278960 0.032286
vt 0.261791 0.041522
vt 0.265954 0.045367
vt 0.260397 0.051914
vt 0.255672 0.047602
vt 0.261791 0.041522
vt 0.255672 0.047602
vt 0.251673 0.043692
vt 0.258520 0.037689
vt 0.261791 0.041522
vt 0.258520 0.037689
vt 0.264843 0.030759
vt 0.268388 0.034249
vt 0.834139 0.039206
vt 0.827475 0.045725
vt 0.825426 0.041608
vt 0.831785 0.035666
vt 0.834139 0.039206
vt 0.831785 0.035666
vt 0.838209 0.030373
vt 0.840049 0.033665
vt 0.831785 0.035666
vt 0.825426 0.041608
vt 0.822508 0.037301
vt 0.828752 0.031963
vt 0.831785 0.035666
vt 0.828752 0.031963
vt 0.835661 0.026465
vt 0.838209 0.030373
vt 0.835661 0.026465
vt 0.841805 0.022217
vt 0.844692 0.026328
vt 0.838209 0.030373
vt 0.835661 0.026465
vt 0.828752 0.031963
vt 0.825669 0.027779
vt 0.832486 0.022419
vt 0.835661 0.026465
vt 0.832486 0.022419
vt 0.838209 0.017353
vt 0.841805 0.022217
vt 0.825669 0.027779
vt 0.828752 0.031963
vt 0.822508 0.037301
vt 0.818889 0.032588
vt 0.825669 0.027779
vt 0.818889 0.032588
vt 0.815225 0.028884
vt 0.822681 0.023784
vt 0.825669 0.027779
vt 0.822681 0.023784
vt 0.829295 0.018861
vt 0.832486 0.022419
vt 0.815225 0.028884
vt 0.818889 0.032588
vt 0.814120 0.037207
vt 0.809909 0.035197
vt 0.815225 0.028884
vt 0.809909 0.035197
vt 0.806232 0.033363
vt 0.811911 0.026071
vt 0.815225 0.028884
vt 0.811911 0.026071
vt 0.819750 0.020943
vt 0.822681 0.023784
vt 0.264777 0.055698
vt 0.258189 0.060832
vt 0.255652 0.056542
vt 0.260397 0.051914
vt 0.264777 0.055698
vt 0.260397 0.051914
vt 0.265954 0.045367
vt 0.270000 0.048220
vt 0.818889 0.032588
vt 0.822508 0.037301
vt 0.817362 0.040709
vt 0.814120 0.037207
vt 0.841805 0.022217
vt 0.846977 0.018097
vt 0.850462 0.021636
vt 0.844692 0.026328
vt 0.841805 0.022217
vt 0.838209 0.017353
vt 0.843502 0.013519
vt 0.846977 0.018097
vt 0.846977 0.018097
vt 0.850645 0.014506
vt 0.853805 0.017043
vt 0.850462 0.021636
vt 0.846977 0.018097
vt 0.843502 0.013519
vt 0.847811 0.011005
vt 0.850645 0.014506
vt 0.822508 0.037301
vt 0.825426 0.041608
vt 0.818925 0.045328
vt 0.817362 0.040709
vt 0.825426 0.041608
vt 0.827475 0.045725
vt 0.819648 0.049490
vt 0.818925 0.045328
vt 0.251673 0.043692
vt 0.255672 0.047602
vt 0.251607 0.052595
vt 0.247342 0.050042
vt 0.255672 0.047602
vt 0.260397 0.051914
vt 0.255652 0.056542
vt 0.251607 0.052595
vt 0.843502 0.013519
vt 0.840812 0.009148
vt 0.846125 0.007242
vt 0.847811 0.011005
vt 0.840812 0.009148
vt 0.839707 0.005392
vt 0.845633 0.003906
vt 0.846125 0.007242
vt 0.293433 0.023967
vt 0.289422 0.019864
vt 0.293000 0.014767
vt 0.297358 0.017930
vt 0.289422 0.019864
vt 0.285426 0.024506
vt 0.279398 0.020278
vt 0.283874 0.014956
vt 0.289422 0.019864
vt 0.283874 0.014956
vt 0.288868 0.010982
vt 0.293000 0.014767
vt 0.850645 0.014506
vt 0.847811 0.011005
vt 0.851463 0.008606
vt 0.853848 0.011450
vt 0.283874 0.014956
vt 0.279105 0.011995
vt 0.285318 0.006924
vt 0.288868 0.010982
vt 0.853546 0.024051
vt 0.850462 0.021636
vt 0.853805 0.017043
vt 0.856934 0.018357
vt 0.853848 0.011450
vt 0.851463 0.008606
vt 0.853803 0.006266
vt 0.856567 0.009748
vt 0.288868 0.010982
vt 0.292816 0.007334
vt 0.296454 0.010765
vt 0.293000 0.014767
vt 0.814120 0.037207
vt 0.817362 0.040709
vt 0.812347 0.044220
vt 0.810254 0.042390
vt 0.251607 0.052595
vt 0.255652 0.056542
vt 0.250347 0.059977
vt 0.248126 0.057504
vt 0.812347 0.044220
vt 0.809237 0.047700
vt 0.806549 0.044861
vt 0.810254 0.042390
vt 0.060678 0.003906
vt 0.062909 0.007145
vt 0.056609 0.011513
vt 0.053362 0.007067
vt 0.209313 0.010685
vt 0.205567 0.017550
vt 0.201563 0.014524
vt 0.205454 0.009494
vt 0.209313 0.010685
vt 0.205454 0.009494
vt 0.206612 0.005300
vt 0.211033 0.007062
vt 0.064318 0.011549
vt 0.059710 0.015177
vt 0.056609 0.011513
vt 0.062909 0.007145
vt 0.064318 0.011549
vt 0.062909 0.007145
vt 0.068808 0.009103
vt 0.066082 0.013039
vt 0.064318 0.011549
vt 0.066082 0.013039
vt 0.062867 0.017824
vt 0.059710 0.015177
vt 0.068320 0.015267
vt 0.071863 0.013712
vt 0.071529 0.021653
vt 0.066739 0.019959
vt 0.068320 0.015267
vt 0.066739 0.019959
vt 0.062867 0.017824
vt 0.066082 0.013039
vt 0.068320 0.015267
vt 0.066082 0.013039
vt 0.068808 0.009103
vt 0.071863 0.013712
vt 0.143829 0.069944
vt 0.139658 0.071078
vt 0.140795 0.062675
vt 0.146880 0.065189
vt 0.143829 0.069944
vt 0.146209 0.072123
vt 0.145363 0.076123
vt 0.139658 0.071078
vt 0.143829 0.069944
vt 0.146880 0.065189
vt 0.150752 0.068948
vt 0.146209 0.072123
vt 0.202504 0.007357
vt 0.205454 0.009494
vt 0.201563 0.014524
vt 0.197891 0.011428
vt 0.202504 0.007357
vt 0.197891 0.011428
vt 0.194861 0.006766
vt 0.201335 0.003906
vt 0.202504 0.007357
vt 0.201335 0.003906
vt 0.206612 0.005300
vt 0.205454 0.009494
vt 0.006944 0.069614
vt 0.011908 0.062356
vt 0.016101 0.065519
vt 0.010329 0.071542
vt 0.006944 0.069614
vt 0.010329 0.071542
vt 0.005496 0.075305
vt 0.003906 0.067520
vt 0.006944 0.069614
vt 0.003906 0.067520
vt 0.007834 0.059531
vt 0.011908 0.062356
vt 0.010329 0.071542
vt 0.016101 0.065519
vt 0.019613 0.068528
vt 0.013651 0.074587
vt 0.015920 0.076276
vt 0.013651 0.074587
vt 0.019613 0.068528
vt 0.022938 0.071775
vt 0.015920 0.076276
vt 0.022938 0.071775
vt 0.026833 0.075849
vt 0.019597 0.081527
vt 0.015920 0.076276
vt 0.019597 0.081527
vt 0.010949 0.080742
vt 0.013651 0.074587
vt 0.146209 0.072123
vt 0.150752 0.068948
vt 0.152392 0.073641
vt 0.145363 0.076123
vt 0.010329 0.071542
vt 0.013651 0.074587
vt 0.010949 0.080742
vt 0.005496 0.075305
vt 0.146783 0.055806
vt 0.153168 0.049825
vt 0.157381 0.053726
vt 0.151625 0.059681
vt 0.146783 0.055806
vt 0.151625 0.059681
vt 0.146880 0.065189
vt 0.140795 0.062675
vt 0.026833 0.075849
vt 0.022938 0.071775
vt 0.028717 0.065496
vt 0.032855 0.069330
vt 0.028717 0.065496
vt 0.034279 0.058962
vt 0.038473 0.062722
vt 0.032855 0.069330
vt 0.028717 0.065496
vt 0.022938 0.071775
vt 0.019613 0.068528
vt 0.025188 0.062266
vt 0.028717 0.065496
vt 0.025188 0.062266
vt 0.030724 0.055818
vt 0.034279 0.058962
vt 0.030724 0.055818
vt 0.036256 0.049344
vt 0.039893 0.052517
vt 0.034279 0.058962
vt 0.030724 0.055818
vt 0.025188 0.062266
vt 0.021623 0.059128
vt 0.027165 0.052738
vt 0.030724 0.055818
vt 0.027165 0.052738
vt 0.032620 0.046236
vt 0.036256 0.049344
vt 0.032620 0.046236
vt 0.038111 0.039738
vt 0.041734 0.042874
vt 0.036256 0.049344
vt 0.032620 0.046236
vt 0.027165 0.052738
vt 0.022996 0.049299
vt 0.028440 0.042771
vt 0.032620 0.046236
vt 0.028440 0.042771
vt 0.034039 0.036196
vt 0.038111 0.039738
vt 0.034039 0.036196
vt 0.039588 0.029699
vt 0.043592 0.033242
vt 0.038111 0.039738
vt 0.034039 0.036196
vt 0.028440 0.042771
vt 0.024437 0.039244
vt 0.030061 0.032721
vt 0.034039 0.036196
vt 0.030061 0.032721
vt 0.035636 0.026180
vt 0.039588 0.029699
vt 0.035636 0.026180
vt 0.041193 0.019489
vt 0.045206 0.023126
vt 0.039588 0.029699
vt 0.188252 0.036037
vt 0.182317 0.042178
vt 0.178800 0.038826
vt 0.184715 0.032634
vt 0.188252 0.036037
vt 0.184715 0.032634
vt 0.190626 0.026482
vt 0.194175 0.029874
vt 0.190626 0.026482
vt 0.196463 0.020286
vt 0.200135 0.023549
vt 0.194175 0.029874
vt 0.190626 0.026482
vt 0.184715 0.032634
vt 0.181136 0.029173
vt 0.186985 0.022980
vt 0.190626 0.026482
vt 0.186985 0.022980
vt 0.192736 0.016828
vt 0.196463 0.020286
vt 0.192736 0.016828
vt 0.197891 0.011428
vt 0.201563 0.014524
vt 0.196463 0.020286
vt 0.192736 0.016828
vt 0.186985 0.022980
vt 0.182975 0.019082
vt 0.188801 0.012848
vt 0.192736 0.016828
vt 0.188801 0.012848
vt 0.194861 0.006766
vt 0.197891 0.011428
vt 0.066683 0.029576
vt 0.061074 0.036556
vt 0.056701 0.033175
vt 0.062140 0.026604
vt 0.066683 0.029576
vt 0.062140 0.026604
vt 0.066739 0.019959
vt 0.071529 0.021653
vt 0.062140 0.026604
vt 0.056701 0.033175
vt 0.052817 0.030080
vt 0.058222 0.023758
vt 0.062140 0.026604
vt 0.058222 0.023758
vt 0.062867 0.017824
vt 0.066739 0.019959
vt 0.058222 0.023758
vt 0.052817 0.030080
vt 0.049152 0.026896
vt 0.054645 0.020730
vt 0.058222 0.023758
vt 0.054645 0.020730
vt 0.059710 0.015177
vt 0.062867 0.017824
vt 0.054645 0.020730
vt 0.049152 0.026896
vt 0.045206 0.023126
vt 0.050785 0.016906
vt 0.054645 0.020730
vt 0.050785 0.016906
vt 0.056609 0.011513
vt 0.059710 0.015177
vt 0.050785 0.016906
vt 0.045206 0.023126
vt 0.041193 0.019489
vt 0.047128 0.012755
vt 0.050785 0.016906
vt 0.047128 0.012755
vt 0.053362 0.007067
vt 0.056609 0.011513
vt 0.049152 0.026896
vt 0.052817 0.030080
vt 0.047306 0.036437
vt 0.043592 0.033242
vt 0.049152 0.026896
vt 0.043592 0.033242
vt 0.039588 0.029699
vt 0.045206 0.023126
vt 0.047306 0.036437
vt 0.052817 0.030080
vt 0.056701 0.033175
vt 0.051079 0.039623
vt 0.047306 0.036437
vt 0.051079 0.039623
vt 0.045449 0.046082
vt 0.041734 0.042874
vt 0.047306 0.036437
vt 0.041734 0.042874
vt 0.038111 0.039738
vt 0.043592 0.033242
vt 0.045449 0.046082
vt 0.051079 0.039623
vt 0.055350 0.043218
vt 0.049733 0.049707
vt 0.045449 0.046082
vt 0.049733 0.049707
vt 0.044061 0.056214
vt 0.039893 0.052517
vt 0.045449 0.046082
vt 0.039893 0.052517
vt 0.036256 0.049344
vt 0.041734 0.042874
vt 0.165171 0.037602
vt 0.171173 0.031438
vt 0.175189 0.035358
vt 0.169273 0.041520
vt 0.165171 0.037602
vt 0.169273 0.041520
vt 0.163330 0.047660
vt 0.159236 0.043746
vt 0.044061 0.056214
vt 0.038473 0.062722
vt 0.034279 0.058962
vt 0.039893 0.052517
vt 0.163330 0.047660
vt 0.169273 0.041520
vt 0.172869 0.044974
vt 0.166839 0.051073
vt 0.163330 0.047660
vt 0.166839 0.051073
vt 0.160987 0.057255
vt 0.157381 0.053726
vt 0.163330 0.047660
vt 0.157381 0.053726
vt 0.153168 0.049825
vt 0.159236 0.043746
vt 0.160987 0.057255
vt 0.166839 0.051073
vt 0.170278 0.054478
vt 0.164390 0.060785
vt 0.160987 0.057255
vt 0.164390 0.060785
vt 0.158665 0.067353
vt 0.155563 0.063473
vt 0.160987 0.057255
vt 0.155563 0.063473
vt 0.151625 0.059681
vt 0.157381 0.053726
vt 0.155563 0.063473
vt 0.158665 0.067353
vt 0.152392 0.073641
vt 0.150752 0.068948
vt 0.155563 0.063473
vt 0.150752 0.068948
vt 0.146880 0.065189
vt 0.151625 0.059681
vt 0.013219 0.052512
vt 0.018817 0.045857
vt 0.022996 0.049299
vt 0.017443 0.055761
vt 0.013219 0.052512
vt 0.017443 0.055761
vt 0.011908 0.062356
vt 0.007834 0.059531
vt 0.017443 0.055761
vt 0.022996 0.049299
vt 0.027165 0.052738
vt 0.021623 0.059128
vt 0.017443 0.055761
vt 0.021623 0.059128
vt 0.016101 0.065519
vt 0.011908 0.062356
vt 0.018817 0.045857
vt 0.024437 0.039244
vt 0.028440 0.042771
vt 0.022996 0.049299
vt 0.170278 0.054478
vt 0.166839 0.051073
vt 0.172869 0.044974
vt 0.176340 0.048337
vt 0.172869 0.044974
vt 0.178800 0.038826
vt 0.182317 0.042178
vt 0.176340 0.048337
vt 0.172869 0.044974
vt 0.169273 0.041520
vt 0.175189 0.035358
vt 0.178800 0.038826
vt 0.175189 0.035358
vt 0.181136 0.029173
vt 0.184715 0.032634
vt 0.178800 0.038826
vt 0.175189 0.035358
vt 0.171173 0.031438
vt 0.177069 0.025298
vt 0.181136 0.029173
vt 0.177069 0.025298
vt 0.182975 0.019082
vt 0.186985 0.022980
vt 0.181136 0.029173
vt 0.055350 0.043218
vt 0.051079 0.039623
vt 0.056701 0.033175
vt 0.061074 0.036556
vt 0.200135 0.023549
vt 0.196463 0.020286
vt 0.201563 0.014524
vt 0.205567 0.017550
vt 0.021623 0.059128
vt 0.025188 0.062266
vt 0.019613 0.068528
vt 0.016101 0.065519
vt 0.161470 0.013041
vt 0.160378 0.012320
vt 0.156040 0.009888
vt 0.158582 0.005456
vt 0.161470 0.013041
vt 0.164156 0.020472
vt 0.159963 0.018777
vt 0.160378 0.012320
vt 0.741198 0.011394
vt 0.745416 0.004371
vt 0.749097 0.007261
vt 0.744514 0.011937
vt 0.847286 0.174503
vt 0.852025 0.170239
vt 0.856330 0.176677
vt 0.852832 0.179531
vt 0.033515 0.160178
vt 0.026982 0.164901
vt 0.025935 0.163022
vt 0.031816 0.156601
vt 0.033515 0.160178
vt 0.031816 0.156601
vt 0.037181 0.150746
vt 0.038456 0.151883
vt 0.018315 0.158794
vt 0.018361 0.163880
vt 0.013326 0.162085
vt 0.014697 0.158086
vt 0.018315 0.158794
vt 0.021522 0.156512
vt 0.024061 0.160102
vt 0.018361 0.163880
vt 0.018315 0.158794
vt 0.014697 0.158086
vt 0.017259 0.152399
vt 0.021522 0.156512
vt 0.749097 0.007261
vt 0.753159 0.007864
vt 0.751785 0.012476
vt 0.744514 0.011937
vt 0.749097 0.007261
vt 0.745416 0.004371
vt 0.754356 0.003906
vt 0.753159 0.007864
vt 0.859847 0.179370
vt 0.859276 0.185626
vt 0.852832 0.179531
vt 0.856330 0.176677
vt 0.859847 0.179370
vt 0.864171 0.178712
vt 0.865979 0.183525
vt 0.859276 0.185626
vt 0.160378 0.012320
vt 0.159963 0.018777
vt 0.155474 0.016905
vt 0.156040 0.009888
vt 0.847286 0.174503
vt 0.845215 0.165925
vt 0.848632 0.163907
vt 0.852025 0.170239
vt 0.749647 0.017101
vt 0.753480 0.021014
vt 0.747842 0.024616
vt 0.744329 0.017822
vt 0.749647 0.017101
vt 0.744329 0.017822
vt 0.744514 0.011937
vt 0.751785 0.012476
vt 0.749647 0.017101
vt 0.751785 0.012476
vt 0.758676 0.015797
vt 0.753480 0.021014
vt 0.150554 0.014740
vt 0.155474 0.016905
vt 0.151133 0.023152
vt 0.146310 0.018256
vt 0.150554 0.014740
vt 0.150270 0.009888
vt 0.156040 0.009888
vt 0.155474 0.016905
vt 0.150554 0.014740
vt 0.146310 0.018256
vt 0.142703 0.012731
vt 0.150270 0.009888
vt 0.741198 0.011394
vt 0.744514 0.011937
vt 0.744329 0.017822
vt 0.737847 0.018305
vt 0.142703 0.012731
vt 0.146310 0.018256
vt 0.140240 0.022742
vt 0.135853 0.017836
vt 0.142703 0.012731
vt 0.135853 0.017836
vt 0.132537 0.013311
vt 0.140235 0.007610
vt 0.142703 0.012731
vt 0.140235 0.007610
vt 0.149801 0.003906
vt 0.150270 0.009888
vt 0.763358 0.008252
vt 0.770191 0.014382
vt 0.767951 0.016564
vt 0.761669 0.011144
vt 0.763358 0.008252
vt 0.761669 0.011144
vt 0.753159 0.007864
vt 0.754356 0.003906
vt 0.761669 0.011144
vt 0.767951 0.016564
vt 0.763668 0.020805
vt 0.758676 0.015797
vt 0.761669 0.011144
vt 0.758676 0.015797
vt 0.751785 0.012476
vt 0.753159 0.007864
vt 0.763668 0.020805
vt 0.767951 0.016564
vt 0.773061 0.022781
vt 0.768363 0.026610
vt 0.763668 0.020805
vt 0.768363 0.026610
vt 0.762017 0.031630
vt 0.757404 0.025950
vt 0.763668 0.020805
vt 0.757404 0.025950
vt 0.753480 0.021014
vt 0.758676 0.015797
vt 0.757404 0.025950
vt 0.762017 0.031630
vt 0.756706 0.035755
vt 0.752151 0.030112
vt 0.757404 0.025950
vt 0.752151 0.030112
vt 0.747842 0.024616
vt 0.753480 0.021014
vt 0.752151 0.030112
vt 0.756706 0.035755
vt 0.752320 0.039248
vt 0.747673 0.033415
vt 0.752151 0.030112
vt 0.747673 0.033415
vt 0.743040 0.027348
vt 0.747842 0.024616
vt 0.743040 0.027348
vt 0.737847 0.018305
vt 0.744329 0.017822
vt 0.747842 0.024616
vt 0.157450 0.028723
vt 0.151561 0.034275
vt 0.149405 0.032183
vt 0.155244 0.026531
vt 0.157450 0.028723
vt 0.155244 0.026531
vt 0.159963 0.018777
vt 0.164156 0.020472
vt 0.155244 0.026531
vt 0.149405 0.032183
vt 0.145365 0.028248
vt 0.151133 0.023152
vt 0.155244 0.026531
vt 0.151133 0.023152
vt 0.155474 0.016905
vt 0.159963 0.018777
vt 0.145365 0.028248
vt 0.149405 0.032183
vt 0.143691 0.037795
vt 0.139527 0.033758
vt 0.145365 0.028248
vt 0.139527 0.033758
vt 0.133974 0.028183
vt 0.140240 0.022742
vt 0.145365 0.028248
vt 0.140240 0.022742
vt 0.146310 0.018256
vt 0.151133 0.023152
vt 0.133974 0.028183
vt 0.139527 0.033758
vt 0.133740 0.039439
vt 0.127748 0.033690
vt 0.133974 0.028183
vt 0.127748 0.033690
vt 0.123057 0.028983
vt 0.129463 0.023285
vt 0.133974 0.028183
vt 0.129463 0.023285
vt 0.135853 0.017836
vt 0.140240 0.022742
vt 0.129463 0.023285
vt 0.123057 0.028983
vt 0.118993 0.024904
vt 0.125649 0.018985
vt 0.129463 0.023285
vt 0.125649 0.018985
vt 0.132537 0.013311
vt 0.135853 0.017836
vt 0.775787 0.020669
vt 0.781132 0.027464
vt 0.777969 0.029701
vt 0.773061 0.022781
vt 0.775787 0.020669
vt 0.773061 0.022781
vt 0.767951 0.016564
vt 0.770191 0.014382
vt 0.777969 0.029701
vt 0.781132 0.027464
vt 0.786362 0.034536
vt 0.782820 0.036881
vt 0.777969 0.029701
vt 0.782820 0.036881
vt 0.777839 0.040289
vt 0.773182 0.033261
vt 0.777969 0.029701
vt 0.773182 0.033261
vt 0.768363 0.026610
vt 0.773061 0.022781
vt 0.773182 0.033261
vt 0.777839 0.040289
vt 0.771709 0.044630
vt 0.766932 0.037937
vt 0.773182 0.033261
vt 0.766932 0.037937
vt 0.762017 0.031630
vt 0.768363 0.026610
vt 0.766932 0.037937
vt 0.771709 0.044630
vt 0.766367 0.048291
vt 0.761690 0.041847
vt 0.766932 0.037937
vt 0.761690 0.041847
vt 0.756706 0.035755
vt 0.762017 0.031630
vt 0.761690 0.041847
vt 0.766367 0.048291
vt 0.761541 0.051546
vt 0.757202 0.045273
vt 0.761690 0.041847
vt 0.757202 0.045273
vt 0.752320 0.039248
vt 0.756706 0.035755
vt 0.140299 0.045546
vt 0.135138 0.051206
vt 0.132594 0.049057
vt 0.137967 0.043360
vt 0.140299 0.045546
vt 0.137967 0.043360
vt 0.143691 0.037795
vt 0.145973 0.039907
vt 0.137967 0.043360
vt 0.132594 0.049057
vt 0.128210 0.045258
vt 0.133740 0.039439
vt 0.137967 0.043360
vt 0.133740 0.039439
vt 0.139527 0.033758
vt 0.143691 0.037795
vt 0.128210 0.045258
vt 0.132594 0.049057
vt 0.127506 0.055143
vt 0.122911 0.051320
vt 0.128210 0.045258
vt 0.122911 0.051320
vt 0.116437 0.045737
vt 0.121913 0.039585
vt 0.128210 0.045258
vt 0.121913 0.039585
vt 0.127748 0.033690
vt 0.133740 0.039439
vt 0.121913 0.039585
vt 0.116437 0.045737
vt 0.111430 0.041370
vt 0.116997 0.035046
vt 0.121913 0.039585
vt 0.116997 0.035046
vt 0.123057 0.028983
vt 0.127748 0.033690
vt 0.116997 0.035046
vt 0.111430 0.041370
vt 0.107061 0.037639
vt 0.112744 0.031138
vt 0.116997 0.035046
vt 0.112744 0.031138
vt 0.118993 0.024904
vt 0.123057 0.028983
vt 0.107061 0.037639
vt 0.111430 0.041370
vt 0.106109 0.047680
vt 0.101728 0.044042
vt 0.791148 0.041810
vt 0.795718 0.048917
vt 0.791799 0.051350
vt 0.787439 0.044143
vt 0.791148 0.041810
vt 0.787439 0.044143
vt 0.782820 0.036881
vt 0.786362 0.034536
vt 0.787439 0.044143
vt 0.791799 0.051350
vt 0.786923 0.054403
vt 0.782472 0.047379
vt 0.787439 0.044143
vt 0.782472 0.047379
vt 0.777839 0.040289
vt 0.782820 0.036881
vt 0.782472 0.047379
vt 0.786923 0.054403
vt 0.780081 0.058772
vt 0.775930 0.051690
vt 0.782472 0.047379
vt 0.775930 0.051690
vt 0.771709 0.044630
vt 0.777839 0.040289
vt 0.775930 0.051690
vt 0.780081 0.058772
vt 0.774614 0.062362
vt 0.770483 0.055213
vt 0.775930 0.051690
vt 0.770483 0.055213
vt 0.766367 0.048291
vt 0.771709 0.044630
vt 0.770483 0.055213
vt 0.774614 0.062362
vt 0.769720 0.065622
vt 0.765475 0.058394
vt 0.770483 0.055213
vt 0.765475 0.058394
vt 0.761541 0.051546
vt 0.766367 0.048291
vt 0.130335 0.057376
vt 0.125267 0.063907
vt 0.122256 0.061411
vt 0.127506 0.055143
vt 0.130335 0.057376
vt 0.127506 0.055143
vt 0.132594 0.049057
vt 0.135138 0.051206
vt 0.122256 0.061411
vt 0.125267 0.063907
vt 0.119886 0.070258
vt 0.116803 0.067545
vt 0.122256 0.061411
vt 0.116803 0.067545
vt 0.112342 0.063561
vt 0.117611 0.057449
vt 0.122256 0.061411
vt 0.117611 0.057449
vt 0.122911 0.051320
vt 0.127506 0.055143
vt 0.117611 0.057449
vt 0.112342 0.063561
vt 0.105686 0.057947
vt 0.111117 0.051873
vt 0.117611 0.057449
vt 0.111117 0.051873
vt 0.116437 0.045737
vt 0.122911 0.051320
vt 0.111117 0.051873
vt 0.105686 0.057947
vt 0.100809 0.053867
vt 0.106109 0.047680
vt 0.111117 0.051873
vt 0.106109 0.047680
vt 0.111430 0.041370
vt 0.116437 0.045737
vt 0.100809 0.053867
vt 0.105686 0.057947
vt 0.100378 0.063935
vt 0.095327 0.059904
vt 0.100809 0.053867
vt 0.095327 0.059904
vt 0.091200 0.056272
vt 0.096480 0.050264
vt 0.100809 0.053867
vt 0.096480 0.050264
vt 0.101728 0.044042
vt 0.106109 0.047680
vt 0.800251 0.055891
vt 0.804864 0.062772
vt 0.800568 0.065606
vt 0.796070 0.058487
vt 0.800251 0.055891
vt 0.796070 0.058487
vt 0.791799 0.051350
vt 0.795718 0.048917
vt 0.796070 0.058487
vt 0.800568 0.065606
vt 0.795890 0.068668
vt 0.791196 0.061542
vt 0.796070 0.058487
vt 0.791196 0.061542
vt 0.786923 0.054403
vt 0.791799 0.051350
vt 0.791196 0.061542
vt 0.795890 0.068668
vt 0.789092 0.072735
vt 0.784552 0.065726
vt 0.791196 0.061542
vt 0.784552 0.065726
vt 0.780081 0.058772
vt 0.786923 0.054403
vt 0.784552 0.065726
vt 0.789092 0.072735
vt 0.783725 0.076432
vt 0.779156 0.069389
vt 0.784552 0.065726
vt 0.779156 0.069389
vt 0.774614 0.062362
vt 0.780081 0.058772
vt 0.779156 0.069389
vt 0.783725 0.076432
vt 0.779190 0.079503
vt 0.774482 0.072658
vt 0.779156 0.069389
vt 0.774482 0.072658
vt 0.769720 0.065622
vt 0.774614 0.062362
vt 0.779190 0.079503
vt 0.783725 0.076432
vt 0.788107 0.083631
vt 0.783504 0.086791
vt 0.114716 0.076374
vt 0.109770 0.082753
vt 0.106216 0.079545
vt 0.111451 0.073538
vt 0.114716 0.076374
vt 0.111451 0.073538
vt 0.116803 0.067545
vt 0.119886 0.070258
vt 0.111451 0.073538
vt 0.106216 0.079545
vt 0.101820 0.075499
vt 0.107057 0.069598
vt 0.111451 0.073538
vt 0.107057 0.069598
vt 0.112342 0.063561
vt 0.116803 0.067545
vt 0.107057 0.069598
vt 0.101820 0.075499
vt 0.095542 0.070197
vt 0.100378 0.063935
vt 0.107057 0.069598
vt 0.100378 0.063935
vt 0.105686 0.057947
vt 0.112342 0.063561
vt 0.095542 0.070197
vt 0.101820 0.075499
vt 0.096121 0.081458
vt 0.090223 0.076154
vt 0.095542 0.070197
vt 0.090223 0.076154
vt 0.085095 0.071578
vt 0.090108 0.065909
vt 0.095542 0.070197
vt 0.090108 0.065909
vt 0.095327 0.059904
vt 0.100378 0.063935
vt 0.090108 0.065909
vt 0.085095 0.071578
vt 0.080811 0.067587
vt 0.085927 0.061974
vt 0.090108 0.065909
vt 0.085927 0.061974
vt 0.091200 0.056272
vt 0.095327 0.059904
vt 0.809590 0.069419
vt 0.814096 0.075958
vt 0.809671 0.079206
vt 0.805101 0.072596
vt 0.809590 0.069419
vt 0.805101 0.072596
vt 0.800568 0.065606
vt 0.804864 0.062772
vt 0.805101 0.072596
vt 0.809671 0.079206
vt 0.804463 0.082962
vt 0.800309 0.075945
vt 0.805101 0.072596
vt 0.800309 0.075945
vt 0.795890 0.068668
vt 0.800568 0.065606
vt 0.800309 0.075945
vt 0.804463 0.082962
vt 0.797721 0.087322
vt 0.793306 0.079973
vt 0.800309 0.075945
vt 0.793306 0.079973
vt 0.789092 0.072735
vt 0.795890 0.068668
vt 0.793306 0.079973
vt 0.797721 0.087322
vt 0.792989 0.090936
vt 0.788107 0.083631
vt 0.793306 0.079973
vt 0.788107 0.083631
vt 0.783725 0.076432
vt 0.789092 0.072735
vt 0.792989 0.090936
vt 0.797721 0.087322
vt 0.802841 0.094275
vt 0.798486 0.097850
vt 0.792989 0.090936
vt 0.798486 0.097850
vt 0.794206 0.101521
vt 0.788629 0.094372
vt 0.792989 0.090936
vt 0.788629 0.094372
vt 0.783504 0.086791
vt 0.788107 0.083631
vt 0.103619 0.088996
vt 0.097250 0.095077
vt 0.093731 0.091165
vt 0.100244 0.085510
vt 0.103619 0.088996
vt 0.100244 0.085510
vt 0.106216 0.079545
vt 0.109770 0.082753
vt 0.100244 0.085510
vt 0.093731 0.091165
vt 0.089818 0.087035
vt 0.096121 0.081458
vt 0.100244 0.085510
vt 0.096121 0.081458
vt 0.101820 0.075499
vt 0.106216 0.079545
vt 0.089818 0.087035
vt 0.093731 0.091165
vt 0.087395 0.096496
vt 0.083486 0.092478
vt 0.089818 0.087035
vt 0.083486 0.092478
vt 0.078252 0.087106
vt 0.084380 0.081564
vt 0.089818 0.087035
vt 0.084380 0.081564
vt 0.090223 0.076154
vt 0.096121 0.081458
vt 0.084380 0.081564
vt 0.078252 0.087106
vt 0.073947 0.082561
vt 0.079751 0.077152
vt 0.084380 0.081564
vt 0.079751 0.077152
vt 0.085095 0.071578
vt 0.090223 0.076154
vt 0.079751 0.077152
vt 0.073947 0.082561
vt 0.070294 0.078577
vt 0.075750 0.073187
vt 0.079751 0.077152
vt 0.075750 0.073187
vt 0.080811 0.067587
vt 0.085095 0.071578
vt 0.818709 0.082282
vt 0.823554 0.088592
vt 0.819081 0.092122
vt 0.814159 0.085746
vt 0.818709 0.082282
vt 0.814159 0.085746
vt 0.809671 0.079206
vt 0.814096 0.075958
vt 0.814159 0.085746
vt 0.819081 0.092122
vt 0.814240 0.096056
vt 0.809165 0.089436
vt 0.814159 0.085746
vt 0.809165 0.089436
vt 0.804463 0.082962
vt 0.809671 0.079206
vt 0.809165 0.089436
vt 0.814240 0.096056
vt 0.808398 0.100774
vt 0.802841 0.094275
vt 0.809165 0.089436
vt 0.802841 0.094275
vt 0.797721 0.087322
vt 0.804463 0.082962
vt 0.808398 0.100774
vt 0.814240 0.096056
vt 0.819553 0.102413
vt 0.813763 0.107512
vt 0.808398 0.100774
vt 0.813763 0.107512
vt 0.809254 0.110922
vt 0.804106 0.104206
vt 0.808398 0.100774
vt 0.804106 0.104206
vt 0.798486 0.097850
vt 0.802841 0.094275
vt 0.804106 0.104206
vt 0.809254 0.110922
vt 0.804704 0.113766
vt 0.799930 0.107647
vt 0.804106 0.104206
vt 0.799930 0.107647
vt 0.794206 0.101521
vt 0.798486 0.097850
vt 0.090984 0.100273
vt 0.085959 0.105766
vt 0.081865 0.102129
vt 0.087395 0.096496
vt 0.090984 0.100273
vt 0.087395 0.096496
vt 0.093731 0.091165
vt 0.097250 0.095077
vt 0.081865 0.102129
vt 0.085959 0.105766
vt 0.081394 0.111988
vt 0.077034 0.108216
vt 0.081865 0.102129
vt 0.077034 0.108216
vt 0.072451 0.103900
vt 0.077628 0.098082
vt 0.081865 0.102129
vt 0.077628 0.098082
vt 0.083486 0.092478
vt 0.087395 0.096496
vt 0.077628 0.098082
vt 0.072451 0.103900
vt 0.066625 0.098298
vt 0.072074 0.092526
vt 0.077628 0.098082
vt 0.072074 0.092526
vt 0.078252 0.087106
vt 0.083486 0.092478
vt 0.072074 0.092526
vt 0.066625 0.098298
vt 0.061989 0.093844
vt 0.067683 0.087798
vt 0.072074 0.092526
vt 0.067683 0.087798
vt 0.073947 0.082561
vt 0.078252 0.087106
vt 0.067683 0.087798
vt 0.061989 0.093844
vt 0.057740 0.090063
vt 0.063893 0.083698
vt 0.067683 0.087798
vt 0.063893 0.083698
vt 0.070294 0.078577
vt 0.073947 0.082561
vt 0.829033 0.095223
vt 0.834480 0.102599
vt 0.830085 0.105458
vt 0.824742 0.098409
vt 0.829033 0.095223
vt 0.824742 0.098409
vt 0.819081 0.092122
vt 0.823554 0.088592
vt 0.824742 0.098409
vt 0.830085 0.105458
vt 0.824979 0.108940
vt 0.819553 0.102413
vt 0.824742 0.098409
vt 0.819553 0.102413
vt 0.814240 0.096056
vt 0.819081 0.092122
vt 0.824979 0.108940
vt 0.830085 0.105458
vt 0.834523 0.113000
vt 0.829613 0.116223
vt 0.824979 0.108940
vt 0.829613 0.116223
vt 0.823177 0.120802
vt 0.819317 0.113555
vt 0.824979 0.108940
vt 0.819317 0.113555
vt 0.813763 0.107512
vt 0.819553 0.102413
vt 0.819317 0.113555
vt 0.823177 0.120802
vt 0.818155 0.124520
vt 0.813824 0.117679
vt 0.819317 0.113555
vt 0.813824 0.117679
vt 0.809254 0.110922
vt 0.813763 0.107512
vt 0.813824 0.117679
vt 0.818155 0.124520
vt 0.813708 0.127782
vt 0.808926 0.120638
vt 0.813824 0.117679
vt 0.808926 0.120638
vt 0.804704 0.113766
vt 0.809254 0.110922
vt 0.813708 0.127782
vt 0.818155 0.124520
vt 0.823245 0.131450
vt 0.818983 0.134750
vt 0.075957 0.118328
vt 0.069777 0.124296
vt 0.066084 0.120293
vt 0.071862 0.114277
vt 0.075957 0.118328
vt 0.071862 0.114277
vt 0.077034 0.108216
vt 0.081394 0.111988
vt 0.071862 0.114277
vt 0.066084 0.120293
vt 0.061910 0.115935
vt 0.067315 0.109849
vt 0.071862 0.114277
vt 0.067315 0.109849
vt 0.072451 0.103900
vt 0.077034 0.108216
vt 0.067315 0.109849
vt 0.061910 0.115935
vt 0.055989 0.110291
vt 0.061547 0.104416
vt 0.067315 0.109849
vt 0.061547 0.104416
vt 0.066625 0.098298
vt 0.072451 0.103900
vt 0.061547 0.104416
vt 0.055989 0.110291
vt 0.051580 0.106364
vt 0.056936 0.100382
vt 0.061547 0.104416
vt 0.056936 0.100382
vt 0.061989 0.093844
vt 0.066625 0.098298
vt 0.056936 0.100382
vt 0.051580 0.106364
vt 0.047820 0.103119
vt 0.052589 0.096943
vt 0.056936 0.100382
vt 0.052589 0.096943
vt 0.057740 0.090063
vt 0.061989 0.093844
vt 0.839125 0.110195
vt 0.843229 0.117042
vt 0.838850 0.119889
vt 0.834523 0.113000
vt 0.839125 0.110195
vt 0.834523 0.113000
vt 0.830085 0.105458
vt 0.834480 0.102599
vt 0.838850 0.119889
vt 0.843229 0.117042
vt 0.847530 0.123644
vt 0.843490 0.126381
vt 0.838850 0.119889
vt 0.843490 0.126381
vt 0.838850 0.129439
vt 0.834010 0.123126
vt 0.838850 0.119889
vt 0.834010 0.123126
vt 0.829613 0.116223
vt 0.834523 0.113000
vt 0.834010 0.123126
vt 0.838850 0.129439
vt 0.833121 0.134646
vt 0.827707 0.127961
vt 0.834010 0.123126
vt 0.827707 0.127961
vt 0.823177 0.120802
vt 0.829613 0.116223
vt 0.827707 0.127961
vt 0.833121 0.134646
vt 0.828597 0.138090
vt 0.823245 0.131450
vt 0.827707 0.127961
vt 0.823245 0.131450
vt 0.818155 0.124520
vt 0.823177 0.120802
vt 0.828597 0.138090
vt 0.833121 0.134646
vt 0.838604 0.140409
vt 0.833944 0.144137
vt 0.828597 0.138090
vt 0.833944 0.144137
vt 0.829997 0.147368
vt 0.824223 0.141534
vt 0.828597 0.138090
vt 0.824223 0.141534
vt 0.818983 0.134750
vt 0.823245 0.131450
vt 0.063670 0.130234
vt 0.057144 0.135153
vt 0.054631 0.132081
vt 0.060308 0.126357
vt 0.063670 0.130234
vt 0.060308 0.126357
vt 0.066084 0.120293
vt 0.069777 0.124296
vt 0.060308 0.126357
vt 0.054631 0.132081
vt 0.049561 0.127462
vt 0.056126 0.121854
vt 0.060308 0.126357
vt 0.056126 0.121854
vt 0.061910 0.115935
vt 0.066084 0.120293
vt 0.056126 0.121854
vt 0.049561 0.127462
vt 0.043017 0.121626
vt 0.050098 0.116071
vt 0.056126 0.121854
vt 0.050098 0.116071
vt 0.055989 0.110291
vt 0.061910 0.115935
vt 0.050098 0.116071
vt 0.043017 0.121626
vt 0.038999 0.116834
vt 0.045651 0.111790
vt 0.050098 0.116071
vt 0.045651 0.111790
vt 0.051580 0.106364
vt 0.055989 0.110291
vt 0.045651 0.111790
vt 0.038999 0.116834
vt 0.037340 0.115045
vt 0.042761 0.109012
vt 0.045651 0.111790
vt 0.042761 0.109012
vt 0.047820 0.103119
vt 0.051580 0.106364
vt 0.037340 0.115045
vt 0.038999 0.116834
vt 0.032047 0.121684
vt 0.030909 0.120743
vt 0.851972 0.130554
vt 0.856914 0.137670
vt 0.853526 0.140678
vt 0.848464 0.133266
vt 0.851972 0.130554
vt 0.848464 0.133266
vt 0.843490 0.126381
vt 0.847530 0.123644
vt 0.848464 0.133266
vt 0.853526 0.140678
vt 0.849764 0.143985
vt 0.844647 0.136072
vt 0.848464 0.133266
vt 0.844647 0.136072
vt 0.838850 0.129439
vt 0.843490 0.126381
vt 0.844647 0.136072
vt 0.849764 0.143985
vt 0.843047 0.146462
vt 0.838604 0.140409
vt 0.844647 0.136072
vt 0.838604 0.140409
vt 0.833121 0.134646
vt 0.838850 0.129439
vt 0.843047 0.146462
vt 0.849764 0.143985
vt 0.853415 0.151110
vt 0.847579 0.154207
vt 0.843047 0.146462
vt 0.847579 0.154207
vt 0.844081 0.156899
vt 0.838922 0.150200
vt 0.843047 0.146462
vt 0.838922 0.150200
vt 0.833944 0.144137
vt 0.838604 0.140409
vt 0.838922 0.150200
vt 0.844081 0.156899
vt 0.840925 0.159197
vt 0.835194 0.153319
vt 0.838922 0.150200
vt 0.835194 0.153319
vt 0.829997 0.147368
vt 0.833944 0.144137
vt 0.051228 0.140519
vt 0.044474 0.145654
vt 0.043223 0.144315
vt 0.049290 0.137991
vt 0.051228 0.140519
vt 0.049290 0.137991
vt 0.054631 0.132081
vt 0.057144 0.135153
vt 0.049290 0.137991
vt 0.043223 0.144315
vt 0.040588 0.141423
vt 0.045579 0.134281
vt 0.049290 0.137991
vt 0.045579 0.134281
vt 0.049561 0.127462
vt 0.054631 0.132081
vt 0.040588 0.141423
vt 0.043223 0.144315
vt 0.037181 0.150746
vt 0.034389 0.148176
vt 0.040588 0.141423
vt 0.034389 0.148176
vt 0.031427 0.145234
vt 0.037257 0.138403
vt 0.040588 0.141423
vt 0.037257 0.138403
vt 0.041320 0.130672
vt 0.045579 0.134281
vt 0.037257 0.138403
vt 0.031427 0.145234
vt 0.027146 0.140231
vt 0.032343 0.134332
vt 0.037257 0.138403
vt 0.032343 0.134332
vt 0.037185 0.127770
vt 0.041320 0.130672
vt 0.032343 0.134332
vt 0.027146 0.140231
vt 0.023214 0.136652
vt 0.028841 0.130637
vt 0.032343 0.134332
vt 0.028841 0.130637
vt 0.035064 0.124983
vt 0.037185 0.127770
vt 0.028841 0.130637
vt 0.023214 0.136652
vt 0.019759 0.133747
vt 0.025629 0.127547
vt 0.028841 0.130637
vt 0.025629 0.127547
vt 0.032047 0.121684
vt 0.035064 0.124983
vt 0.025629 0.127547
vt 0.019759 0.133747
vt 0.018693 0.132912
vt 0.024728 0.126687
vt 0.025629 0.127547
vt 0.024728 0.126687
vt 0.030909 0.120743
vt 0.032047 0.121684
vt 0.861951 0.144496
vt 0.866963 0.151232
vt 0.862993 0.153741
vt 0.858219 0.147446
vt 0.861951 0.144496
vt 0.858219 0.147446
vt 0.853526 0.140678
vt 0.856914 0.137670
vt 0.858219 0.147446
vt 0.862993 0.153741
vt 0.858190 0.157056
vt 0.853415 0.151110
vt 0.858219 0.147446
vt 0.853415 0.151110
vt 0.849764 0.143985
vt 0.853526 0.140678
vt 0.858190 0.157056
vt 0.862993 0.153741
vt 0.867180 0.160825
vt 0.862644 0.163305
vt 0.858190 0.157056
vt 0.862644 0.163305
vt 0.856596 0.167287
vt 0.852687 0.161246
vt 0.858190 0.157056
vt 0.852687 0.161246
vt 0.847579 0.154207
vt 0.853415 0.151110
vt 0.852687 0.161246
vt 0.856596 0.167287
vt 0.852025 0.170239
vt 0.848632 0.163907
vt 0.852687 0.161246
vt 0.848632 0.163907
vt 0.844081 0.156899
vt 0.847579 0.154207
vt 0.856596 0.167287
vt 0.862644 0.163305
vt 0.865841 0.170022
vt 0.860450 0.173051
vt 0.856596 0.167287
vt 0.860450 0.173051
vt 0.856330 0.176677
vt 0.852025 0.170239
vt 0.860450 0.173051
vt 0.865841 0.170022
vt 0.868671 0.176015
vt 0.864171 0.178712
vt 0.860450 0.173051
vt 0.864171 0.178712
vt 0.859847 0.179370
vt 0.856330 0.176677
vt 0.868671 0.176015
vt 0.865841 0.170022
vt 0.870596 0.168331
vt 0.872883 0.174513
vt 0.868671 0.176015
vt 0.872883 0.174513
vt 0.874425 0.179141
vt 0.870672 0.180970
vt 0.868671 0.176015
vt 0.870672 0.180970
vt 0.865979 0.183525
vt 0.864171 0.178712
vt 0.006610 0.164145
vt 0.004601 0.159886
vt 0.007055 0.160165
vt 0.008629 0.162693
vt 0.006610 0.164145
vt 0.008629 0.162693
vt 0.012100 0.165285
vt 0.011894 0.166953
vt 0.012100 0.165285
vt 0.008629 0.162693
vt 0.009185 0.160012
vt 0.013326 0.162085
vt 0.012100 0.165285
vt 0.013326 0.162085
vt 0.018361 0.163880
vt 0.018571 0.167064
vt 0.012100 0.165285
vt 0.018571 0.167064
vt 0.018729 0.169339
vt 0.011894 0.166953
vt 0.018571 0.167064
vt 0.025935 0.163022
vt 0.026982 0.164901
vt 0.018729 0.169339
vt 0.018571 0.167064
vt 0.018361 0.163880
vt 0.024061 0.160102
vt 0.025935 0.163022
vt 0.009185 0.160012
vt 0.010655 0.155768
vt 0.014697 0.158086
vt 0.013326 0.162085
vt 0.009185 0.160012
vt 0.008629 0.162693
vt 0.007055 0.160165
vt 0.005876 0.158530
vt 0.009185 0.160012
vt 0.005876 0.158530
vt 0.006649 0.154154
vt 0.010655 0.155768
vt 0.006649 0.154154
vt 0.009336 0.147939
vt 0.013228 0.150019
vt 0.010655 0.155768
vt 0.006649 0.154154
vt 0.005876 0.158530
vt 0.003996 0.157230
vt 0.003906 0.153035
vt 0.006649 0.154154
vt 0.003906 0.153035
vt 0.007119 0.146802
vt 0.009336 0.147939
vt 0.007119 0.146802
vt 0.013040 0.139769
vt 0.014219 0.140595
vt 0.009336 0.147939
vt 0.874999 0.166785
vt 0.876534 0.173239
vt 0.872883 0.174513
vt 0.870596 0.168331
vt 0.874999 0.166785
vt 0.870596 0.168331
vt 0.867180 0.160825
vt 0.871139 0.158804
vt 0.014219 0.140595
vt 0.019759 0.133747
vt 0.023214 0.136652
vt 0.017750 0.143070
vt 0.014219 0.140595
vt 0.017750 0.143070
vt 0.013228 0.150019
vt 0.009336 0.147939
vt 0.014219 0.140595
vt 0.013040 0.139769
vt 0.018693 0.132912
vt 0.019759 0.133747
vt 0.017750 0.143070
vt 0.023214 0.136652
vt 0.027146 0.140231
vt 0.021495 0.146026
vt 0.017750 0.143070
vt 0.021495 0.146026
vt 0.017259 0.152399
vt 0.013228 0.150019
vt 0.021495 0.146026
vt 0.027146 0.140231
vt 0.031427 0.145234
vt 0.025955 0.151064
vt 0.021495 0.146026
vt 0.025955 0.151064
vt 0.021522 0.156512
vt 0.017259 0.152399
vt 0.025955 0.151064
vt 0.031427 0.145234
vt 0.034389 0.148176
vt 0.029231 0.154218
vt 0.025955 0.151064
vt 0.029231 0.154218
vt 0.024061 0.160102
vt 0.021522 0.156512
vt 0.029231 0.154218
vt 0.034389 0.148176
vt 0.037181 0.150746
vt 0.031816 0.156601
vt 0.029231 0.154218
vt 0.031816 0.156601
vt 0.025935 0.163022
vt 0.024061 0.160102
vt 0.871139 0.158804
vt 0.867180 0.160825
vt 0.862993 0.153741
vt 0.866963 0.151232
vt 0.876534 0.173239
vt 0.875163 0.176895
vt 0.874425 0.179141
vt 0.872883 0.174513
vt 0.013228 0.150019
vt 0.017259 0.152399
vt 0.014697 0.158086
vt 0.010655 0.155768
vt 0.870596 0.168331
vt 0.865841 0.170022
vt 0.862644 0.163305
vt 0.867180 0.160825
vt 0.043223 0.144315
vt 0.044474 0.145654
vt 0.038456 0.151883
vt 0.037181 0.150746
vt 0.840925 0.159197
vt 0.844081 0.156899
vt 0.848632 0.163907
vt 0.845215 0.165925
vt 0.032047 0.121684
vt 0.038999 0.116834
vt 0.043017 0.121626
vt 0.035064 0.124983
vt 0.143691 0.037795
vt 0.149405 0.032183
vt 0.151561 0.034275
vt 0.145973 0.039907
vt 0.150270 0.009888
vt 0.149801 0.003906
vt 0.158582 0.005456
vt 0.156040 0.009888
vt 0.007055 0.160165
vt 0.004601 0.159886
vt 0.003996 0.157230
vt 0.005876 0.158530
vt 0.041320 0.130672
vt 0.037185 0.127770
vt 0.041421 0.125280
vt 0.044352 0.127405
vt 0.035064 0.124983
vt 0.043017 0.121626
vt 0.041421 0.125280
vt 0.037185 0.127770
vt 0.044352 0.127405
vt 0.041421 0.125280
vt 0.043017 0.121626
vt 0.049561 0.127462
vt 0.045579 0.134281
vt 0.041320 0.130672
vt 0.044352 0.127405
vt 0.049561 0.127462
vt 0.324580 0.009300
vt 0.322629 0.010829
vt 0.318390 0.008755
vt 0.319692 0.006764
vt 0.324580 0.009300
vt 0.319692 0.006764
vt 0.322831 0.004124
vt 0.328181 0.013318
vt 0.324580 0.009300
vt 0.328181 0.013318
vt 0.325603 0.014407
vt 0.322629 0.010829
vt 0.324566 0.020638
vt 0.318966 0.021829
vt 0.318935 0.018777
vt 0.322271 0.017325
vt 0.324566 0.020638
vt 0.321864 0.027344
vt 0.316597 0.024455
vt 0.318966 0.021829
vt 0.324566 0.020638
vt 0.327759 0.023252
vt 0.321466 0.028938
vt 0.321864 0.027344
vt 0.324566 0.020638
vt 0.325603 0.014407
vt 0.328181 0.013318
vt 0.327759 0.023252
vt 0.324566 0.020638
vt 0.322271 0.017325
vt 0.321724 0.015120
vt 0.325603 0.014407
vt 0.316433 0.019303
vt 0.315309 0.020475
vt 0.313284 0.018418
vt 0.315249 0.017316
vt 0.316433 0.019303
vt 0.318935 0.018777
vt 0.318966 0.021829
vt 0.315309 0.020475
vt 0.316433 0.019303
vt 0.315249 0.017316
vt 0.317792 0.016378
vt 0.318935 0.018777
vt 0.321864 0.027344
vt 0.321466 0.028938
vt 0.315009 0.027157
vt 0.316597 0.024455
vt 0.313645 0.012170
vt 0.316163 0.011507
vt 0.314519 0.014905
vt 0.312611 0.015836
vt 0.313645 0.012170
vt 0.313221 0.010488
vt 0.318390 0.008755
vt 0.316163 0.011507
vt 0.313645 0.012170
vt 0.312611 0.015836
vt 0.310178 0.014543
vt 0.313221 0.010488
vt 0.309361 0.012541
vt 0.313784 0.007282
vt 0.313221 0.010488
vt 0.310178 0.014543
vt 0.309361 0.012541
vt 0.310178 0.014543
vt 0.309456 0.019678
vt 0.308128 0.009838
vt 0.309361 0.012541
vt 0.308128 0.009838
vt 0.313331 0.003906
vt 0.313784 0.007282
vt 0.322271 0.017325
vt 0.318935 0.018777
vt 0.317792 0.016378
vt 0.321724 0.015120
vt 0.317299 0.014434
vt 0.319606 0.012495
vt 0.321724 0.015120
vt 0.317792 0.016378
vt 0.317299 0.014434
vt 0.317792 0.016378
vt 0.315249 0.017316
vt 0.314519 0.014905
vt 0.317299 0.014434
vt 0.314519 0.014905
vt 0.316163 0.011507
vt 0.319606 0.012495
vt 0.309456 0.019678
vt 0.313473 0.021732
vt 0.316597 0.024455
vt 0.315009 0.027157
vt 0.310178 0.014543
vt 0.312611 0.015836
vt 0.313284 0.018418
vt 0.312108 0.019480
vt 0.319606 0.012495
vt 0.316163 0.011507
vt 0.318390 0.008755
vt 0.322629 0.010829
vt 0.319606 0.012495
vt 0.322629 0.010829
vt 0.325603 0.014407
vt 0.321724 0.015120
vt 0.313784 0.007282
vt 0.319692 0.006764
vt 0.318390 0.008755
vt 0.313221 0.010488
vt 0.313784 0.007282
vt 0.313331 0.003906
vt 0.322831 0.004124
vt 0.319692 0.006764
vt 0.312611 0.015836
vt 0.314519 0.014905
vt 0.315249 0.017316
vt 0.313284 0.018418
vt 0.313473 0.021732
vt 0.315309 0.020475
vt 0.318966 0.021829
vt 0.316597 0.024455
vt 0.313473 0.021732
vt 0.312108 0.019480
vt 0.313284 0.018418
vt 0.315309 0.020475
vt 0.309456 0.019678
vt 0.310178 0.014543
vt 0.312108 0.019480
vt 0.313473 0.021732
vt 0.368638 0.018602
vt 0.365387 0.016666
vt 0.366353 0.013510
vt 0.371150 0.014130
vt 0.022953 0.012698
vt 0.020896 0.019218
vt 0.018483 0.017508
vt 0.020089 0.013407
vt 0.022953 0.012698
vt 0.020089 0.013407
vt 0.018855 0.009326
vt 0.020599 0.008110
vt 0.016049 0.003906
vt 0.020599 0.008110
vt 0.018855 0.009326
vt 0.015648 0.006564
vt 0.360866 0.014883
vt 0.362375 0.012433
vt 0.366353 0.013510
vt 0.365387 0.016666
vt 0.016049 0.003906
vt 0.015648 0.006564
vt 0.012214 0.006537
vt 0.012450 0.004305
vt 0.005805 0.006585
vt 0.008813 0.005011
vt 0.008401 0.007475
vt 0.005349 0.008000
vt 0.363563 0.007121
vt 0.366103 0.007486
vt 0.366363 0.010279
vt 0.362852 0.009702
vt 0.363563 0.007121
vt 0.362689 0.006301
vt 0.365869 0.005415
vt 0.366103 0.007486
vt 0.371228 0.007784
vt 0.368427 0.010434
vt 0.366363 0.010279
vt 0.366103 0.007486
vt 0.371228 0.007784
vt 0.366103 0.007486
vt 0.365869 0.005415
vt 0.370286 0.003906
vt 0.371228 0.007784
vt 0.375268 0.011233
vt 0.371150 0.014130
vt 0.368427 0.010434
vt 0.007642 0.021922
vt 0.004197 0.018196
vt 0.006298 0.015422
vt 0.009158 0.019027
vt 0.014262 0.016271
vt 0.011162 0.016110
vt 0.012599 0.012569
vt 0.014994 0.012828
vt 0.014262 0.016271
vt 0.014049 0.019958
vt 0.009158 0.019027
vt 0.011162 0.016110
vt 0.014262 0.016271
vt 0.016416 0.016454
vt 0.018483 0.017508
vt 0.014049 0.019958
vt 0.008617 0.011990
vt 0.009847 0.014849
vt 0.006298 0.015422
vt 0.008404 0.011156
vt 0.008617 0.011990
vt 0.012599 0.012569
vt 0.011162 0.016110
vt 0.009847 0.014849
vt 0.008617 0.011990
vt 0.008404 0.011156
vt 0.012212 0.009136
vt 0.012599 0.012569
vt 0.004197 0.018196
vt 0.003906 0.012059
vt 0.008404 0.011156
vt 0.006298 0.015422
vt 0.014572 0.022047
vt 0.007642 0.021922
vt 0.009158 0.019027
vt 0.014049 0.019958
vt 0.014572 0.022047
vt 0.014049 0.019958
vt 0.018483 0.017508
vt 0.020896 0.019218
vt 0.016416 0.016454
vt 0.017375 0.013213
vt 0.020089 0.013407
vt 0.018483 0.017508
vt 0.016416 0.016454
vt 0.014262 0.016271
vt 0.014994 0.012828
vt 0.017375 0.013213
vt 0.009847 0.014849
vt 0.011162 0.016110
vt 0.009158 0.019027
vt 0.006298 0.015422
vt 0.017285 0.010503
vt 0.018855 0.009326
vt 0.020089 0.013407
vt 0.017375 0.013213
vt 0.017285 0.010503
vt 0.017375 0.013213
vt 0.014994 0.012828
vt 0.015149 0.009492
vt 0.017285 0.010503
vt 0.015149 0.009492
vt 0.015648 0.006564
vt 0.018855 0.009326
vt 0.368427 0.010434
vt 0.371150 0.014130
vt 0.366353 0.013510
vt 0.366363 0.010279
vt 0.005349 0.008000
vt 0.008401 0.007475
vt 0.008404 0.011156
vt 0.003906 0.012059
vt 0.015149 0.009492
vt 0.014994 0.012828
vt 0.012599 0.012569
vt 0.012212 0.009136
vt 0.015149 0.009492
vt 0.012212 0.009136
vt 0.012214 0.006537
vt 0.015648 0.006564
vt 0.012212 0.009136
vt 0.008404 0.011156
vt 0.008401 0.007475
vt 0.012214 0.006537
vt 0.366363 0.010279
vt 0.366353 0.013510
vt 0.362375 0.012433
vt 0.362852 0.009702
vt 0.008401 0.007475
vt 0.008813 0.005011
vt 0.012450 0.004305
vt 0.012214 0.006537
vt 0.078658 0.038430
vt 0.079861 0.034935
vt 0.082385 0.037566
vt 0.080555 0.040755
vt 0.078658 0.038430
vt 0.076666 0.037751
vt 0.077602 0.033224
vt 0.079861 0.034935
vt 0.085585 0.020823
vt 0.086639 0.019009
vt 0.089873 0.019353
vt 0.088740 0.021713
vt 0.085585 0.020823
vt 0.082145 0.017974
vt 0.083899 0.016692
vt 0.086639 0.019009
vt 0.082843 0.042739
vt 0.080555 0.040755
vt 0.082385 0.037566
vt 0.084816 0.040086
vt 0.080084 0.014345
vt 0.081148 0.009840
vt 0.083389 0.010476
vt 0.082600 0.013835
vt 0.080084 0.014345
vt 0.082600 0.013835
vt 0.083899 0.016692
vt 0.082145 0.017974
vt 0.085751 0.004030
vt 0.091488 0.003906
vt 0.091259 0.006241
vt 0.088117 0.006609
vt 0.089035 0.037235
vt 0.086895 0.038385
vt 0.084208 0.035775
vt 0.086447 0.034339
vt 0.085751 0.004030
vt 0.088117 0.006609
vt 0.085567 0.007914
vt 0.083161 0.006389
vt 0.087358 0.017518
vt 0.086639 0.019009
vt 0.083899 0.016692
vt 0.086208 0.015750
vt 0.087358 0.017518
vt 0.086208 0.015750
vt 0.088657 0.014987
vt 0.089601 0.017226
vt 0.087358 0.017518
vt 0.089601 0.017226
vt 0.089873 0.019353
vt 0.086639 0.019009
vt 0.085035 0.011334
vt 0.087130 0.010271
vt 0.087937 0.012672
vt 0.085387 0.013487
vt 0.085035 0.011334
vt 0.085387 0.013487
vt 0.082600 0.013835
vt 0.083389 0.010476
vt 0.085035 0.011334
vt 0.083389 0.010476
vt 0.085567 0.007914
vt 0.087130 0.010271
vt 0.088740 0.021713
vt 0.089873 0.019353
vt 0.093921 0.017246
vt 0.095119 0.019344
vt 0.090599 0.014182
vt 0.090652 0.011837
vt 0.093468 0.012042
vt 0.092397 0.015301
vt 0.090599 0.014182
vt 0.088657 0.014987
vt 0.087937 0.012672
vt 0.090652 0.011837
vt 0.090599 0.014182
vt 0.092397 0.015301
vt 0.089601 0.017226
vt 0.088657 0.014987
vt 0.092397 0.015301
vt 0.093468 0.012042
vt 0.095925 0.012885
vt 0.093921 0.017246
vt 0.092397 0.015301
vt 0.093921 0.017246
vt 0.089873 0.019353
vt 0.089601 0.017226
vt 0.095925 0.012885
vt 0.095332 0.009302
vt 0.098028 0.009809
vt 0.097840 0.013923
vt 0.095925 0.012885
vt 0.097840 0.013923
vt 0.095119 0.019344
vt 0.093921 0.017246
vt 0.095925 0.012885
vt 0.093468 0.012042
vt 0.092409 0.009104
vt 0.095332 0.009302
vt 0.092409 0.009104
vt 0.091259 0.006241
vt 0.094331 0.006897
vt 0.095332 0.009302
vt 0.092409 0.009104
vt 0.093468 0.012042
vt 0.090652 0.011837
vt 0.089662 0.009407
vt 0.092409 0.009104
vt 0.089662 0.009407
vt 0.088117 0.006609
vt 0.091259 0.006241
vt 0.089662 0.009407
vt 0.090652 0.011837
vt 0.087937 0.012672
vt 0.087130 0.010271
vt 0.089662 0.009407
vt 0.087130 0.010271
vt 0.085567 0.007914
vt 0.088117 0.006609
vt 0.080452 0.030377
vt 0.083010 0.029521
vt 0.084382 0.032051
vt 0.081933 0.033020
vt 0.080452 0.030377
vt 0.081933 0.033020
vt 0.079861 0.034935
vt 0.077602 0.033224
vt 0.081933 0.033020
vt 0.084382 0.032051
vt 0.086447 0.034339
vt 0.084208 0.035775
vt 0.081933 0.033020
vt 0.084208 0.035775
vt 0.082385 0.037566
vt 0.079861 0.034935
vt 0.085387 0.013487
vt 0.087937 0.012672
vt 0.088657 0.014987
vt 0.086208 0.015750
vt 0.085387 0.013487
vt 0.086208 0.015750
vt 0.083899 0.016692
vt 0.082600 0.013835
vt 0.085567 0.007914
vt 0.083389 0.010476
vt 0.081148 0.009840
vt 0.083161 0.006389
vt 0.084208 0.035775
vt 0.086895 0.038385
vt 0.084816 0.040086
vt 0.082385 0.037566
vt 0.091259 0.006241
vt 0.091488 0.003906
vt 0.095896 0.005974
vt 0.094331 0.006897
vt 0.098028 0.009809
vt 0.095332 0.009302
vt 0.094331 0.006897
vt 0.095896 0.005974
vt 0.352446 0.012815
vt 0.348703 0.011905
vt 0.347788 0.008982
vt 0.350700 0.007044
vt 0.387776 0.004557
vt 0.391002 0.006916
vt 0.389717 0.010132
vt 0.387271 0.008323
vt 0.387776 0.004557
vt 0.387271 0.008323
vt 0.384881 0.007073
vt 0.387184 0.003906
vt 0.352446 0.012815
vt 0.349377 0.014615
vt 0.346792 0.015243
vt 0.348703 0.011905
vt 0.383329 0.012623
vt 0.383598 0.009420
vt 0.386317 0.011059
vt 0.386281 0.014604
vt 0.340403 0.019066
vt 0.337398 0.014080
vt 0.340885 0.014100
vt 0.341591 0.017483
vt 0.340403 0.019066
vt 0.341591 0.017483
vt 0.343769 0.018045
vt 0.345218 0.021152
vt 0.388733 0.012046
vt 0.386317 0.011059
vt 0.387271 0.008323
vt 0.389717 0.010132
vt 0.388733 0.012046
vt 0.389717 0.010132
vt 0.391772 0.012345
vt 0.389752 0.015035
vt 0.388733 0.012046
vt 0.389752 0.015035
vt 0.386281 0.014604
vt 0.386317 0.011059
vt 0.348893 0.016450
vt 0.346722 0.017963
vt 0.346792 0.015243
vt 0.349377 0.014615
vt 0.348893 0.016450
vt 0.349377 0.014615
vt 0.352446 0.012815
vt 0.352712 0.014283
vt 0.348893 0.016450
vt 0.352712 0.014283
vt 0.349383 0.019761
vt 0.346722 0.017963
vt 0.346799 0.012515
vt 0.345609 0.010042
vt 0.347788 0.008982
vt 0.348703 0.011905
vt 0.346799 0.012515
vt 0.346096 0.012339
vt 0.343884 0.012552
vt 0.345609 0.010042
vt 0.346799 0.012515
vt 0.348703 0.011905
vt 0.346792 0.015243
vt 0.346096 0.012339
vt 0.346417 0.005165
vt 0.346343 0.007338
vt 0.344100 0.008061
vt 0.343114 0.006003
vt 0.346417 0.005165
vt 0.350700 0.007044
vt 0.347788 0.008982
vt 0.346343 0.007338
vt 0.343764 0.003906
vt 0.343114 0.006003
vt 0.340034 0.008532
vt 0.339211 0.005800
vt 0.393405 0.008913
vt 0.391772 0.012345
vt 0.389717 0.010132
vt 0.391002 0.006916
vt 0.346096 0.012339
vt 0.346792 0.015243
vt 0.343505 0.015221
vt 0.343884 0.012552
vt 0.336450 0.009355
vt 0.339211 0.005800
vt 0.340034 0.008532
vt 0.337398 0.014080
vt 0.337398 0.014080
vt 0.340034 0.008532
vt 0.341621 0.010624
vt 0.340885 0.014100
vt 0.341591 0.017483
vt 0.340885 0.014100
vt 0.343505 0.015221
vt 0.343769 0.018045
vt 0.346343 0.007338
vt 0.347788 0.008982
vt 0.345609 0.010042
vt 0.344100 0.008061
vt 0.343114 0.006003
vt 0.344100 0.008061
vt 0.341621 0.010624
vt 0.340034 0.008532
vt 0.341621 0.010624
vt 0.344100 0.008061
vt 0.345609 0.010042
vt 0.343884 0.012552
vt 0.341621 0.010624
vt 0.343884 0.012552
vt 0.343505 0.015221
vt 0.340885 0.014100
vt 0.343505 0.015221
vt 0.346792 0.015243
vt 0.346722 0.017963
vt 0.343769 0.018045
vt 0.346722 0.017963
vt 0.349383 0.019761
vt 0.345218 0.021152
vt 0.343769 0.018045
vt 0.386317 0.011059
vt 0.383598 0.009420
vt 0.384881 0.007073
vt 0.387271 0.008323
vn 0.553442 0.826194 0.105389
vn 0.647428 0.749070 0.140470
vn 0.618657 0.785341 0.022435
vn 0.554246 0.828287 0.082178
vn 0.916846 0.367202 0.156703
vn 0.901666 0.404390 -0.153188
vn 0.744769 0.515786 -0.423421
vn 0.550529 0.823201 -0.138772
vn 0.518434 0.855074 -0.008617
vn 0.570568 0.816374 0.089362
vn 0.579273 0.805217 0.126765
vn 0.478395 0.877384 0.036536
vn 0.234123 0.943959 0.232654
vn 0.407092 0.872647 0.269746
vn 0.534766 0.812805 0.231027
vn 0.306697 0.912129 -0.271952
vn 0.220689 0.831687 -0.509503
vn -0.041681 0.864076 -0.501633
vn 0.127977 0.966524 -0.222380
vn 0.161079 0.587958 -0.792691
vn -0.151609 0.609573 -0.778097
vn -0.426326 0.623241 -0.655604
vn -0.297354 0.879824 -0.370798
vn -0.135598 0.987414 -0.081410
vn 0.434375 0.890644 -0.134427
vn 0.426544 0.836224 -0.344659
vn 0.477097 0.575852 -0.663907
vn 0.332001 0.942056 -0.048012
vn 0.053310 0.990788 0.124487
vn -0.823302 0.505399 -0.258354
vn -0.778424 0.627108 0.028138
vn -0.534210 0.825658 -0.181408
vn -0.651466 0.590990 -0.475734
vn -0.670490 0.683249 0.289161
vn -0.405764 0.908108 0.103421
vn -0.743363 0.345298 -0.572870
vn -0.903655 0.328787 -0.274421
vn -0.499212 0.369778 -0.783615
vn -0.525260 0.295190 -0.798101
vn -0.774794 0.276060 -0.568758
vn -0.923413 0.272422 -0.270361
vn 0.467017 0.736645 0.489131
vn 0.621192 0.730271 0.284295
vn 0.414933 0.516356 0.749138
vn 0.730541 0.463288 0.501671
vn 0.061107 0.563979 0.823525
vn -0.033309 0.370264 0.928329
vn 0.324166 0.353556 0.877448
vn -0.264937 0.635032 0.725633
vn -0.377896 0.410000 0.830117
vn -0.426578 0.344033 0.836464
vn -0.092879 0.314567 0.944680
vn 0.236720 0.310571 0.920603
vn 0.201982 0.796204 0.570317
vn -0.044843 0.871209 0.488860
vn 0.942048 0.103763 0.319027
vn 0.971457 0.115387 0.207259
vn 0.721494 0.283541 0.631705
vn 0.625508 0.271173 0.731577
vn 0.993758 0.032438 -0.106733
vn 0.982637 0.104403 -0.153376
vn 0.851261 0.172397 -0.495615
vn 0.840013 0.236372 -0.488371
vn 0.493208 0.285452 -0.821744
vn 0.502636 0.346014 -0.792232
vn 0.108727 0.305017 -0.946120
vn 0.126204 0.367757 -0.921318
vn -0.225785 0.299970 -0.926843
vn -0.207216 0.369687 -0.905755
vn -0.660039 0.438188 0.610197
vn -0.697324 0.363236 0.617899
vn -0.514890 0.682603 0.518596
vn -0.822290 0.431433 0.371086
vn -0.855857 0.354348 0.376757
vn -0.244041 0.913912 0.324359
vn -0.919073 0.385372 0.082418
vn -0.945694 0.315699 0.077439
vn 0.046908 0.998829 0.011881
vn 0.040958 0.998589 -0.033798
vn 0.138881 0.989804 0.031614
vn 0.125844 0.991687 0.026828
vn 0.083845 0.996357 0.015575
vn 0.060443 0.998078 0.013688
vn -0.260775 0.901295 -0.345924
vn -0.661289 0.743451 -0.099883
vn -0.032735 -0.999359 -0.014484
vn -0.027761 -0.999599 -0.005555
vn -0.025008 -0.999651 -0.008476
vn -0.025165 -0.999639 -0.009425
vn 0.016344 0.999839 0.007426
vn 0.019013 0.999615 0.020202
vn 0.016156 0.999731 0.016666
vn 0.019269 0.999802 0.004911
vn 0.050428 -0.997184 -0.055515
vn 0.066326 -0.996696 -0.046874
vn 0.890224 -0.357943 -0.281742
vn 0.819019 -0.545995 -0.176343
vn 0.830476 -0.534036 -0.158475
vn 0.030568 -0.999001 -0.032597
vn -0.014837 0.999865 0.007037
vn 0.043148 0.998769 -0.024459
vn 0.023625 0.999272 -0.029964
vn 0.018997 0.999323 -0.031493
vn -0.008784 0.999920 0.009053
vn -0.016599 0.999857 0.003289
vn 0.061790 0.997984 -0.014499
vn 0.055291 0.998373 -0.013911
vn -0.008640 0.999931 0.007914
vn 0.542209 0.822788 -0.170381
vn 0.202952 0.379534 -0.902643
vn -0.092459 0.995486 -0.021429
vn 0.492648 0.867546 -0.068277
vn 0.515101 0.853948 -0.073785
vn -0.107837 0.993989 0.018909
vn -0.095583 0.995232 0.019420
vn -0.407888 -0.763358 -0.500912
vn -0.636153 0.151116 -0.756619
vn -0.071860 0.487459 -0.870184
vn -0.032426 -0.874699 -0.483581
vn -0.121125 -0.992327 -0.024815
vn -0.951310 -0.267592 -0.152982
vn 0.022094 0.999751 -0.003020
vn 0.014688 0.999883 0.004166
vn 0.010757 0.999938 0.002767
vn 0.099733 0.604238 -0.790538
vn 0.005645 -0.999978 -0.003511
vn 0.003927 -0.999957 -0.008364
vn -0.002821 -0.999976 -0.006397
vn 0.004120 -0.999985 -0.003734
vn -0.023094 -0.999727 -0.003440
vn -0.015850 -0.999874 0.000448
vn -0.007598 -0.999947 -0.006890
vn -0.005934 -0.999972 -0.004572
vn 0.002566 -0.999996 -0.001365
vn -0.033668 -0.999424 -0.004194
vn -0.026205 -0.999620 -0.008512
vn 0.108983 -0.993841 0.020054
vn 0.100523 -0.993978 0.043615
vn 0.005236 -0.999963 -0.006888
vn -0.024852 -0.999658 -0.008111
vn -0.029506 -0.999561 0.002506
vn 0.100608 -0.994925 0.001271
vn 0.977089 -0.193403 0.088840
vn 0.969348 -0.183394 0.163497
vn 0.087268 -0.996122 -0.011242
vn 0.111461 -0.993741 -0.007490
vn -0.025352 -0.999593 -0.013079
vn 0.965782 -0.258334 -0.023016
vn 0.062093 -0.998029 -0.009057
vn 0.943381 -0.329072 -0.041764
vn 0.279678 0.960091 0.002195
vn 0.313407 0.949525 -0.013345
vn -0.068803 0.997598 0.008067
vn -0.061422 0.998022 0.013434
vn 0.331037 0.943439 -0.018377
vn 0.930914 -0.362553 -0.044205
vn 0.919196 -0.388584 -0.063879
vn 0.357811 0.933467 -0.024729
vn -0.079030 0.996866 0.003487
vn -0.080203 0.996760 0.006130
vn 0.012219 0.999911 0.005313
vn 0.016345 0.999834 0.008085
vn 0.008998 0.999960 0.000445
vn 0.009397 0.999916 -0.008982
vn 0.014851 0.999890 -0.000443
vn 0.025506 0.999672 0.002266
vn -0.082680 0.996342 0.021595
vn -0.002572 0.999957 0.008960
vn 0.005864 0.999965 0.005966
vn -0.009984 0.999898 0.010254
vn -0.014864 0.999801 -0.013334
vn 0.009849 0.999684 0.023128
vn -0.005587 0.999798 0.019283
vn -0.002277 0.999925 0.012074
vn 0.009921 0.999845 0.014580
vn -0.008675 0.999580 0.027658
vn -0.007445 0.999850 0.015625
vn -0.007580 0.999778 0.019648
vn -0.005443 0.999928 0.010698
vn -0.014802 0.999798 0.013628
vn 0.008314 0.999925 0.009034
vn 0.012738 0.999896 0.006810
vn 0.014542 0.999858 0.008569
vn -0.021735 0.999739 0.007079
vn -0.006261 0.999975 0.003162
vn -0.006778 0.999958 0.006230
vn -0.015163 0.999846 0.008804
vn 0.002750 0.999933 0.011201
vn 0.000280 0.999949 0.010139
vn 0.006342 0.999973 0.003599
vn 0.010310 0.999943 0.002854
vn -0.000161 0.999976 0.006961
vn 0.005288 0.999971 0.005452
vn 0.004110 0.999989 -0.002428
vn 0.006193 0.999977 -0.002769
vn -0.007653 0.999918 0.010290
vn -0.001399 0.999958 0.009104
vn -0.000515 0.999951 0.009894
vn -0.008207 0.999911 0.010552
vn 0.006703 0.999874 0.014386
vn 0.007050 0.999896 0.012605
vn 0.071346 0.997336 0.015162
vn 0.072692 0.997261 0.013629
vn 0.051833 0.998628 0.007430
vn 0.029034 0.999547 0.007877
vn 0.007779 0.999914 0.010575
vn -0.002149 0.999975 0.006803
vn -0.009322 0.999896 0.010991
vn -0.008802 0.999688 0.023359
vn -0.043031 0.663345 -0.747076
vn -0.080238 0.650927 -0.754888
vn -0.028337 -0.810625 -0.584879
vn -0.038658 -0.850305 -0.524869
vn 0.001457 -0.998597 0.052937
vn 0.002389 -0.998740 0.050123
vn 0.093230 -0.994689 0.043608
vn -0.000840 -0.999968 -0.007918
vn -0.001758 -0.999990 -0.004109
vn -0.003077 -0.999972 -0.006764
vn 0.001109 -0.999972 -0.007430
vn 0.097812 -0.995166 -0.008833
vn 0.058791 -0.998270 0.001252
vn 0.032859 -0.999422 0.008711
vn 0.002853 -0.999971 -0.007085
vn -0.000933 -0.999971 -0.007506
vn 0.017372 -0.999847 -0.002031
vn 0.024827 -0.999549 0.016887
vn -0.006441 -0.999973 -0.003625
vn 0.058156 -0.998304 0.002613
vn -0.072747 -0.996728 -0.035229
vn -0.759062 -0.638253 -0.128287
vn -0.848513 -0.511262 -0.136516
vn -0.676607 -0.724699 -0.130439
vn -0.924701 -0.353200 -0.142051
vn -0.753262 0.647101 -0.117714
vn -0.703459 0.703229 -0.103023
vn -0.787214 0.603311 -0.127711
vn -0.812723 0.567442 -0.132251
vn 0.008919 0.999927 0.008183
vn -0.835925 0.531614 -0.136441
vn -0.864351 0.485859 -0.129760
vn -0.012233 0.999925 0.000003
vn 0.074223 0.997169 0.012057
vn 0.067181 0.997724 0.005715
vn 0.008173 0.999962 -0.003041
vn 0.060552 0.998165 -0.000000
vn 0.059500 0.998200 0.007593
vn 0.011406 0.999926 0.004315
vn 0.014435 0.999893 0.002351
vn 0.013998 0.999871 0.007877
vn 0.012246 0.999829 0.013896
vn 0.005134 0.999970 0.005836
vn -0.014127 0.999885 -0.005542
vn -0.019814 0.999789 -0.005491
vn -0.000706 0.999996 0.002818
vn -0.000036 0.999967 0.008135
vn -0.027679 0.999607 0.004356
vn -0.016406 0.999839 -0.007269
vn -0.019809 0.999803 -0.000999
vn 0.036015 0.999339 0.004888
vn -0.024612 0.999680 0.005860
vn -0.029446 0.999497 0.011797
vn 0.030433 0.999477 0.010967
vn 0.020583 0.999732 0.010614
vn 0.023034 0.999673 0.011103
vn -0.052961 0.998537 0.010882
vn 0.025373 0.999595 0.012892
vn -0.033291 0.999446 -0.000528
vn -0.034376 0.999391 0.006011
vn 0.236076 0.970845 0.041560
vn 0.245812 0.968169 0.047178
vn -0.028789 0.999555 -0.007787
vn 0.219456 0.974413 0.048561
vn 0.951992 -0.157471 0.262514
vn 0.876817 -0.139383 0.460179
vn 0.188931 0.975091 0.116205
vn 0.203804 0.966049 0.158789
vn 0.799069 -0.146402 0.583143
vn 0.096495 -0.993355 0.062723
vn 0.107989 -0.991194 0.076637
vn 0.692082 -0.139063 0.708297
vn 0.086426 -0.993510 0.073952
vn 0.004907 -0.999898 -0.013387
vn 0.002677 -0.999932 -0.011356
vn 0.058656 -0.992526 0.107016
vn 0.037103 -0.991397 0.125519
vn -0.016469 -0.999801 -0.011224
vn 0.004055 -0.999925 -0.011543
vn -0.018985 -0.999803 -0.005817
vn -0.035130 -0.999316 -0.011598
vn -0.014347 -0.999704 -0.019672
vn -0.018358 -0.999827 -0.003014
vn -0.018966 -0.999783 -0.008643
vn -0.019111 -0.999778 -0.008866
vn -0.019804 -0.999780 -0.006948
vn -0.019361 -0.999794 -0.006071
vn -0.021979 -0.999751 -0.003852
vn -0.022474 -0.999739 -0.004040
vn -0.001879 -0.999989 -0.004411
vn 0.000543 -0.999994 -0.003567
vn -0.023439 -0.999723 -0.002111
vn -0.019893 -0.999746 -0.010600
vn -0.002302 -0.999922 -0.012305
vn 0.007509 -0.999918 -0.010400
vn 0.007278 -0.999912 -0.011063
vn -0.040709 -0.999147 -0.006909
vn -0.050589 -0.998716 -0.002653
vn 0.006793 -0.999905 -0.011983
vn -0.000313 -0.999930 -0.011821
vn -0.046078 -0.998927 -0.004782
vn 0.050787 -0.998679 -0.007834
vn 0.051052 -0.998622 -0.012117
vn 0.024915 -0.999576 -0.015051
vn 0.873546 -0.472476 -0.116974
vn 0.418692 0.906886 -0.047484
vn 0.443165 0.894874 -0.052966
vn 0.863097 -0.489662 -0.123672
vn 0.861087 -0.490249 -0.134854
vn 0.466983 0.881439 -0.070652
vn -0.084877 0.996038 0.026531
vn -0.085114 0.996209 0.017964
vn 0.001575 0.999991 0.003990
vn -0.085263 0.996320 0.008735
vn -0.085626 0.996229 0.014004
vn 0.004424 0.999986 0.002860
vn 0.009983 0.999937 0.005229
vn 0.009078 0.999948 0.004603
vn -0.007388 0.999929 0.009375
vn 0.008062 0.999959 0.004016
vn 0.011226 0.999929 0.004026
vn -0.009400 0.999937 0.006128
vn -0.008451 0.999908 0.010645
vn -0.004953 0.999949 0.008782
vn 0.000828 0.999943 0.010652
vn -0.001478 0.999976 0.006741
vn -0.000963 0.999787 0.020599
vn 0.001781 0.999737 0.022862
vn 0.009616 0.666575 -0.745376
vn -0.012780 0.664512 -0.747168
vn 0.006616 -0.799478 -0.600659
vn -0.010738 -0.803553 -0.595136
vn -0.015113 -0.998992 0.042263
vn -0.003686 -0.998782 0.049202
vn -0.006624 -0.999964 -0.005314
vn -0.019379 -0.999709 -0.014346
vn -0.022120 -0.999694 -0.011041
vn -0.011522 -0.999902 -0.007906
vn -0.016235 -0.999815 -0.010293
vn -0.024358 -0.999672 -0.007869
vn -0.024465 -0.999679 -0.006583
vn -0.016096 -0.999844 -0.007266
vn -0.004346 -0.999948 -0.009278
vn -0.002919 -0.999960 -0.008468
vn -0.004077 -0.999961 -0.007891
vn -0.001571 -0.999969 -0.007665
vn -0.001962 -0.999984 -0.005281
vn 0.000605 -0.999979 -0.006461
vn 0.005140 -0.999937 -0.009988
vn 0.010327 -0.999903 -0.009362
vn 0.081056 -0.996663 -0.009652
vn 0.084029 -0.996447 -0.005650
vn -0.590896 -0.796081 -0.130759
vn -0.536896 -0.836937 -0.106197
vn -0.884999 0.449243 -0.122303
vn -0.488548 -0.868338 -0.085498
vn -0.458265 -0.885576 -0.075816
vn -0.898633 0.423195 -0.115604
vn -0.028965 0.999556 -0.007042
vn -0.043991 0.999028 -0.002914
vn -0.078658 0.996895 0.003554
vn 0.062649 0.997878 0.017762
vn 0.020015 0.999662 0.016599
vn 0.021306 0.999648 0.015811
vn 0.064990 0.997762 0.015722
vn 0.051315 0.998323 0.026794
vn 0.009905 0.999663 0.023997
vn 0.011816 0.999860 0.011893
vn 0.009746 0.999887 0.011408
vn 0.000730 0.999912 0.013215
vn 0.007605 0.999912 0.010860
vn 0.001385 0.999947 0.010232
vn 0.005598 0.999925 0.010875
vn -0.035231 0.999273 0.014584
vn -0.032994 0.999367 0.013315
vn -0.024574 0.999691 0.003784
vn -0.032658 0.999382 0.013019
vn 0.013116 0.999711 0.020171
vn -0.020289 0.999783 0.004728
vn -0.021593 0.999766 0.001092
vn -0.018470 0.999800 0.007717
vn -0.012928 0.999890 0.007212
vn -0.012028 0.999410 -0.032176
vn -0.030988 0.999317 -0.020139
vn -0.016881 0.999567 -0.024120
vn 0.000474 0.999731 -0.023174
vn -0.005598 0.999477 -0.031853
vn 0.103719 0.974381 0.199560
vn 0.073526 0.967885 0.240400
vn -0.010006 0.999012 -0.043301
vn 0.158058 0.974826 0.157265
vn -0.035905 0.999022 -0.025805
vn -0.050838 0.998705 -0.002077
vn 0.232392 0.968264 0.091967
vn -0.045757 0.998920 -0.008067
vn 0.430466 -0.129274 0.893302
vn 0.294946 -0.122845 0.947584
vn 0.023528 0.978299 0.205860
vn 0.157738 -0.113979 0.980881
vn 0.005529 -0.993907 0.110083
vn -0.023939 -0.993989 0.106826
vn -0.192124 -0.086359 0.977564
vn -0.322467 -0.094153 0.941886
vn -0.049272 -0.990838 0.125745
vn 0.006529 -0.999783 -0.019788
vn 0.002662 -0.999739 -0.022680
vn -0.064385 -0.992036 0.108252
vn -0.003312 -0.999759 -0.021690
vn 0.006780 -0.999340 -0.035679
vn -0.003962 -0.999985 -0.003878
vn -0.003897 -0.999933 -0.010881
vn -0.021140 -0.999774 -0.002256
vn -0.006460 -0.999946 -0.008125
vn -0.009576 -0.999954 0.000335
vn -0.005672 -0.999976 -0.004025
vn -0.005609 -0.999982 -0.002172
vn -0.004474 -0.999990 0.000991
vn 0.002700 -0.999980 -0.005689
vn -0.007833 -0.999932 -0.008596
vn -0.022426 -0.999747 -0.001779
vn -0.020373 -0.999759 -0.008222
vn -0.016743 -0.999685 -0.018705
vn -0.018305 -0.999727 -0.014512
vn -0.013521 -0.999774 -0.016424
vn -0.012394 -0.999597 -0.025531
vn -0.005166 -0.999776 -0.020538
vn -0.010314 -0.999665 -0.023729
vn -0.011023 -0.999924 -0.005495
vn -0.005361 -0.999908 -0.012503
vn -0.036025 -0.999296 -0.010505
vn -0.035780 -0.999296 -0.011288
vn 0.000240 -0.999918 -0.012786
vn 0.005315 -0.999964 -0.006636
vn -0.035321 -0.999362 -0.005392
vn 0.014788 -0.999817 -0.012102
vn 0.012656 -0.999851 -0.011752
vn 0.855819 -0.496311 -0.145771
vn 0.009371 -0.999893 -0.011263
vn 0.010090 -0.999884 -0.011416
vn 0.850845 -0.505367 -0.143764
vn 0.487430 0.868511 -0.090004
vn 0.506904 0.857881 -0.084201
vn -0.085468 0.996143 0.019843
vn 0.534747 0.841330 -0.078793
vn 0.007804 0.999968 0.001708
vn 0.014866 0.999882 0.003876
vn 0.016036 0.999788 0.012939
vn -0.011455 0.999931 0.002645
vn -0.008132 0.999814 0.017483
vn 0.068024 0.631106 -0.772708
vn 0.035960 0.655616 -0.754237
vn 0.035483 -0.792343 -0.609043
vn 0.022347 -0.791518 -0.610738
vn -0.002979 -0.999376 0.035211
vn -0.011603 -0.999304 0.035454
vn -0.010859 -0.999712 -0.021404
vn 0.002625 -0.999807 -0.019489
vn 0.005259 -0.999916 -0.011827
vn -0.008312 -0.999876 -0.013402
vn -0.005741 -0.999965 -0.006126
vn 0.007457 -0.999956 -0.005646
vn 0.009273 -0.999953 -0.002704
vn -0.001802 -0.999985 -0.005135
vn -0.024417 -0.999687 -0.005508
vn 0.001954 -0.999990 -0.004034
vn -0.002550 -0.999994 0.002457
vn -0.020222 -0.999788 0.003960
vn -0.015892 -0.999864 -0.004335
vn -0.010188 -0.999946 -0.002056
vn -0.002329 -0.999993 -0.003056
vn -0.004517 -0.999990 0.000179
vn -0.004449 -0.999968 -0.006670
vn -0.004226 -0.999984 -0.003770
vn 0.004603 -0.999977 -0.005027
vn 0.006226 -0.999974 -0.003754
vn 0.015337 -0.999842 -0.008943
vn 0.014255 -0.999885 -0.005093
vn 0.085649 -0.996323 -0.002333
vn 0.085548 -0.996334 0.000559
vn 0.085647 -0.996309 -0.005814
vn -0.382466 -0.922947 -0.043456
vn -0.936861 0.343060 -0.067833
vn -0.944230 0.325338 -0.050841
vn -0.355341 -0.934056 -0.035655
vn -0.338676 -0.940410 -0.030456
vn -0.950442 0.306788 -0.050406
vn -0.079899 0.996798 0.003081
vn -0.080948 0.996709 0.004313
vn 0.047057 0.997751 0.047738
vn -0.070999 0.997128 0.026372
vn -0.001059 0.999490 0.031920
vn 0.055572 0.998072 0.027654
vn -0.011783 0.999720 0.020501
vn -0.025891 0.999659 -0.003291
vn -0.009789 0.999930 0.006689
vn 0.013911 0.999893 0.004616
vn 0.008083 0.999954 0.005240
vn -0.000022 0.999968 0.008061
vn 0.007532 0.999665 -0.024758
vn 0.007881 0.999509 -0.030311
vn 0.006505 0.999540 -0.029612
vn -0.083804 0.985055 0.150477
vn -0.068104 0.978856 0.192879
vn -0.034199 0.982291 0.184216
vn -0.448011 -0.055470 0.892306
vn -0.695323 -0.012198 0.718594
vn -0.097923 0.988649 0.113949
vn -0.133177 0.984804 0.111471
vn -0.806207 0.012390 0.591504
vn -0.100713 -0.990000 0.098775
vn -0.145037 -0.984172 0.101833
vn 0.050913 -0.997381 -0.051366
vn 0.011544 -0.998655 -0.050549
vn -0.139184 -0.987981 0.067237
vn -0.887512 0.038550 0.459169
vn -0.937946 0.077650 0.337975
vn -0.199082 -0.977800 0.065376
vn 0.065903 -0.997110 -0.037800
vn 0.074134 -0.996742 -0.031789
vn 0.069350 -0.997288 -0.024624
vn -0.174646 -0.983883 0.038379
vn -0.205080 -0.977794 0.043148
vn 0.086889 -0.996218 0.000014
vn -0.010817 -0.999902 0.008843
vn 0.085618 -0.996058 0.023186
vn 0.072588 -0.997333 0.007605
vn 0.006668 -0.999922 0.010520
vn 0.009451 -0.999939 0.005782
vn 0.070355 -0.997517 0.003072
vn 0.075930 -0.997107 -0.003437
vn 0.012351 -0.999920 -0.002788
vn 0.010398 -0.999868 -0.012492
vn 0.014588 -0.999825 -0.011675
vn 0.013446 -0.999883 -0.007338
vn 0.010628 -0.999904 -0.008886
vn -0.010104 -0.999836 -0.015006
vn -0.009499 -0.999885 -0.011827
vn -0.012177 -0.999918 -0.003930
vn -0.016616 -0.999773 0.013360
vn -0.006732 -0.999946 0.007917
vn 0.010777 -0.999942 -0.000072
vn -0.034792 -0.999394 0.000793
vn -0.028269 -0.999600 -0.000822
vn 0.012483 -0.999852 -0.011841
vn -0.021535 -0.999765 -0.002534
vn -0.015466 -0.999831 -0.009927
vn 0.848458 -0.509817 -0.142149
vn -0.008073 -0.999783 -0.019181
vn -0.010046 -0.999386 0.033582
vn 0.048765 -0.804683 -0.591698
vn 0.181457 -0.838538 -0.513739
vn 0.082400 -0.996530 -0.011736
vn -0.302799 -0.952823 -0.020979
vn -0.969043 0.244937 -0.031013
vn -0.064589 0.997489 0.029061
vn -0.978472 0.205174 0.022286
vn -0.979147 0.168076 0.114115
vn -0.053737 0.998554 0.001346
vn 0.046869 0.998577 -0.025457
vn 0.053431 0.998385 -0.019287
vn -0.091207 0.995571 0.022781
vn -0.096733 0.994370 0.043268
vn 0.052541 0.998549 -0.011805
vn -0.130517 0.989540 0.061448
vn -0.112498 0.991241 0.069172
vn -0.962019 0.101891 0.253253
vn -0.974167 0.140162 0.177071
vn -0.223506 -0.973903 0.039483
vn -0.310994 -0.950409 -0.002320
vn -0.101405 -0.986321 0.129956
vn -0.584706 -0.025642 0.810840
vn -0.112726 0.980765 0.159354
vn -0.010146 -0.991872 0.126831
vn -0.023218 -0.094229 0.995280
vn -0.008953 0.973489 0.228559
vn 0.088005 -0.989840 0.111678
vn 0.571187 -0.114112 0.812849
vn 0.150969 0.965913 0.210285
vn 0.119640 -0.991093 0.058493
vn 0.928131 -0.122324 0.351582
vn 0.979973 -0.198221 0.019026
vn 0.263892 0.964363 0.019106
vn 0.495298 0.596105 -0.631932
vn -0.048090 0.689922 -0.722285
vn -0.053976 0.985757 -0.159277
vn 0.533620 0.806624 -0.254181
vn 0.970637 0.112723 -0.212504
vn 0.560351 0.149481 -0.814655
vn -0.051920 0.099837 -0.993648
vn -0.539039 0.560006 -0.629151
vn -0.667381 0.706045 -0.236860
vn -0.665952 0.093654 -0.740092
vn -0.995789 -0.087937 -0.025915
vn -0.607815 -0.436844 0.663120
vn -0.383993 0.791122 0.476104
vn -0.566649 0.812909 0.134492
vn -0.891480 -0.350378 0.287224
vn -0.250695 -0.929141 0.271753
vn -0.173503 -0.705704 0.686934
vn -0.029729 0.742114 0.669614
vn -0.524035 -0.630606 0.572471
vn -0.000318 -0.590697 0.806893
vn -0.129487 -0.067409 0.989287
vn -0.809021 -0.255389 0.529397
vn -0.523630 -0.657533 -0.541721
vn 0.003231 -0.631808 -0.775118
vn -0.747483 -0.273688 -0.605280
vn 0.472938 -0.605390 0.640181
vn 0.023886 -0.584819 0.810812
vn 0.075564 -0.621857 -0.779476
vn 0.625884 -0.616166 -0.478131
vn 0.693472 -0.198003 0.692742
vn 0.079352 -0.073547 0.994130
vn 0.844371 -0.255146 -0.471103
vn 0.183647 -0.158414 -0.970144
vn -0.105291 -0.156137 -0.982108
vn 0.599638 0.437505 0.670092
vn 0.158130 0.723951 0.671483
vn 0.020589 -0.709307 0.704599
vn 0.385012 -0.782099 0.489986
vn 0.846109 0.470409 0.250630
vn 0.255536 0.954095 0.156215
vn 0.592351 -0.769996 0.237123
vn -0.067893 0.988729 0.133437
vn -0.971546 -0.185108 0.147764
vn -0.644854 0.762689 -0.049691
vn -0.455242 -0.609028 0.649492
vn -0.367329 -0.855686 0.364514
vn -0.983559 -0.099569 0.150656
vn -0.382174 -0.170074 0.908305
vn -0.635538 -0.014535 -0.771933
vn 0.726126 -0.480493 0.491799
vn 0.702983 -0.141256 0.697038
vn 0.940602 -0.022391 -0.338772
vn 0.418742 0.003716 -0.908098
vn 0.413954 0.907664 -0.069195
vn 0.943986 0.329976 0.002607
vn 0.684041 -0.662780 0.304647
vn 0.077680 -0.960851 0.265954
vn 0.102040 -0.905134 0.412699
vn 0.106418 -0.660644 0.743118
vn 0.092415 -0.183014 0.978757
vn -0.244804 0.087223 0.965641
vn 0.081651 0.069685 0.994222
vn 0.658699 0.110904 0.744188
vn 0.913490 0.062583 -0.402020
vn 0.088816 0.039294 0.995273
vn 0.697493 0.035850 0.715694
vn 0.900243 -0.032624 -0.434164
vn 0.249501 -0.087704 -0.964395
vn 0.292435 -0.039975 -0.955450
vn -0.100921 -0.057453 -0.993234
vn -0.074602 -0.014459 -0.997109
vn -0.125669 -0.096367 -0.987381
vn -0.739168 -0.070291 -0.669843
vn -0.655153 0.011374 -0.755411
vn -0.925151 0.125479 0.358260
vn -0.883293 0.016552 0.468530
vn -0.195460 0.051048 0.979382
vn -0.068477 0.996989 -0.036381
vn 0.377046 0.638173 0.671246
vn 0.371630 0.892459 0.255751
vn -0.328073 0.915731 0.231957
vn -0.409470 0.670061 0.619155
vn -0.389434 0.158913 0.907242
vn 0.359848 0.149579 0.920943
vn 0.942546 0.161325 0.292542
vn -0.940289 0.183653 0.286579
vn -0.555721 -0.660783 0.504520
vn 0.024097 -0.585981 0.809967
vn -0.147038 -0.186068 0.971472
vn -0.791466 -0.304622 0.529894
vn -0.747318 -0.244781 -0.617736
vn -0.416512 -0.668586 -0.616044
vn 0.040383 -0.540178 -0.840582
vn 0.573724 -0.625079 0.529261
vn 0.097074 -0.615237 0.782342
vn 0.058045 -0.521957 -0.850994
vn 0.541957 -0.583908 -0.604429
vn 0.811179 -0.242097 0.532333
vn 0.165404 -0.180838 0.969504
vn 0.753397 -0.182846 -0.631633
vn -0.557969 0.536255 -0.633325
vn -0.462233 -0.730945 -0.502056
vn -0.695170 -0.674322 -0.249055
vn -0.734514 0.648848 -0.198711
vn -0.136947 0.728906 -0.670777
vn -0.058061 -0.723259 -0.688132
vn -0.172587 0.975950 -0.133176
vn 0.089824 -0.046609 -0.994866
vn -0.120855 -0.054541 -0.991171
vn 0.562476 0.525308 -0.638492
vn 0.136347 0.730371 -0.669304
vn 0.200928 0.970669 -0.132020
vn 0.771449 0.603931 -0.200336
vn 0.666203 -0.705363 -0.242149
vn 0.425874 -0.758625 -0.493071
vn 0.049745 -0.722184 -0.689910
vn 0.819781 -0.428746 -0.379653
vn 0.776997 -0.570569 -0.265944
vn 0.887663 0.455972 0.064369
vn 0.318482 0.942167 0.104362
vn 0.292550 0.010234 0.956195
vn 0.863782 -0.006129 0.503829
vn 0.822018 -0.120932 -0.556473
vn -0.131730 -0.955178 -0.265107
vn 0.125506 -0.955046 -0.268580
vn -0.275250 0.955374 0.107228
vn -0.841281 0.536090 0.069673
vn -0.812649 -0.524764 -0.253423
vn -0.842465 -0.402873 -0.357696
vn -0.180622 -0.896778 -0.403937
vn -0.213660 -0.659796 -0.720429
vn -0.216893 -0.187746 -0.957971
vn -0.837624 -0.135228 -0.529244
vn -0.857604 -0.010287 0.514208
vn -0.792416 0.142244 -0.593164
vn -0.785658 0.037620 0.617516
vn -0.203605 -0.057597 0.977357
vn -0.292336 0.009703 0.956266
vn 0.225406 -0.058441 0.972511
vn -0.179366 -0.118078 0.976671
vn 0.210713 -0.112164 0.971092
vn 0.839879 -0.037305 0.541490
vn 0.827099 0.042255 0.560466
vn 0.771438 0.077433 -0.631575
vn 0.763585 0.151277 -0.627736
vn 0.116408 0.080709 -0.989917
vn 0.138557 0.111310 -0.984079
vn 0.180357 -0.174949 -0.967918
vn 0.182411 -0.661583 -0.727347
vn -0.179676 0.111953 -0.977335
vn -0.162085 0.085137 -0.983097
vn -0.801622 0.063174 -0.594484
vn -0.815424 -0.060773 0.575665
vn 0.158821 -0.896366 -0.413889
vn -0.653447 0.561839 -0.507291
vn -0.775802 -0.145412 -0.613992
vn -0.969829 -0.198834 -0.141057
vn -0.763303 0.636281 -0.111869
vn -0.131991 0.987173 -0.089819
vn -0.099910 0.838634 -0.535455
vn 0.101311 -0.004977 -0.994842
vn -0.438830 -0.698288 -0.565528
vn -0.552149 -0.824100 -0.126456
vn 0.193691 -0.720638 -0.665706
vn 0.144926 -0.985539 -0.087805
vn 0.631200 -0.563800 -0.532650
vn 0.775292 0.049616 -0.629652
vn 0.989743 0.081264 -0.117493
vn 0.743606 -0.656710 -0.125631
vn 0.392485 0.553084 0.734884
vn 0.438162 -0.226125 0.869990
vn 0.971990 0.025318 0.233657
vn 0.556606 0.800833 0.221034
vn -0.369283 0.658743 0.655506
vn -0.486085 -0.181990 0.854752
vn -0.338941 0.926951 0.160872
vn 0.525891 0.683340 -0.506444
vn 0.591047 0.801581 -0.090179
vn -0.962981 -0.181865 0.198980
vn -0.984025 -0.177905 -0.006687
vn -0.538457 -0.842303 0.024283
vn -0.526211 -0.778776 0.341483
vn -0.839962 0.510773 0.183235
vn -0.810558 0.585653 -0.002456
vn 0.051434 -0.998670 0.003490
vn 0.033861 -0.923629 0.381789
vn 0.663091 -0.718217 0.210889
vn 0.736697 -0.675971 -0.018440
vn 0.996205 0.086284 0.011402
vn 0.993219 0.116257 0.000551
vn 0.544043 0.839032 0.006561
vn 0.546965 0.836919 0.019893
vn 0.747527 -0.664191 -0.007358
vn 0.748674 -0.662936 -0.001474
vn 0.992730 0.120254 0.005038
vn 0.153115 -0.988168 -0.008963
vn 0.157530 -0.987453 -0.011028
vn 0.143432 -0.989624 -0.008510
vn 0.744641 -0.667462 0.001948
vn -0.552790 -0.833199 -0.014273
vn -0.552155 -0.833718 -0.006284
vn -0.551047 -0.834469 -0.002819
vn -0.545401 -0.838167 -0.003783
vn 0.122403 -0.992480 0.000316
vn -0.989250 -0.145928 0.009433
vn -0.989728 -0.142450 0.012079
vn -0.990194 -0.139692 -0.001346
vn -0.989956 -0.141356 -0.002488
vn -0.544844 -0.838535 -0.001924
vn -0.777197 0.629213 0.007462
vn -0.766280 0.642493 -0.004308
vn -0.762708 0.646743 0.000012
vn -0.762805 0.646628 -0.001066
vn -0.989067 -0.146987 -0.011928
vn -0.177799 0.984062 -0.003038
vn -0.172588 0.984994 -0.000709
vn -0.154586 0.987972 0.003814
vn -0.137402 0.990515 0.000238
vn -0.765416 0.643389 -0.013764
vn 0.543203 0.839600 -0.001494
vn 0.554166 0.832405 0.001591
vn 0.575417 0.817846 0.004782
vn 0.991805 0.127592 0.006599
vn 0.992589 0.121316 0.006995
vn 0.740385 -0.672123 0.008980
vn 0.735925 -0.677037 0.005899
vn 0.108543 -0.994087 0.003043
vn 0.115926 -0.993255 -0.002608
vn -0.541244 -0.840830 -0.007722
vn -0.534156 -0.845306 -0.011683
vn -0.986820 -0.160602 -0.019846
vn 0.110158 -0.993907 0.003696
vn 0.740215 -0.672317 0.008436
vn 0.740888 -0.671587 0.007484
vn 0.991724 0.128310 0.004533
vn 0.991714 0.128351 0.005476
vn 0.992225 0.124231 0.007563
vn 0.537938 0.842981 0.002107
vn 0.537797 0.843063 0.004354
vn 0.542256 0.840208 0.003046
vn -0.173978 0.984749 -0.000426
vn -0.174560 0.984637 0.004361
vn -0.193673 0.981027 0.008788
vn -0.787894 0.615673 0.013038
vn -0.799458 0.600716 0.002625
vn -0.242236 0.970153 0.011194
vn -0.988727 -0.149235 -0.012123
vn -0.500152 -0.417730 -0.758518
vn -0.184750 0.976704 -0.109165
vn -0.036352 0.998050 0.050747
vn 0.172825 0.536782 -0.825831
vn -0.695670 -0.654504 -0.296089
vn -0.206671 0.971423 -0.116723
vn 0.270917 -0.907325 -0.321503
vn -0.053661 -0.979067 -0.196336
vn -0.666337 -0.721831 0.186963
vn -0.154935 -0.944652 0.289184
vn -0.087869 -0.995326 -0.040075
vn -0.489421 -0.871572 -0.028810
vn -0.224296 0.973298 0.048810
vn -0.101666 0.924459 -0.367477
vn -0.106533 0.617066 -0.779667
vn -0.669288 -0.499790 0.549784
vn -0.057932 0.998321 0.000138
vn -0.084714 0.996271 -0.016333
vn 0.063523 0.993965 0.089433
vn 0.039631 0.995581 0.085139
vn -0.059177 0.994972 -0.080806
vn -0.085296 0.995503 -0.041223
vn -0.065628 0.996983 -0.041455
vn 0.331239 -0.933034 -0.140458
vn 0.029168 -0.997196 0.068913
vn 0.460683 0.866986 -0.190016
vn -0.040936 -0.996516 0.072669
vn -0.486169 -0.827195 0.281758
vn -0.050739 -0.998498 -0.020673
vn -0.185870 -0.918497 0.349020
vn -0.044669 0.997120 -0.061284
vn -0.132542 -0.621942 0.771765
vn -0.002776 -0.992834 0.119471
vn -0.023062 -0.992247 -0.122124
vn -0.037242 -0.995852 -0.083021
vn -0.071785 -0.996416 0.044753
vn 0.014439 -0.994467 -0.104049
vn 0.120399 0.990731 -0.062903
vn -0.033080 0.993761 0.106511
vn 0.081734 0.989275 0.121057
vn -0.036379 0.998136 0.048999
vn -0.052231 0.994177 0.094260
vn 0.031247 0.759035 0.650299
vn -0.015329 0.801116 0.598313
vn 0.342360 0.811131 0.474190
vn 0.318623 0.947032 -0.040132
vn 0.308496 -0.756314 -0.576905
vn 0.331036 -0.932211 -0.146282
vn 0.020704 -0.763469 -0.645512
vn 0.258730 -0.348525 -0.900882
vn 0.034648 -0.356177 -0.933776
vn -0.028369 -0.353890 -0.934857
vn -0.026907 -0.747878 -0.663291
vn -0.099183 -0.371140 -0.923265
vn -0.059769 -0.767822 -0.637869
vn -0.650935 -0.300518 -0.697117
vn -0.744312 -0.513164 -0.427391
vn -0.684835 -0.713190 -0.149536
vn -0.165982 0.765122 0.622124
vn -0.203853 0.978609 0.027708
vn 0.007337 0.744550 0.667527
vn -0.098840 0.381771 0.918957
vn 0.034287 0.371415 0.927834
vn 0.000189 0.363806 0.931475
vn 0.046285 0.285746 0.957187
vn 0.005716 0.276810 0.960908
vn -0.021350 0.259994 0.965374
vn -0.025603 0.375639 0.926413
vn 0.591474 0.215532 0.776984
vn 0.457645 0.372367 0.807405
vn 0.226286 -0.246865 -0.942259
vn 0.712802 0.202728 0.671428
vn 0.182495 -0.336797 -0.923722
vn 0.007862 -0.352457 -0.935795
vn 0.029887 -0.268962 -0.962687
vn -0.047117 -0.359893 -0.931803
vn -0.035385 -0.278932 -0.959659
vn -0.128324 -0.355512 -0.925821
vn -0.120724 -0.285708 -0.950682
vn -0.619386 -0.250997 -0.743883
vn -0.615900 -0.227537 -0.754251
vn -0.058445 0.367178 0.928313
vn -0.071308 0.291305 0.953969
vn 0.054311 0.359466 0.931576
vn -0.062844 0.437508 0.897016
vn 0.059934 0.429304 0.901169
vn 0.036213 0.427964 0.903070
vn 0.022245 0.354551 0.934772
vn 0.037640 0.421157 0.906206
vn 0.011014 0.336424 0.941646
vn 0.781036 0.199452 0.591779
vn 0.036295 0.477032 0.878137
vn 0.825802 0.188322 0.531587
vn 0.134503 -0.498658 -0.856299
vn 0.145186 -0.435290 -0.888507
vn -0.015316 -0.485769 -0.873953
vn -0.010358 -0.436150 -0.899814
vn -0.064010 -0.478641 -0.875674
vn -0.058862 -0.436132 -0.897956
vn -0.108431 -0.464148 -0.879096
vn -0.125009 -0.423710 -0.897130
vn -0.670371 -0.299632 -0.678840
vn -0.637486 -0.280600 -0.717548
vn -0.082208 0.479038 0.873936
vn -0.694868 -0.357789 -0.623815
vn -0.115262 0.539885 0.833810
vn 0.075832 0.543683 0.835858
vn 0.066887 0.474071 0.877943
vn 0.060024 0.541957 0.838260
vn 0.045294 0.472086 0.880388
vn 0.019063 0.546319 0.837360
vn 0.105193 0.707290 0.699053
vn 0.035117 0.701831 0.711477
vn 0.964833 0.146015 0.218581
vn 0.891592 0.168749 0.420224
vn 0.150257 -0.694167 -0.703957
vn 0.149180 -0.556971 -0.817024
vn -0.070210 -0.708513 -0.702196
vn -0.021630 -0.544877 -0.838237
vn -0.103455 -0.713949 -0.692512
vn -0.073826 -0.543177 -0.836366
vn -0.059378 -0.716836 -0.694709
vn -0.082689 -0.536106 -0.840091
vn -0.699664 -0.476781 -0.532119
vn -0.066636 -0.923903 -0.376779
vn -0.778009 -0.559904 -0.284974
vn -0.136141 0.926612 0.350508
vn -0.146143 0.712742 0.686033
vn 0.084093 0.924623 0.371486
vn 0.083990 0.714212 0.694872
vn 0.173239 0.910126 0.376377
vn 0.083455 0.990694 0.107519
vn 0.205661 0.972232 0.111662
vn 0.175106 0.976025 0.129277
vn 0.110979 0.908656 0.402527
vn 0.991534 0.127865 0.022602
vn 0.992335 0.113924 0.047881
vn 0.015000 -0.990705 -0.135201
vn 0.087553 -0.905885 -0.414375
vn -0.199341 -0.972860 -0.117500
vn -0.157140 -0.912080 -0.378705
vn -0.108631 -0.987017 -0.118307
vn -0.120466 -0.915903 -0.382897
vn -0.103335 -0.989328 -0.102719
vn -0.114011 -0.993336 -0.016906
vn -0.124352 -0.992236 -0.002176
vn -0.970677 -0.222620 0.090695
vn -0.920453 -0.389873 -0.027644
vn -0.065214 0.997677 0.019670
vn -0.089533 0.991375 0.095707
vn 0.102393 0.994575 0.018364
vn -0.079466 0.995911 -0.042975
vn 0.097541 0.991437 -0.086823
vn 0.197388 0.971986 -0.127600
vn 0.222290 0.974668 0.024692
vn 0.173223 0.974820 -0.140427
vn 0.178596 0.983709 0.020486
vn 0.993032 -0.033883 -0.112866
vn 0.995046 0.097955 -0.016986
vn -0.008203 -0.992942 0.118316
vn -0.002502 -0.999633 -0.026959
vn -0.193839 -0.972993 0.125347
vn -0.212061 -0.976938 -0.024932
vn -0.101009 -0.990636 0.091854
vn -0.114088 -0.909141 0.400558
vn 0.004689 -0.943878 0.330261
vn -0.024393 -0.966522 0.255421
vn -0.102494 -0.992603 0.065074
vn -0.960697 -0.266476 0.077792
vn -0.978970 -0.170194 0.112484
vn -0.146341 0.961982 -0.230596
vn -0.941587 -0.300707 0.151622
vn -0.249340 0.805053 -0.538256
vn -0.109983 0.787305 -0.606675
vn 0.003585 0.948626 -0.316379
vn 0.005984 0.759164 -0.650872
vn 0.108942 0.911223 -0.397246
vn 0.211865 0.714861 -0.666399
vn 0.208133 0.887479 -0.411171
vn 0.986682 -0.103420 0.125552
vn 0.981966 -0.188355 0.016289
vn -0.049958 -0.732316 0.679130
vn -0.039286 -0.909433 0.413990
vn -0.013917 -0.764102 0.644946
vn 0.020121 -0.621931 0.782813
vn 0.049099 -0.654195 0.754730
vn 0.146565 -0.641763 0.752767
vn 0.120013 -0.786011 0.606452
vn 0.137660 -0.635631 0.759620
vn 0.084053 -0.823936 0.560414
vn -0.947956 -0.207403 0.241585
vn 0.115248 -0.557358 0.822235
vn -0.947611 -0.175202 0.267093
vn -0.283119 0.537936 -0.794021
vn -0.303872 0.607657 -0.733768
vn -0.103126 0.598116 -0.794747
vn -0.141450 0.632208 -0.761777
vn -0.073554 0.613341 -0.786386
vn -0.051210 0.637475 -0.768768
vn 0.063447 0.591335 -0.803926
vn 0.142482 0.607233 -0.781644
vn 0.984670 -0.083734 0.153015
vn 0.996822 -0.033847 0.072114
vn 0.122519 -0.591901 0.796645
vn 0.910543 -0.248204 0.330615
vn 0.221305 -0.598377 0.770045
vn 0.067167 -0.625536 0.777299
vn 0.066187 -0.622957 0.779451
vn 0.011153 -0.597077 0.802106
vn 0.096611 -0.602291 0.792409
vn 0.043337 -0.541353 0.839678
vn -0.041989 -0.550956 0.833477
vn -0.043865 -0.519302 0.853464
vn -0.811629 -0.253227 0.526436
vn -0.892242 -0.199073 0.405307
vn -0.157065 0.513972 -0.843305
vn -0.218907 0.533559 -0.816942
vn 0.046988 0.565127 -0.823665
vn -0.024802 0.592993 -0.804826
vn -0.093445 0.558174 -0.824445
vn -0.067720 0.629235 -0.774259
vn -0.038450 0.533037 -0.845218
vn -0.015423 0.625361 -0.780183
vn 0.667573 -0.356965 0.653393
vn 0.102990 0.319189 -0.942078
vn 0.493383 -0.311053 0.812292
vn 0.288955 -0.324130 0.900803
vn 0.287593 -0.493611 0.820755
vn 0.192613 -0.374040 0.907190
vn 0.111759 -0.536118 0.836712
vn -0.012884 -0.469210 0.882993
vn 0.229958 -0.387409 0.892767
vn 0.056691 -0.420818 0.905372
vn -0.134546 -0.453296 0.881147
vn -0.122895 -0.480902 0.868119
vn -0.711168 -0.317577 0.627204
vn -0.743240 -0.287069 0.604306
vn -0.125187 0.492775 -0.861104
vn -0.131916 0.488391 -0.862597
vn 0.103986 0.476555 -0.872973
vn 0.120283 0.500488 -0.857347
vn 0.048794 0.628305 -0.776436
vn -0.150636 0.653810 -0.741512
vn -0.148675 0.406802 -0.901337
vn -0.108521 0.422369 -0.899904
vn -0.244234 0.669638 -0.701380
vn -0.311555 0.370494 -0.875024
vn -0.308131 0.284303 -0.907869
vn -0.101550 0.731963 -0.673735
vn -0.125465 0.419740 -0.898931
vn -0.179507 0.300101 -0.936865
vn 0.251509 0.733373 -0.631591
vn 0.254303 0.405913 -0.877818
vn 0.485106 -0.640890 0.594922
vn 0.434325 -0.385560 0.814067
vn 0.224391 -0.713326 0.663939
vn 0.259220 -0.391154 0.883065
vn 0.204407 -0.673182 0.710664
vn 0.189731 -0.948446 0.253875
vn 0.127557 -0.946551 0.296262
vn 0.023559 -0.953040 0.301925
vn 0.064736 -0.646805 0.759903
vn 0.095862 -0.995386 -0.004260
vn 0.025122 -0.999663 -0.006556
vn 0.073875 -0.995355 -0.061733
vn 0.178077 -0.983981 -0.008422
vn 0.207209 -0.977531 -0.038699
vn 0.343149 -0.836498 0.427224
vn -0.007232 -0.958365 0.285454
vn -0.042178 0.663862 0.746665
vn 0.048641 0.576263 0.815816
vn -0.158532 0.825479 0.541712
vn 0.006992 0.999435 0.032864
vn -0.373086 0.905484 0.202254
vn -0.071694 0.992659 0.097408
vn -0.011638 0.985375 0.170001
vn 0.060416 0.976860 0.205170
vn 0.159693 0.982711 0.093690
vn -0.108493 0.994021 0.012321
vn 0.660294 -0.464468 0.590153
vn 0.654814 -0.723046 0.220051
vn 0.656916 -0.738940 0.149766
vn 0.582305 -0.767178 0.268998
vn 0.222519 0.952038 -0.210021
vn -0.102780 0.950751 -0.292419
vn -0.147594 0.928476 -0.340805
vn -0.078588 0.933389 -0.350157
vn -0.000615 0.934696 -0.355448
vn -0.154028 0.415690 -0.896369
vn 0.045803 0.520007 -0.852933
vn -0.653067 -0.757187 -0.013131
vn -0.398235 -0.807278 -0.435558
vn -0.297375 -0.949757 -0.097624
vn -0.566120 -0.780743 0.264477
vn -0.809064 0.486321 0.330012
vn -0.857644 0.495412 -0.137894
vn -0.723126 0.387975 -0.571458
vn -0.239005 0.970987 -0.007768
vn 0.122226 0.991027 0.054093
vn 0.296712 0.950938 -0.087634
vn -0.104904 0.958916 -0.263582
vn -0.175529 0.923807 0.340250
vn 0.033436 0.948492 0.315031
vn -0.515894 0.022465 0.856358
vn -0.193640 0.375867 -0.906216
vn 0.509947 0.858471 -0.054604
vn 0.356154 0.934123 -0.023858
vn 0.966318 0.083489 0.243430
vn 0.969702 0.104654 -0.220739
vn 0.675705 0.204710 -0.708179
vn -0.009149 0.095027 0.995433
vn 0.319143 -0.941852 0.105176
vn 0.093957 -0.957742 -0.271851
vn 0.555695 -0.800853 -0.223244
vn 0.669394 -0.692471 0.269065
vn 0.007661 -0.943902 0.330136
vn 0.420913 -0.667341 0.614401
vn 0.071810 -0.632581 0.771158
vn -0.341853 -0.766782 0.543306
vn 0.434982 0.185149 0.881198
vn 0.384152 -0.747932 -0.541317
vn -0.057649 -0.810958 -0.582257
vn 0.373722 0.848575 0.374503
vn 0.866531 0.198774 0.457836
vn -0.255022 0.582610 0.771705
vn 0.213206 0.712133 0.668887
vn -0.019511 0.957226 0.288684
vn -0.554281 0.714878 0.426289
vn -0.764949 -0.274799 0.582528
vn -0.352718 -0.368798 0.859987
vn 0.474867 -0.393283 0.787293
vn 0.592925 0.609969 0.525716
vn 0.769684 -0.432635 0.469483
vn 0.449125 0.870253 0.202350
vn 0.960160 -0.244608 -0.135128
vn 0.300689 0.953720 0.002122
vn 0.477863 0.868305 0.133018
vn 0.861135 -0.159992 -0.482545
vn 0.639286 0.072016 -0.765590
vn -0.043457 0.998673 -0.027643
vn -0.012478 0.981870 0.189147
vn 0.285488 0.531784 -0.797310
vn -0.591140 0.789633 -0.164419
vn -0.281802 0.938448 0.199758
vn -0.324266 0.564329 -0.759200
vn -0.855984 0.510830 0.079647
vn -0.015732 -0.236889 -0.971409
vn -0.674404 -0.302101 -0.673732
vn -0.461996 -0.881570 -0.096925
vn -0.332120 -0.755684 -0.564480
vn 0.296389 -0.921202 -0.252073
vn 0.118105 -0.982329 0.145194
vn -0.914088 -0.368179 -0.169963
vn -0.538545 -0.740860 0.401367
vn 0.413629 -0.582313 -0.699873
vn -0.023928 -0.641739 -0.766550
vn 0.606220 -0.408380 -0.682440
vn 0.787148 -0.594105 -0.165643
vn -0.111450 -0.811413 0.573749
vn 0.447045 -0.613227 0.651233
vn 0.664066 -0.677286 0.316702
vn 0.231921 0.972664 -0.011747
vn -0.014938 0.947699 -0.318815
vn -0.037283 0.965502 -0.257714
vn 0.184947 0.939867 0.287132
vn 0.618800 0.780320 -0.090482
vn 0.611755 0.562420 -0.556273
vn 0.724221 0.254343 0.640947
vn 0.998283 -0.045451 0.036954
vn 0.357902 0.271953 0.893279
vn -0.186398 0.913037 0.362794
vn -0.405715 0.861639 0.304915
vn -0.559507 0.031081 0.828243
vn -0.124525 0.163075 0.978724
vn -0.803413 0.570776 -0.169532
vn -0.609297 0.712496 -0.348004
vn -0.897397 -0.228196 -0.377631
vn -0.939763 -0.341817 0.002613
vn -0.663603 0.729516 0.165642
vn -0.082115 0.960610 -0.265493
vn -0.844272 -0.209203 0.493396
vn 0.756834 -0.185720 0.626666
vn 0.413016 -0.322784 0.851604
vn 0.475498 -0.757346 0.447581
vn 0.860211 -0.469512 0.198985
vn -0.439768 -0.354709 0.825097
vn -0.538176 -0.683165 0.493612
vn -0.056778 -0.851866 0.520673
vn -0.022380 -0.416039 0.909072
vn 0.830964 -0.315004 -0.458553
vn 0.420665 -0.907157 -0.010349
vn -0.076498 -0.993872 -0.079785
vn 0.096006 -0.858242 -0.504185
vn 0.626329 -0.728384 -0.277793
vn 0.330957 -0.565515 -0.755421
vn -0.340553 -0.562288 -0.753562
vn -0.026832 0.381332 -0.924049
vn 0.353041 0.393860 -0.848668
vn -0.505630 -0.742581 -0.439218
vn -0.767776 -0.090159 -0.634343
vn -0.586019 -0.810119 -0.017021
vn -0.269797 0.823742 -0.498656
vn 0.005518 0.936451 -0.350756
vn -0.305519 0.809446 -0.501453
vn -0.293431 -0.249140 -0.922945
vn -0.630084 -0.174553 -0.756654
vn -0.477118 0.856607 -0.196425
vn -0.229516 0.921548 0.313165
vn -0.013346 0.959528 0.281298
vn 0.211655 0.959677 0.184992
vn 0.128001 0.973868 -0.187607
vn 0.255743 -0.217998 -0.941845
vn 0.589736 -0.676392 -0.441255
vn 0.335769 0.562877 0.755267
vn 0.241158 0.917503 0.316276
vn -0.016720 0.881485 0.471915
vn 0.050418 0.042639 0.997818
vn 0.303145 -0.835891 0.457591
vn 0.817454 -0.411833 0.402693
vn 0.969300 -0.245321 0.016568
vn -0.018867 0.821079 0.570503
vn -0.647096 0.571127 0.505055
vn -0.202595 0.458578 0.865252
vn 0.734430 0.527804 -0.426656
vn 0.963319 0.214659 -0.161056
vn 0.018128 -0.824352 -0.565787
vn -0.258630 -0.919368 -0.296435
vn 0.267927 -0.900921 -0.341405
vn 0.188527 -0.979530 -0.070555
vn -0.887166 0.459273 0.044770
vn -0.797583 -0.297007 -0.525022
vn -0.434860 -0.900288 -0.019467
vn -0.766410 -0.567418 0.301087
vn -0.449286 -0.771572 0.450354
vn 0.545873 -0.835513 -0.062772
vn -0.138431 -0.949793 0.280590
s 1
g shield1
usemtl shield1SG
f 1/1/1 40/2/2 61/3/3 43/4/4
f 40/2/2 5/5/5 41/6/6 61/3/3
f 61/3/3 41/6/6 6/7/7 42/8/8
f 43/4/4 61/3/3 42/8/8 7/9/9
f 1/10/1 43/11/4 62/12/10 46/13/11
f 43/11/4 7/14/9 44/15/12 62/12/10
f 62/12/10 44/15/12 8/16/13 45/17/14
f 46/13/11 62/12/10 45/17/14 4/18/15
f 2/19/16 47/20/17 63/21/18 50/22/19
f 47/20/17 9/23/20 48/24/21 63/21/18
f 63/21/18 48/24/21 10/25/22 49/26/23
f 50/22/19 63/21/18 49/26/23 11/27/24
f 2/28/16 51/29/25 64/30/26 47/31/17
f 51/29/25 7/32/9 42/33/8 64/30/26
f 64/30/26 42/33/8 6/34/7 52/35/27
f 47/31/17 64/30/26 52/35/27 9/36/20
f 2/37/16 50/38/19 65/39/28 51/40/25
f 50/38/19 11/41/24 53/42/29 65/39/28
f 65/39/28 53/42/29 8/43/13 44/44/12
f 51/40/25 65/39/28 44/44/12 7/45/9
f 3/46/30 54/47/31 66/48/32 56/49/33
f 54/47/31 12/50/34 55/51/35 66/48/32
f 66/48/32 55/51/35 11/52/24 49/53/23
f 56/49/33 66/48/32 49/53/23 10/54/22
f 3/55/30 56/56/33 67/57/36 59/58/37
f 56/56/33 10/59/22 57/60/38 67/57/36
f 67/57/36 57/60/38 13/61/39 58/62/40
f 59/58/37 67/57/36 58/62/40 14/63/41
f 4/64/15 60/65/42 68/66/43 46/67/11
f 60/65/42 15/68/44 23/69/45 68/66/43
f 68/66/43 23/69/45 5/70/5 40/71/2
f 46/67/11 68/66/43 40/71/2 1/72/1
f 15/73/44 24/74/46 69/75/47 27/76/48
f 24/74/46 16/77/49 25/78/50 69/75/47
f 69/75/47 25/78/50 17/79/51 26/80/52
f 27/76/48 69/75/47 26/80/52 18/81/53
f 15/82/44 60/83/42 70/84/54 24/85/46
f 60/83/42 4/86/15 45/87/14 70/84/54
f 70/84/54 45/87/14 8/88/13 28/89/55
f 24/85/46 70/84/54 28/89/55 16/90/49
f 19/91/56 29/92/57 71/93/58 30/94/59
f 29/92/57 5/95/5 23/96/45 71/93/58
f 71/93/58 23/96/45 15/97/44 27/98/48
f 30/94/59 71/93/58 27/98/48 18/99/53
f 19/100/56 31/101/60 72/102/61 29/103/57
f 31/101/60 20/104/62 32/105/63 72/102/61
f 72/102/61 32/105/63 6/106/7 41/107/6
f 29/103/57 72/102/61 41/107/6 5/108/5
f 20/109/62 33/110/64 73/111/65 32/112/63
f 33/110/64 21/113/66 34/114/67 73/111/65
f 73/111/65 34/114/67 9/115/20 52/116/27
f 32/112/63 73/111/65 52/116/27 6/117/7
f 21/118/66 35/119/68 74/120/69 34/121/67
f 35/119/68 13/122/39 57/123/38 74/120/69
f 74/120/69 57/123/38 10/124/22 48/125/21
f 34/121/67 74/120/69 48/125/21 9/126/20
f 17/127/51 25/128/50 75/129/70 38/130/71
f 25/128/50 16/131/49 36/132/72 75/129/70
f 75/129/70 36/132/72 12/133/34 37/134/73
f 38/130/71 75/129/70 37/134/73 22/135/74
f 16/136/49 28/137/55 76/138/75 36/139/72
f 28/137/55 8/140/13 53/141/29 76/138/75
f 76/138/75 53/141/29 11/142/24 55/143/35
f 36/139/72 76/138/75 55/143/35 12/144/34
f 22/145/74 37/146/73 77/147/76 39/148/77
f 37/146/73 12/149/34 54/150/31 77/147/76
f 77/147/76 54/150/31 3/151/30 59/152/37
f 39/148/77 77/147/76 59/152/37 14/153/41
s 5
f 86/154/78 87/155/79 84/156/80 85/157/81 187/158/82 186/159/83
f 84/160/80 87/161/79 81/162/84 88/163/85
f 89/164/86 90/165/87 91/166/88 92/167/89
f 93/168/90 94/169/91 95/170/92 96/171/93
f 101/172/94 82/173/95 99/174/96 100/175/97 513/176/98 512/177/99
f 78/178/100 102/179/101 536/180/102 103/181/103 104/182/104
f 78/183/100 105/184/105 106/185/106 591/186/107 102/187/101
f 78/188/100 104/189/104 107/190/108 105/191/105
f 79/192/109 99/193/96 98/194/110 83/195/111
f 100/196/97 99/197/96 79/198/109 108/199/112 514/200/113 513/201/98
f 108/202/112 79/203/109 83/204/111 109/205/114 413/206/115 514/207/113
f 80/208/116 110/209/117 111/210/118 112/211/119
f 80/212/116 113/213/120 114/214/121 110/215/117
f 81/216/84 87/217/79 111/218/118 110/219/117
f 81/220/84 110/221/117 114/222/121 88/223/85
f 109/224/114 83/225/111 115/226/122 116/227/123 414/228/124 413/229/115
f 83/230/111 98/231/110 117/232/125 115/233/122
f 118/234/126 119/235/127 120/236/128 121/237/129
f 121/238/129 122/239/130 562/240/131 123/241/132 118/242/126
f 121/243/129 120/244/128 124/245/133 125/246/134
f 121/247/129 125/248/134 126/249/135 571/250/136 122/251/130
f 126/252/135 127/253/137 570/254/138 571/255/136
f 126/256/135 125/257/134 129/258/139 130/259/140 572/260/141
f 126/261/135 572/262/141 573/263/142 127/264/137
f 573/265/142 574/266/143 133/267/144 127/268/137
f 135/269/145 131/270/146 130/271/140 134/272/147
f 136/273/148 135/274/145 139/275/149 140/276/150
f 137/277/151 136/278/148 140/279/150 141/280/152
f 137/281/151 141/282/152 142/283/153 143/284/154
f 145/285/155 141/286/152 140/287/150 144/288/156 282/289/157 149/290/158
f 146/291/159 142/292/153 141/293/152 145/294/155 149/295/158 150/296/160
f 147/297/161 148/298/162 142/299/153 146/300/159 150/301/160 151/302/163
f 147/303/161 151/304/163 152/305/164 153/306/165 240/307/166 148/308/162
f 151/309/163 150/310/160 154/311/167 155/312/168
f 151/313/163 155/314/168 156/315/169 152/316/164
f 156/317/169 157/318/170 158/319/171 152/320/164
f 160/321/172 156/322/169 155/323/168 159/324/173 291/325/174 164/326/175
f 161/327/176 157/328/170 156/329/169 160/330/172 164/331/175 165/332/177
f 162/333/178 163/334/179 157/335/170 161/336/176 165/337/177 166/338/180
f 162/339/178 166/340/180 167/341/181 168/342/182 231/343/183 163/344/179
f 170/345/184 166/346/180 165/347/177 169/348/185 297/349/186 174/350/187
f 171/351/188 167/352/181 166/353/180 170/354/184 174/355/187 175/356/189
f 172/357/190 173/358/191 167/359/181 171/360/188 175/361/189 176/362/192
f 172/363/190 176/364/192 177/365/193 178/366/194 225/367/195 173/368/191
f 180/369/196 176/370/192 175/371/189 179/372/197 303/373/198 184/374/199
f 181/375/200 177/376/193 176/377/192 180/378/196 184/379/199 185/380/201
f 182/381/202 183/382/203 177/383/193 181/384/200 185/385/201 186/386/83
f 182/387/202 186/388/83 187/389/82 188/390/204 219/391/205 183/392/203
f 86/393/78 186/394/83 185/395/201 189/396/206 192/397/207 87/398/79
f 189/399/206 185/400/201 184/401/199 190/402/208 191/403/209 192/404/207
f 192/405/207 191/406/209 193/407/210 194/408/211
f 192/409/207 194/410/211 111/411/118 87/412/79
f 194/413/211 193/414/210 195/415/212 196/416/213
f 194/417/211 196/418/213 112/419/119 111/420/118
f 196/421/213 195/422/212 197/423/214 198/424/215
f 196/425/213 198/426/215 199/427/216 112/428/119
f 201/429/217 198/430/215 197/431/214 200/432/218 203/433/219 204/434/220
f 202/435/221 199/436/216 198/437/215 201/438/217 204/439/220 205/440/222
f 207/441/223 205/442/222 204/443/220 206/444/224 323/445/225 327/446/226
f 208/447/227 209/448/228 205/449/222 207/450/223 327/451/226 329/452/229
f 202/453/221 205/454/222 209/455/228 210/456/230 113/457/120 199/458/216
f 211/459/231 212/460/232 209/461/228 208/462/227 329/463/229 217/464/233
f 210/465/230 209/466/228 212/467/232 213/468/234 114/469/121 113/470/120
f 213/471/234 212/472/232 214/473/235 215/474/236 88/475/85 114/476/121
f 215/477/236 214/478/235 187/479/82 85/480/81 84/481/80 88/482/85
f 216/483/237 214/484/235 212/485/232 211/486/231 217/487/233 218/488/238
f 188/489/204 187/490/82 214/491/235 216/492/237 218/493/238 219/494/205
f 221/495/239 219/496/205 218/497/238 220/498/240 333/499/241 223/500/242
f 222/501/243 183/502/203 219/503/205 221/504/239 223/505/242 224/506/244
f 222/507/243 224/508/244 225/509/195 178/510/194 177/511/193 183/512/203
f 227/513/245 225/514/195 224/515/244 226/516/246 339/517/247 229/518/248
f 228/519/249 173/520/191 225/521/195 227/522/245 229/523/248 230/524/250
f 228/525/249 230/526/250 231/527/183 168/528/182 167/529/181 173/530/191
f 231/531/183 230/532/250 232/533/251 233/534/252
f 231/535/183 233/536/252 234/537/253 163/538/179
f 236/539/254 234/540/253 233/541/252 235/542/255 348/543/256 238/544/257
f 237/545/258 158/546/171 234/547/253 236/548/254 238/549/257 239/550/259
f 234/551/253 158/552/171 157/553/170 163/554/179
f 237/555/258 239/556/259 240/557/166 153/558/165 152/559/164 158/560/171
f 242/561/260 240/562/166 239/563/259 241/564/261 354/565/262 244/566/263
f 243/567/264 148/568/162 240/569/166 242/570/260 244/571/263 245/572/265
f 243/573/264 245/574/265 246/575/266 143/576/154 142/577/153 148/578/162
f 246/579/266 245/580/265 247/581/267 248/582/268 576/583/269
f 575/584/270 576/585/269 248/586/268 249/587/271
f 249/588/271 248/589/268 567/590/272 568/591/273
f 249/592/271 568/593/273 569/594/274 133/595/144
f 249/596/271 133/597/144 574/598/143 575/599/270
f 564/600/275 565/601/276 253/602/277 254/603/278
f 563/604/279 564/605/275 254/606/278 255/607/280
f 569/608/274 570/609/138 127/610/137 133/611/144
f 255/612/280 254/613/278 559/614/281 560/615/282
f 255/616/280 560/617/282 561/618/283 123/619/132
f 255/620/280 123/621/132 562/622/131 563/623/279
f 552/624/284 553/625/285 259/626/286 260/627/287
f 258/628/288 552/629/284 260/630/287 261/631/289 119/632/127
f 258/633/288 119/634/127 118/635/126 123/636/132 561/637/283
f 261/638/289 260/639/287 551/640/290 262/641/291 263/642/292
f 261/643/289 263/644/292 264/645/293 265/646/294
f 261/647/289 265/648/294 120/649/128 119/650/127
f 265/651/294 264/652/293 266/653/295 267/654/296
f 265/655/294 267/656/296 124/657/133 120/658/128
f 267/659/296 266/660/295 268/661/297 269/662/298
f 267/663/296 269/664/298 270/665/299 124/666/133
f 270/667/299 129/668/139 125/669/134 124/670/133
f 272/671/300 270/672/299 269/673/298 271/674/301 388/675/302 274/676/303
f 273/677/304 129/678/139 270/679/299 272/680/300 274/681/303 275/682/305
f 134/683/147 130/684/140 129/685/139 273/686/304 275/687/305 276/688/306
f 278/689/307 276/690/306 275/691/305 277/692/308 394/693/309 280/694/310
f 279/695/311 139/696/149 276/697/306 278/698/307 280/699/310 281/700/312
f 144/701/156 140/702/150 139/703/149 279/704/311 281/705/312 282/706/157
f 282/707/157 281/708/312 283/709/313 284/710/314
f 282/711/157 284/712/314 285/713/315 149/714/158
f 285/715/315 154/716/167 150/717/160 149/718/158
f 287/719/316 285/720/315 284/721/314 286/722/317 403/723/318 289/724/319
f 288/725/320 154/726/167 285/727/315 287/728/316 289/729/319 290/730/321
f 159/731/173 155/732/168 154/733/167 288/734/320 290/735/321 291/736/174
f 293/737/322 291/738/174 290/739/321 292/740/323 409/741/324 295/742/325
f 294/743/326 164/744/175 291/745/174 293/746/322 295/747/325 296/748/327
f 169/749/185 165/750/177 164/751/175 294/752/326 296/753/327 297/754/186
f 299/755/328 297/756/186 296/757/327 298/758/329 415/759/330 301/760/331
f 300/761/332 174/762/187 297/763/186 299/764/328 301/765/331 302/766/333
f 179/767/197 175/768/189 174/769/187 300/770/332 302/771/333 303/772/198
f 305/773/334 303/774/198 302/775/333 304/776/335 306/777/336 307/778/337
f 190/779/208 184/780/199 303/781/198 305/782/334 307/783/337 191/784/209
f 307/785/337 306/786/336 308/787/338 309/788/339
f 307/789/337 309/790/339 193/791/210 191/792/209
f 309/793/339 308/794/338 310/795/340 311/796/341
f 309/797/339 311/798/341 195/799/212 193/800/210
f 311/801/341 310/802/340 312/803/342 313/804/343
f 311/805/341 313/806/343 197/807/214 195/808/212
f 315/809/344 313/810/343 312/811/342 314/812/345 316/813/346 317/814/347
f 200/815/218 197/816/214 313/817/343 315/818/344 317/819/347 203/820/219
f 319/821/348 317/822/347 316/823/346 318/824/349 434/825/350 321/826/351
f 320/827/352 203/828/219 317/829/347 319/830/348 321/831/351 322/832/353
f 320/833/352 322/834/353 323/835/225 206/836/224 204/837/220 203/838/219
f 325/839/354 323/840/225 322/841/353 324/842/355 440/843/356 444/844/357
f 326/845/358 327/846/226 323/847/225 325/848/354 444/849/357 446/850/359
f 328/851/360 329/852/229 327/853/226 326/854/358 446/855/359 331/856/361
f 330/857/362 217/858/233 329/859/229 328/860/360 331/861/361 332/862/363
f 330/863/362 332/864/363 333/865/241 220/866/240 218/867/238 217/868/233
f 335/869/364 333/870/241 332/871/363 334/872/365 450/873/366 337/874/367
f 336/875/368 223/876/242 333/877/241 335/878/364 337/879/367 338/880/369
f 336/881/368 338/882/369 339/883/247 226/884/246 224/885/244 223/886/242
f 339/887/247 338/888/369 340/889/370 341/890/371
f 339/891/247 341/892/371 342/893/372 229/894/248
f 344/895/373 342/896/372 341/897/371 343/898/374 459/899/375 346/900/376
f 345/901/377 232/902/251 342/903/372 344/904/373 346/905/376 347/906/378
f 342/907/372 232/908/251 230/909/250 229/910/248
f 345/911/377 347/912/378 348/913/256 235/914/255 233/915/252 232/916/251
f 350/917/379 348/918/256 347/919/378 349/920/380 465/921/381 352/922/382
f 351/923/383 238/924/257 348/925/256 350/926/379 352/927/382 353/928/384
f 351/929/383 353/930/384 354/931/262 241/932/261 239/933/259 238/934/257
f 354/935/262 353/936/384 355/937/385 356/938/386
f 354/939/262 356/940/386 357/941/387 244/942/263
f 357/943/387 356/944/386 358/945/388 95/946/92
f 357/947/387 95/948/92 94/949/91 247/950/267
f 357/951/387 247/952/267 245/953/265 244/954/263
f 358/955/388 359/956/389 360/957/390 361/958/391
f 358/959/388 361/960/391 96/961/93 95/962/92
f 358/963/388 356/964/386 355/965/385 359/966/389
f 361/967/391 360/968/390 362/969/392 547/970/393 363/971/394
f 361/972/391 363/973/394 556/974/395 364/975/396 96/976/93
f 555/977/397 556/978/395 363/979/394 365/980/398
f 557/981/399 558/982/400 253/983/277 367/984/401
f 364/985/396 557/986/399 367/987/401 93/988/90 96/989/93
f 566/990/402 565/991/276 251/992/403 250/993/404
f 367/994/401 566/995/402 250/996/404 94/997/91 93/998/90
f 554/999/405 555/1000/397 365/1001/398 368/1002/406
f 558/1003/400 559/1004/281 254/1005/278 253/1006/277
f 368/1007/406 365/1008/398 548/1009/407 549/1010/408
f 368/1011/406 549/1012/408 550/1013/409 259/1014/286
f 368/1015/406 259/1016/286 553/1017/285 554/1018/405
f 543/1019/410 544/1020/411 372/1021/412 373/1022/413
f 542/1023/414 543/1024/410 373/1025/413 374/1026/415
f 550/1027/409 551/1028/290 260/1029/287 259/1030/286
f 374/1031/415 373/1032/413 540/1033/416 541/1034/417
f 374/1035/415 541/1036/417 376/1037/418 92/1038/89 377/1039/419
f 374/1040/415 377/1041/419 263/1042/292 262/1043/291 542/1044/414
f 377/1045/419 92/1046/89 91/1047/88 378/1048/420
f 377/1049/419 378/1050/420 264/1051/293 263/1052/292
f 378/1053/420 91/1054/88 379/1055/421 380/1056/422
f 378/1057/420 380/1058/422 266/1059/295 264/1060/293
f 380/1061/422 379/1062/421 381/1063/423 382/1064/424
f 380/1065/422 382/1066/424 268/1067/297 266/1068/295
f 384/1069/425 382/1070/424 381/1071/423 383/1072/426 491/1073/427 386/1074/428
f 385/1075/429 268/1076/297 382/1077/424 384/1078/425 386/1079/428 387/1080/430
f 271/1081/301 269/1082/298 268/1083/297 385/1084/429 387/1085/430 388/1086/302
f 390/1087/431 388/1088/302 387/1089/430 389/1090/432 497/1091/433 392/1092/434
f 391/1093/435 274/1094/303 388/1095/302 390/1096/431 392/1097/434 393/1098/436
f 277/1099/308 275/1100/305 274/1101/303 391/1102/435 393/1103/436 394/1104/309
f 394/1105/309 393/1106/436 395/1107/437 396/1108/438
f 394/1109/309 396/1110/438 397/1111/439 280/1112/310
f 397/1113/439 283/1114/313 281/1115/312 280/1116/310
f 399/1117/440 397/1118/439 396/1119/438 398/1120/441 504/1121/442 401/1122/443
f 400/1123/444 283/1124/313 397/1125/439 399/1126/440 401/1127/443 402/1128/445
f 286/1129/317 284/1130/314 283/1131/313 400/1132/444 402/1133/445 403/1134/318
f 405/1135/446 403/1136/318 402/1137/445 404/1138/447 508/1139/448 407/1140/449
f 406/1141/450 289/1142/319 403/1143/318 405/1144/446 407/1145/449 408/1146/451
f 292/1147/323 290/1148/321 289/1149/319 406/1150/450 408/1151/451 409/1152/324
f 411/1153/452 409/1154/324 408/1155/451 410/1156/453 514/1157/113 413/1158/115
f 412/1159/454 295/1160/325 409/1161/324 411/1162/452 413/1163/115 414/1164/124
f 298/1165/329 296/1166/327 295/1167/325 412/1168/454 414/1169/124 415/1170/330
f 416/1171/455 415/1172/330 414/1173/124 116/1174/123 115/1175/122 418/1176/456
f 417/1177/457 301/1178/331 415/1179/330 416/1180/455 418/1181/456 419/1182/458
f 304/1183/335 302/1184/333 301/1185/331 417/1186/457 419/1187/458 306/1188/336
f 419/1189/458 418/1190/456 420/1191/459 421/1192/460
f 419/1193/458 421/1194/460 308/1195/338 306/1196/336
f 421/1197/460 420/1198/459 422/1199/461 423/1200/462
f 421/1201/460 423/1202/462 310/1203/340 308/1204/338
f 423/1205/462 422/1206/461 424/1207/463 425/1208/464
f 423/1209/462 425/1210/464 312/1211/342 310/1212/340
f 427/1213/465 425/1214/464 424/1215/463 426/1216/466 428/1217/467 429/1218/468
f 314/1219/345 312/1220/342 425/1221/464 427/1222/465 429/1223/468 316/1224/346
f 431/1225/469 429/1226/468 428/1227/467 430/1228/470 432/1229/471 433/1230/472
f 318/1231/349 316/1232/346 429/1233/468 431/1234/469 433/1235/472 434/1236/350
f 436/1237/473 434/1238/350 433/1239/472 435/1240/474 503/1241/475 438/1242/476
f 437/1243/477 321/1244/351 434/1245/350 436/1246/473 438/1247/476 439/1248/478
f 437/1249/477 439/1250/478 440/1251/356 324/1252/355 322/1253/353 321/1254/351
f 442/1255/479 440/1256/356 439/1257/478 441/1258/480 499/1259/481 498/1260/482
f 443/1261/483 444/1262/357 440/1263/356 442/1264/479 498/1265/482 519/1266/484
f 445/1267/485 446/1268/359 444/1269/357 443/1270/483 519/1271/484 448/1272/486
f 447/1273/487 331/1274/361 446/1275/359 445/1276/485 448/1277/486 449/1278/488
f 447/1279/487 449/1280/488 450/1281/366 334/1282/365 332/1283/363 331/1284/361
f 450/1285/366 449/1286/488 451/1287/489 452/1288/490
f 450/1289/366 452/1290/490 453/1291/491 337/1292/367
f 455/1293/492 453/1294/491 452/1295/490 454/1296/493 522/1297/494 457/1298/495
f 456/1299/496 340/1300/370 453/1301/491 455/1302/492 457/1303/495 458/1304/497
f 453/1305/491 340/1306/370 338/1307/369 337/1308/367
f 456/1309/496 458/1310/497 459/1311/375 343/1312/374 341/1313/371 340/1314/370
f 461/1315/498 459/1316/375 458/1317/497 460/1318/499
f 462/1319/500 346/1320/376 459/1321/375 461/1322/498 463/1323/501 464/1324/502
f 462/1325/500 464/1326/502 465/1327/381 349/1328/380 347/1329/378 346/1330/376
f 465/1331/381 464/1332/502 466/1333/503 467/1334/504
f 465/1335/381 467/1336/504 468/1337/505 352/1338/382
f 468/1339/505 467/1340/504 107/1341/108 469/1342/506
f 468/1343/505 469/1344/506 359/1345/389 355/1346/385
f 468/1347/505 355/1348/385 353/1349/384 352/1350/382
f 469/1351/506 107/1352/108 104/1353/104 470/1354/507
f 469/1355/506 470/1356/507 360/1357/390 359/1358/389
f 470/1359/507 104/1360/104 103/1361/103 537/1362/508 471/1363/509
f 470/1364/507 471/1365/509 546/1366/510 362/1367/392 360/1368/390
f 471/1369/509 537/1370/508 538/1371/511 473/1372/512
f 471/1373/509 473/1374/512 545/1375/513 546/1376/510
f 473/1377/512 538/1378/511 539/1379/514 372/1380/412
f 473/1381/512 372/1382/412 544/1383/411 545/1384/513
f 534/1385/515 535/1386/516 475/1387/517 476/1388/518
f 533/1389/519 534/1390/515 476/1391/518 477/1392/520
f 539/1393/514 540/1394/416 373/1395/413 372/1396/412
f 477/1397/520 478/1398/521 532/1399/522 533/1400/519
f 578/1401/523 579/1402/524 479/1403/525 480/1404/526
f 577/1405/527 578/1406/523 480/1407/526 481/1408/528
f 481/1409/528 90/1410/87 89/1411/86 478/1412/521 577/1413/527
f 580/1414/529 581/1415/530 482/1416/531 483/1417/532
f 481/1418/528 580/1419/529 483/1420/532 484/1421/533 90/1422/87
f 484/1423/533 379/1424/421 91/1425/88 90/1426/87
f 484/1427/533 483/1428/532 583/1429/534 485/1430/535 486/1431/536
f 484/1432/533 486/1433/536 381/1434/423 379/1435/421
f 488/1436/537 486/1437/536 485/1438/535 487/1439/538 489/1440/539 490/1441/540
f 383/1442/426 381/1443/423 486/1444/536 488/1445/537 490/1446/540 491/1447/427
f 493/1448/541 491/1449/427 490/1450/540 492/1451/542 520/1452/543 495/1453/544
f 494/1454/545 386/1455/428 491/1456/427 493/1457/541 495/1458/544 496/1459/546
f 389/1460/432 387/1461/430 386/1462/428 494/1463/545 496/1464/546 497/1465/433
f 497/1466/433 496/1467/546 498/1468/482 499/1469/481
f 497/1470/433 499/1471/481 500/1472/547 392/1473/434
f 500/1474/547 395/1475/437 393/1476/436 392/1477/434
f 501/1478/548 500/1479/547 499/1480/481 441/1481/480 439/1482/478 438/1483/476
f 502/1484/549 395/1485/437 500/1486/547 501/1487/548 438/1488/476 503/1489/475
f 398/1490/441 396/1491/438 395/1492/437 502/1493/549 503/1494/475 504/1495/442
f 505/1496/550 504/1497/442 503/1498/475 435/1499/474 433/1500/472 432/1501/471
f 506/1502/551 401/1503/443 504/1504/442 505/1505/550 432/1506/471 507/1507/552
f 404/1508/447 402/1509/445 401/1510/443 506/1511/551 507/1512/552 508/1513/448
f 510/1514/553 508/1515/448 507/1516/552 509/1517/554 515/1518/555 512/1519/99
f 511/1520/556 407/1521/449 508/1522/448 510/1523/553 512/1524/99 513/1525/98
f 410/1526/453 408/1527/451 407/1528/449 511/1529/556 513/1530/98 514/1531/113
f 101/1532/94 512/1533/99 515/1534/555 516/1535/557 517/1536/558 82/1537/95
f 516/1538/557 515/1539/555 428/1540/467 426/1541/466 424/1542/463 517/1543/558
f 517/1544/558 424/1545/463 422/1546/461 518/1547/559
f 517/1548/558 518/1549/559 97/1550/560 82/1551/95
f 518/1552/559 422/1553/461 420/1554/459 117/1555/125
f 518/1556/559 117/1557/125 98/1558/110 97/1559/560
f 430/1560/470 428/1561/467 515/1562/555 509/1563/554 507/1564/552 432/1565/471
f 498/1566/482 496/1567/546 495/1568/544 519/1569/484
f 519/1570/484 495/1571/544 520/1572/543 448/1573/486
f 521/1574/561 451/1575/489 520/1576/543 492/1577/542 490/1578/540 489/1579/539
f 520/1580/543 451/1581/489 449/1582/488 448/1583/486
f 521/1584/561 489/1585/539 522/1586/494 454/1587/493 452/1588/490 451/1589/489
f 523/1590/562 522/1591/494 489/1592/539 487/1593/538
f 524/1594/563 457/1595/495 522/1596/494 523/1597/562
f 524/1598/563 460/1599/499 458/1600/497 457/1601/495
f 527/1602/564 526/1603/565 585/1604/566 586/1605/567
f 527/1606/564 586/1607/567 587/1608/568 463/1609/501
f 530/1610/569 529/1611/570 588/1612/571 589/1613/572
f 530/1614/569 589/1615/572 106/1616/106 105/1617/105 466/1618/503
f 530/1619/569 466/1620/503 464/1621/502 463/1622/501 587/1623/568
f 531/1624/573 479/1625/525 579/1626/524 590/1627/574
f 531/1628/573 590/1629/574 591/1630/107 106/1631/106
f 582/1632/575 588/1633/571 529/1634/570 528/1635/576
f 528/1636/576 482/1637/531 581/1638/530 582/1639/575
f 584/1640/577 585/1641/566 526/1642/565 525/1643/578
f 525/1644/578 485/1645/535 583/1646/534 584/1647/577
f 478/1648/521 89/1649/86 92/1650/89 376/1651/418 532/1652/522
f 475/1653/517 535/1654/516 536/1655/102 102/1656/101
f 467/1657/504 466/1658/503 105/1659/105 107/1660/108
f 420/1661/459 418/1662/456 115/1663/122 117/1664/125
f 547/1665/393 548/1666/407 365/1667/398 363/1668/394
f 250/1669/404 567/1670/272 248/1671/268 247/1672/267 94/1673/91
f 82/1674/95 97/1675/560 98/1676/110 99/1677/96
f 112/1678/119 199/1679/216 113/1680/120 80/1681/116
f 533/1400/519 532/1399/522 376/1682/418 375/1683/579
f 474/1684/580 534/1390/515 533/1389/519 375/1685/579
f 474/1686/580 472/1687/581 535/1386/516 534/1385/515
f 536/1655/102 535/1654/516 472/1688/581 103/1689/103
f 538/1371/511 537/1370/508 103/1690/103 472/1691/581
f 539/1379/514 538/1378/511 472/1692/581 474/1693/580
f 474/1694/580 375/1695/579 540/1394/416 539/1393/514
f 541/1034/417 540/1033/416 375/1696/579 376/1697/418
f 371/1698/582 543/1024/410 542/1023/414 262/1699/291
f 371/1700/582 370/1701/583 544/1020/411 543/1019/410
f 545/1384/513 544/1383/411 370/1702/583 369/1703/584
f 546/1376/510 545/1375/513 369/1704/584 362/1705/392
f 369/1706/584 548/1666/407 547/1665/393 362/1707/392
f 549/1010/408 548/1009/407 369/1708/584 370/1709/583
f 550/1013/409 549/1012/408 370/1710/583 371/1711/582
f 371/1712/582 262/1713/291 551/1028/290 550/1027/409
f 258/1714/288 257/1715/585 553/625/285 552/624/284
f 554/1018/405 553/1017/285 257/1716/585 256/1717/586
f 366/1718/587 555/1000/397 554/999/405 256/1719/586
f 364/1720/396 556/978/395 555/977/397 366/1721/587
f 364/1722/396 366/1723/587 558/982/400 557/981/399
f 366/1724/587 256/1725/586 559/1004/281 558/1003/400
f 560/615/282 559/614/281 256/1726/586 257/1727/585
f 561/618/283 560/617/282 257/1728/585 258/1729/288
f 563/623/279 562/622/131 122/1730/130 128/1731/588
f 252/1732/589 564/605/275 563/604/279 128/1733/588
f 252/1734/589 251/1735/403 565/601/276 564/600/275
f 367/1736/401 253/1737/277 565/991/276 566/990/402
f 568/591/273 567/590/272 250/1738/404 251/1739/403
f 569/594/274 568/593/273 251/1740/403 252/1741/589
f 252/1742/589 128/1743/588 570/609/138 569/608/274
f 571/255/136 570/254/138 128/1744/588 122/1745/130
f 573/263/142 572/262/141 130/1746/140 131/1747/146
f 131/1748/146 132/1749/590 574/266/143 573/265/142
f 575/599/270 574/598/143 132/1750/590 138/1751/591
f 246/1752/266 576/585/269 575/584/270 138/1753/591
f 137/281/151 143/284/154 246/1754/266 138/1755/591
f 137/277/151 138/1756/591 132/1757/590 136/278/148
f 136/273/148 132/1758/590 131/1759/146 135/274/145
f 135/269/145 134/272/147 276/1760/306 139/1761/149
f 477/1762/520 578/1406/523 577/1405/527 478/1763/521
f 477/1764/520 476/1765/518 579/1402/524 578/1401/523
f 481/1766/528 480/1767/526 581/1415/530 580/1414/529
f 582/1639/575 581/1638/530 480/1768/526 479/1769/525
f 584/1647/577 583/1646/534 483/1770/532 482/1771/531
f 528/1772/576 585/1641/566 584/1640/577 482/1773/531
f 523/1590/562 487/1593/538 485/1774/535 525/1775/578
f 524/1594/563 523/1597/562 525/1776/578 526/1777/565
f 524/1598/563 526/1778/565 527/1779/564 460/1599/499
f 461/1315/498 460/1318/499 527/1780/564 463/1781/501
f 586/1605/567 585/1604/566 528/1782/576 529/1783/570
f 587/1608/568 586/1607/567 529/1784/570 530/1785/569
f 531/1786/573 588/1633/571 582/1632/575 479/1787/525
f 589/1613/572 588/1612/571 531/1788/573 106/1789/106
f 590/1627/574 579/1626/524 476/1790/518 475/1791/517
f 591/1630/107 590/1629/574 475/1792/517 102/1793/101
s 18
f 592/1794/592 604/1795/593 605/1796/594 606/1797/595
f 592/1798/592 606/1799/595 602/1800/596 607/1801/597
f 592/1802/592 607/1803/597 608/1804/598 604/1805/593
f 593/1806/599 609/1807/600 605/1808/594 604/1809/593
f 593/1810/599 604/1811/593 608/1812/598 610/1813/601
f 593/1814/599 610/1815/601 601/1816/602 609/1817/600
f 594/1818/603 600/1819/604 611/1820/605 612/1821/606
f 594/1822/603 612/1823/606 613/1824/607 614/1825/608
f 594/1826/603 614/1827/608 615/1828/609 600/1829/604
f 595/1830/610 616/1831/611 617/1832/612 618/1833/613
f 595/1834/610 598/1835/614 619/1836/615 616/1837/611
f 595/1838/610 618/1839/613 620/1840/616 598/1841/614
f 596/1842/617 621/1843/618 622/1844/619 597/1845/620
f 596/1846/617 623/1847/621 624/1848/622 621/1849/618
f 596/1850/617 597/1851/620 625/1852/623 623/1853/621
f 597/1854/620 622/1855/619 626/1856/624 625/1857/623
f 598/1858/614 620/1859/616 627/1860/625 619/1861/615
f 599/1862/626 628/1863/627 629/1864/628 603/1865/629
f 599/1866/626 630/1867/630 631/1868/631 628/1869/627
f 599/1870/626 603/1871/629 632/1872/632 630/1873/630
f 600/1874/604 615/1875/609 633/1876/633 611/1877/605
f 601/1878/602 634/1879/634 635/1880/635 609/1881/600
f 601/1882/602 636/1883/636 637/1884/637 634/1885/634
f 601/1886/602 638/1887/638 639/1888/639 636/1889/636
f 601/1890/602 610/1891/601 640/1892/640 638/1893/638
f 602/1894/596 641/1895/641 642/1896/642 643/1897/643
f 602/1898/596 643/1899/643 644/1900/644 607/1901/597
f 602/1902/596 606/1903/595 645/1904/645 646/1905/646
f 602/1906/596 646/1907/646 647/1908/647 641/1909/641
f 603/1910/629 629/1911/628 648/1912/648 632/1913/632
f 648/1914/648 629/1915/628 614/1916/608 613/1917/607
f 648/1918/648 613/1919/607 637/1920/637 649/1921/649
f 648/1922/648 649/1923/649 647/1924/647 632/1925/632
f 649/1926/649 637/1927/637 636/1928/636 650/1929/650
f 649/1930/649 650/1931/650 641/1932/641 647/1933/647
f 650/1934/650 636/1935/636 639/1936/639 651/1937/651
f 650/1938/650 651/1939/651 642/1940/642 641/1941/641
f 651/1942/651 639/1943/639 652/1944/652 653/1945/653
f 651/1946/651 653/1947/653 654/1948/654 642/1949/642
f 654/1950/654 655/1951/655 643/1952/643 642/1953/642
f 654/1954/654 653/1955/653 656/1956/656 657/1957/657
f 654/1958/654 657/1959/657 658/1960/658 655/1961/655
f 658/1962/658 659/1963/659 660/1964/660 655/1965/655
f 658/1966/658 657/1967/657 623/1968/621 625/1969/623
f 658/1970/658 625/1971/623 626/1972/624 659/1973/659
f 660/1974/660 661/1975/661 662/1976/662 644/1977/644
f 660/1978/660 644/1979/644 643/1980/643 655/1981/655
f 660/1982/660 659/1983/659 663/1984/663 661/1985/661
f 663/1986/663 664/1987/664 665/1988/665 661/1989/661
f 663/1990/663 659/1991/659 626/1992/624 627/1993/625
f 663/1994/663 627/1995/625 620/1996/616 664/1997/664
f 665/1998/665 666/1999/666 638/2000/638 640/2001/640
f 665/2002/665 640/2003/640 662/2004/662 661/2005/661
f 665/2006/665 664/2007/664 667/2008/667 666/2009/666
f 667/2010/667 668/2011/668 652/2012/652 666/2013/666
f 667/2014/667 664/2015/664 620/2016/616 618/2017/613
f 667/2018/667 618/2019/613 617/2020/612 668/2021/668
f 668/2022/668 656/2023/656 653/2024/653 652/2025/652
f 668/2026/668 617/2027/612 624/2028/622 656/2029/656
f 666/2030/666 652/2031/652 639/2032/639 638/2033/638
f 662/2034/662 640/2035/640 610/2036/601 608/2037/598
f 662/2038/662 608/2039/598 607/2040/597 644/2041/644
f 657/2042/657 656/2043/656 624/2044/622 623/2045/621
f 647/2046/647 646/2047/646 630/2048/630 632/2049/632
f 646/2050/646 645/2051/645 631/2052/631 630/2053/630
f 645/2054/645 669/2055/669 633/2056/633 631/2057/631
f 645/2058/645 606/2059/595 605/2060/594 669/2061/669
f 669/2062/669 635/2063/635 611/2064/605 633/2065/633
f 669/2066/669 605/2067/594 609/2068/600 635/2069/635
f 637/2070/637 613/2071/607 612/2072/606 634/2073/634
f 635/2074/635 634/2075/634 612/2076/606 611/2077/605
f 633/2078/633 615/2079/609 628/2080/627 631/2081/631
f 629/2082/628 628/2083/627 615/2084/609 614/2085/608
f 627/2086/625 626/2087/624 622/2088/619 619/2089/615
f 624/2090/622 617/2091/612 616/2092/611 621/2093/618
f 622/2094/619 621/2095/618 616/2096/611 619/2097/615
s 24
f 670/2098/670 682/2099/671 683/2100/672 671/2101/673
f 670/2102/670 671/2103/673 684/2104/674 685/2105/675
f 670/2106/670 685/2107/675 678/2108/676 682/2109/671
f 671/2110/673 683/2111/672 681/2112/677 684/2113/674
f 672/2114/678 686/2115/679 687/2116/680 688/2117/681
f 672/2118/678 688/2119/681 689/2120/682 676/2121/683
f 672/2122/678 676/2123/683 690/2124/684 686/2125/679
f 673/2126/685 691/2127/686 692/2128/687 675/2129/688
f 673/2130/685 693/2131/689 694/2132/690 691/2133/686
f 673/2134/685 675/2135/688 695/2136/691 693/2137/689
f 674/2138/692 679/2139/693 696/2140/694 697/2141/695
f 674/2142/692 698/2143/696 699/2144/697 679/2145/693
f 674/2146/692 697/2147/695 700/2148/698 698/2149/696
f 675/2150/688 692/2151/687 701/2152/699 695/2153/691
f 676/2154/683 689/2155/682 702/2156/700 690/2157/684
f 677/2158/701 703/2159/702 704/2160/703 705/2161/704
f 677/2162/701 705/2163/704 706/2164/705 680/2165/706
f 677/2166/701 680/2167/706 707/2168/707 703/2169/702
f 678/2170/676 708/2171/708 709/2172/709 710/2173/710
f 678/2174/676 710/2175/710 711/2176/711 682/2177/671
f 678/2178/676 685/2179/675 712/2180/712 713/2181/713
f 678/2182/676 713/2183/713 714/2184/714 708/2185/708
f 679/2186/693 699/2187/697 715/2188/715 696/2189/694
f 680/2190/706 706/2191/705 716/2192/716 707/2193/707
f 681/2194/677 683/2195/672 717/2196/717 718/2197/718
f 681/2198/677 718/2199/718 719/2200/719 720/2201/720
f 720/2202/720 719/2203/719 721/2204/721 722/2205/722
f 720/2206/720 722/2207/722 723/2208/723 724/2209/724
f 720/2210/720 724/2211/724 725/2212/725 681/2213/677
f 725/2214/725 724/2215/724 726/2216/726 727/2217/727
f 725/2218/725 727/2219/727 728/2220/728 729/2221/729
f 725/2222/725 729/2223/729 684/2224/674 681/2225/677
f 729/2226/729 728/2227/728 730/2228/730 712/2229/712
f 729/2230/729 712/2231/712 685/2232/675 684/2233/674
f 730/2234/730 728/2235/728 731/2236/731 732/2237/732
f 730/2238/730 732/2239/732 733/2240/733 734/2241/734
f 730/2242/730 734/2243/734 713/2244/713 712/2245/712
f 734/2246/734 733/2247/733 735/2248/735 736/2249/736
f 734/2250/734 736/2251/736 714/2252/714 713/2253/713
f 736/2254/736 735/2255/735 737/2256/737 738/2257/738
f 736/2258/736 738/2259/738 739/2260/739 714/2261/714
f 739/2262/739 740/2263/740 708/2264/708 714/2265/714
f 739/2266/739 738/2267/738 741/2268/741 723/2269/723
f 739/2270/739 723/2271/723 722/2272/722 740/2273/740
f 741/2274/741 738/2275/738 737/2276/737 742/2277/742
f 741/2278/741 742/2279/742 743/2280/743 726/2281/726
f 741/2282/741 726/2283/726 724/2284/724 723/2285/723
f 743/2286/743 742/2287/742 702/2288/700 689/2289/682
f 743/2290/743 689/2291/682 688/2292/681 744/2293/744
f 743/2294/743 744/2295/744 727/2296/727 726/2297/726
f 744/2298/744 688/2299/681 687/2300/680 731/2301/731
f 744/2302/744 731/2303/731 728/2304/728 727/2305/727
f 742/2306/742 737/2307/737 701/2308/699 702/2309/700
f 740/2310/740 745/2311/745 709/2312/709 708/2313/708
f 740/2314/740 722/2315/722 721/2316/721 745/2317/745
f 745/2318/745 716/2319/716 706/2320/705 709/2321/709
f 745/2322/745 721/2323/721 715/2324/715 716/2325/716
f 737/2326/737 735/2327/735 695/2328/691 701/2329/699
f 735/2330/735 733/2331/733 693/2332/689 695/2333/691
f 733/2334/733 732/2335/732 694/2336/690 693/2337/689
f 732/2338/732 731/2339/731 687/2340/680 694/2341/690
f 721/2342/721 719/2343/719 696/2344/694 715/2345/715
f 719/2346/719 718/2347/718 697/2348/695 696/2349/694
f 718/2350/718 717/2351/717 700/2352/698 697/2353/695
f 717/2354/717 683/2355/672 682/2356/671 711/2357/711
f 717/2358/717 711/2359/711 704/2360/703 700/2361/698
f 716/2362/716 715/2363/715 699/2364/697 707/2365/707
f 711/2366/711 710/2367/710 705/2368/704 704/2369/703
f 710/2370/710 709/2371/709 706/2372/705 705/2373/704
f 707/2374/707 699/2375/697 698/2376/696 703/2377/702
f 704/2378/703 703/2379/702 698/2380/696 700/2381/698
f 702/2382/700 701/2383/699 692/2384/687 690/2385/684
f 694/2386/690 687/2387/680 686/2388/679 691/2389/686
f 692/2390/687 691/2391/686 686/2392/679 690/2393/684
s 30
f 746/2394/746 755/2395/747 756/2396/748 757/2397/749
f 746/2398/746 757/2399/749 758/2400/750 759/2401/751
f 746/2402/746 759/2403/751 760/2404/752 755/2405/747
f 747/2406/753 761/2407/754 756/2408/748 755/2409/747
f 747/2410/753 755/2411/747 760/2412/752 762/2413/755
f 747/2414/753 762/2415/755 763/2416/756 761/2417/754
f 748/2418/757 764/2419/758 765/2420/759 766/2421/760
f 748/2422/757 766/2423/760 763/2424/756 762/2425/755
f 748/2426/757 762/2427/755 760/2428/752 764/2429/758
f 749/2430/761 767/2431/762 768/2432/763 769/2433/764
f 749/2434/761 754/2435/765 770/2436/766 767/2437/762
f 749/2438/761 769/2439/764 771/2440/767 754/2441/765
f 750/2442/768 759/2443/751 758/2444/750 772/2445/769
f 750/2446/768 772/2447/769 765/2448/759 764/2449/758
f 750/2450/768 764/2451/758 760/2452/752 759/2453/751
f 751/2454/770 773/2455/771 774/2456/772 752/2457/773
f 751/2458/770 752/2459/773 770/2460/766 775/2461/774
f 751/2462/770 775/2463/774 776/2464/775 773/2465/771
f 752/2466/773 774/2467/772 777/2468/776 778/2469/777
f 753/2470/778 778/2471/777 777/2472/776 779/2473/779
f 753/2474/778 779/2475/779 780/2476/780 768/2477/763
f 753/2478/778 768/2479/763 767/2480/762 778/2481/777
f 754/2482/765 771/2483/767 775/2484/774 770/2485/766
f 752/2486/773 778/2487/777 767/2488/762 770/2489/766
f 780/2490/780 781/2491/781 782/2492/782 783/2493/783
f 780/2494/780 783/2495/783 769/2496/764 768/2497/763
f 780/2498/780 779/2499/779 784/2500/784 781/2501/781
f 784/2502/784 785/2503/785 786/2504/786 781/2505/781
f 784/2506/784 779/2507/779 777/2508/776 787/2509/787
f 784/2510/784 787/2511/787 788/2512/788 785/2513/785
f 788/2514/788 789/2515/789 790/2516/790 785/2517/785
f 788/2518/788 787/2519/787 791/2520/791 792/2521/792
f 788/2522/788 792/2523/792 793/2524/793 789/2525/789
f 793/2526/793 794/2527/794 795/2528/795 789/2529/789
f 793/2530/793 792/2531/792 796/2532/796 797/2533/797
f 793/2534/793 797/2535/797 798/2536/798 794/2537/794
f 798/2538/798 799/2539/799 800/2540/800 794/2541/794
f 798/2542/798 797/2543/797 801/2544/801 802/2545/802
f 798/2546/798 802/2547/802 803/2548/803 799/2549/799
f 803/2550/803 804/2551/804 805/2552/805 799/2553/799
f 803/2554/803 802/2555/802 806/2556/806 807/2557/807
f 803/2558/803 807/2559/807 808/2560/808 804/2561/804
f 808/2562/808 809/2563/809 810/2564/810 804/2565/804
f 808/2566/808 807/2567/807 811/2568/811 812/2569/812
f 808/2570/808 812/2571/812 813/2572/813 809/2573/809
f 813/2574/813 772/2575/769 758/2576/750 809/2577/809
f 813/2578/813 812/2579/812 814/2580/814 815/2581/815
f 813/2582/813 815/2583/815 765/2584/759 772/2585/769
f 815/2586/815 814/2587/814 816/2588/816 817/2589/817
f 815/2590/815 817/2591/817 766/2592/760 765/2593/759
f 817/2594/817 816/2595/816 818/2596/818 819/2597/819
f 817/2598/817 819/2599/819 763/2600/756 766/2601/760
f 819/2602/819 818/2603/818 820/2604/820 821/2605/821
f 819/2606/819 821/2607/821 761/2608/754 763/2609/756
f 821/2610/821 820/2611/820 805/2612/805 822/2613/822
f 821/2614/821 822/2615/822 756/2616/748 761/2617/754
f 822/2618/822 805/2619/805 804/2620/804 810/2621/810
f 822/2622/822 810/2623/810 757/2624/749 756/2625/748
f 820/2626/820 818/2627/818 823/2628/823 800/2629/800
f 820/2630/820 800/2631/800 799/2632/799 805/2633/805
f 823/2634/823 818/2635/818 816/2636/816 824/2637/824
f 823/2638/823 824/2639/824 825/2640/825 795/2641/795
f 823/2642/823 795/2643/795 794/2644/794 800/2645/800
f 825/2646/825 824/2647/824 826/2648/826 827/2649/827
f 825/2650/825 827/2651/827 828/2652/828 790/2653/790
f 825/2654/825 790/2655/790 789/2656/789 795/2657/795
f 828/2658/828 827/2659/827 829/2660/829 830/2661/830
f 828/2662/828 830/2663/830 831/2664/831 786/2665/786
f 828/2666/828 786/2667/786 785/2668/785 790/2669/790
f 831/2670/831 830/2671/830 832/2672/832 833/2673/833
f 831/2674/831 833/2675/833 834/2676/834 782/2677/782
f 831/2678/831 782/2679/782 781/2680/781 786/2681/786
f 834/2682/834 833/2683/833 835/2684/835 836/2685/836
f 834/2686/834 836/2687/836 776/2688/775 837/2689/837
f 834/2690/834 837/2691/837 783/2692/783 782/2693/782
f 837/2694/837 776/2695/775 775/2696/774 771/2697/767
f 837/2698/837 771/2699/767 769/2700/764 783/2701/783
f 836/2702/836 835/2703/835 796/2704/796 838/2705/838
f 836/2706/836 838/2707/838 773/2708/771 776/2709/775
f 838/2710/838 796/2711/796 792/2712/792 791/2713/791
f 838/2714/838 791/2715/791 774/2716/772 773/2717/771
f 835/2718/835 801/2719/801 797/2720/797 796/2721/796
f 835/2722/835 833/2723/833 832/2724/832 801/2725/801
f 832/2726/832 806/2727/806 802/2728/802 801/2729/801
f 832/2730/832 830/2731/830 829/2732/829 806/2733/806
f 829/2734/829 811/2735/811 807/2736/807 806/2737/806
f 829/2738/829 827/2739/827 826/2740/826 811/2741/811
f 826/2742/826 814/2743/814 812/2744/812 811/2745/811
f 826/2746/826 824/2747/824 816/2748/816 814/2749/814
f 810/2750/810 809/2751/809 758/2752/750 757/2753/749
f 791/2754/791 787/2755/787 777/2756/776 774/2757/772
s 33
f 839/2758/839 844/2759/840 851/2760/841 852/2761/842
f 839/2762/839 853/2763/843 854/2764/844 844/2765/840
f 839/2766/839 852/2767/842 842/2768/845 855/2769/846
f 840/2770/847 856/2771/848 857/2772/849 858/2773/850
f 840/2774/847 858/2775/850 859/2776/851 860/2777/852
f 840/2778/847 860/2779/852 861/2780/853 862/2781/854
f 841/2782/855 863/2783/856 864/2784/857 865/2785/858
f 841/2786/855 866/2787/859 867/2788/860 863/2789/856
f 841/2790/855 865/2791/858 868/2792/861 866/2793/859
f 842/2794/845 869/2795/862 870/2796/863 855/2797/846
f 842/2798/845 852/2799/842 871/2800/864 869/2801/862
f 843/2802/865 872/2803/866 858/2804/850 857/2805/849
f 843/2806/865 873/2807/867 874/2808/868 872/2809/866
f 844/2810/840 854/2811/844 875/2812/869 851/2813/841
f 840/2814/847 862/2815/854 876/2816/870 856/2817/848
f 845/2818/871 877/2819/872 878/2820/873 879/2821/874
f 845/2822/871 879/2823/874 855/2824/846 870/2825/863
f 845/2826/871 870/2827/863 880/2828/875 877/2829/872
f 846/2830/876 875/2831/869 881/2832/877 882/2833/878
f 846/2834/876 883/2835/879 851/2836/841 875/2837/869
f 846/2838/876 882/2839/878 884/2840/880 883/2841/879
f 839/2842/839 855/2843/846 879/2844/874 853/2845/843
f 884/2846/880 882/2847/878 885/2848/881 886/2849/882
f 884/2850/880 886/2851/882 887/2852/883 888/2853/884
f 884/2854/880 888/2855/884 871/2856/864 883/2857/879
f 888/2858/884 887/2859/883 889/2860/885 890/2861/886
f 888/2862/884 890/2863/886 869/2864/862 871/2865/864
f 890/2866/886 889/2867/885 891/2868/887 880/2869/875
f 890/2870/886 880/2871/875 870/2872/863 869/2873/862
f 891/2874/887 889/2875/885 892/2876/888 893/2877/889
f 891/2878/887 893/2879/889 894/2880/890 895/2881/891
f 891/2882/887 895/2883/891 877/2884/872 880/2885/875
f 895/2886/891 894/2887/890 896/2888/892 897/2889/893
f 895/2890/891 897/2891/893 878/2892/873 877/2893/872
f 897/2894/893 896/2895/892 898/2896/894 899/2897/895
f 897/2898/893 899/2899/895 900/2900/896 878/2901/873
f 900/2902/896 853/2903/843 879/2904/874 878/2905/873
f 900/2906/896 899/2907/895 901/2908/897 902/2909/898
f 900/2910/896 902/2911/898 854/2912/844 853/2913/843
f 902/2914/898 901/2915/897 903/2916/899 881/2917/877
f 902/2918/898 881/2919/877 875/2920/869 854/2921/844
f 903/2922/899 901/2923/897 904/2924/900 905/2925/901
f 903/2926/899 905/2927/901 906/2928/902 885/2929/881
f 903/2930/899 885/2931/881 882/2932/878 881/2933/877
f 906/2934/902 905/2935/901 907/2936/903 908/2937/904
f 906/2938/902 908/2939/904 909/2940/905 910/2941/906
f 906/2942/902 910/2943/906 886/2944/882 885/2945/881
f 910/2946/906 909/2947/905 911/2948/907 912/2949/908
f 910/2950/906 912/2951/908 887/2952/883 886/2953/882
f 912/2954/908 911/2955/907 913/2956/909 892/2957/888
f 912/2958/908 892/2959/888 889/2960/885 887/2961/883
f 913/2962/909 911/2963/907 914/2964/910 915/2965/911
f 913/2966/909 915/2967/911 916/2968/912 917/2969/913
f 913/2970/909 917/2971/913 893/2972/889 892/2973/888
f 917/2974/913 916/2975/912 918/2976/914 919/2977/915
f 917/2978/913 919/2979/915 894/2980/890 893/2981/889
f 919/2982/915 918/2983/914 920/2984/916 921/2985/917
f 919/2986/915 921/2987/917 896/2988/892 894/2989/890
f 921/2990/917 920/2991/916 922/2992/918 923/2993/919
f 921/2994/917 923/2995/919 898/2996/894 896/2997/892
f 923/2998/919 922/2999/918 924/3000/920 925/3001/921
f 923/3002/919 925/3003/921 904/3004/900 898/3005/894
f 925/3006/921 924/3007/920 926/3008/922 907/3009/903
f 925/3010/921 907/3011/903 905/3012/901 904/3013/900
f 926/3014/922 924/3015/920 927/3016/923 928/3017/924
f 926/3018/922 928/3019/924 929/3020/925 930/3021/926
f 926/3022/922 930/3023/926 908/3024/904 907/3025/903
f 930/3026/926 929/3027/925 931/3028/927 932/3029/928
f 930/3030/926 932/3031/928 909/3032/905 908/3033/904
f 932/3034/928 931/3035/927 933/3036/929 914/3037/910
f 932/3038/928 914/3039/910 911/3040/907 909/3041/905
f 933/3042/929 931/3043/927 934/3044/930 935/3045/931
f 933/3046/929 935/3047/931 936/3048/932 937/3049/933
f 933/3050/929 937/3051/933 915/3052/911 914/3053/910
f 937/3054/933 936/3055/932 938/3056/934 939/3057/935
f 937/3058/933 939/3059/935 916/3060/912 915/3061/911
f 939/3062/935 938/3063/934 940/3064/936 941/3065/937
f 939/3066/935 941/3067/937 918/3068/914 916/3069/912
f 941/3070/937 940/3071/936 942/3072/938 943/3073/939
f 941/3074/937 943/3075/939 920/3076/916 918/3077/914
f 943/3078/939 942/3079/938 944/3080/940 945/3081/941
f 943/3082/939 945/3083/941 922/3084/918 920/3085/916
f 945/3086/941 944/3087/940 946/3088/942 927/3089/923
f 945/3090/941 927/3091/923 924/3092/920 922/3093/918
f 946/3094/942 944/3095/940 947/3096/943 948/3097/944
f 946/3098/942 948/3099/944 949/3100/945 950/3101/946
f 946/3102/942 950/3103/946 928/3104/924 927/3105/923
f 950/3106/946 949/3107/945 951/3108/947 952/3109/948
f 950/3110/946 952/3111/948 929/3112/925 928/3113/924
f 952/3114/948 951/3115/947 953/3116/949 934/3117/930
f 952/3118/948 934/3119/930 931/3120/927 929/3121/925
f 953/3122/949 951/3123/947 954/3124/950 955/3125/951
f 953/3126/949 955/3127/951 956/3128/952 957/3129/953
f 953/3130/949 957/3131/953 935/3132/931 934/3133/930
f 957/3134/953 956/3135/952 958/3136/954 959/3137/955
f 957/3138/953 959/3139/955 936/3140/932 935/3141/931
f 959/3142/955 958/3143/954 960/3144/956 961/3145/957
f 959/3146/955 961/3147/957 938/3148/934 936/3149/932
f 961/3150/957 960/3151/956 962/3152/958 963/3153/959
f 961/3154/957 963/3155/959 940/3156/936 938/3157/934
f 963/3158/959 962/3159/958 964/3160/960 965/3161/961
f 963/3162/959 965/3163/961 942/3164/938 940/3165/936
f 965/3166/961 964/3167/960 966/3168/962 947/3169/943
f 965/3170/961 947/3171/943 944/3172/940 942/3173/938
f 966/3174/962 964/3175/960 967/3176/963 968/3177/964
f 966/3178/962 968/3179/964 969/3180/965 970/3181/966
f 966/3182/962 970/3183/966 948/3184/944 947/3185/943
f 970/3186/966 969/3187/965 971/3188/967 972/3189/968
f 970/3190/966 972/3191/968 949/3192/945 948/3193/944
f 972/3194/968 971/3195/967 973/3196/969 954/3197/950
f 972/3198/968 954/3199/950 951/3200/947 949/3201/945
f 973/3202/969 971/3203/967 974/3204/970 975/3205/971
f 973/3206/969 975/3207/971 976/3208/972 977/3209/973
f 973/3210/969 977/3211/973 955/3212/951 954/3213/950
f 977/3214/973 976/3215/972 978/3216/974 979/3217/975
f 977/3218/973 979/3219/975 956/3220/952 955/3221/951
f 979/3222/975 978/3223/974 980/3224/976 981/3225/977
f 979/3226/975 981/3227/977 958/3228/954 956/3229/952
f 981/3230/977 980/3231/976 982/3232/978 983/3233/979
f 981/3234/977 983/3235/979 960/3236/956 958/3237/954
f 983/3238/979 982/3239/978 984/3240/980 985/3241/981
f 983/3242/979 985/3243/981 962/3244/958 960/3245/956
f 985/3246/981 984/3247/980 986/3248/982 967/3249/963
f 985/3250/981 967/3251/963 964/3252/960 962/3253/958
f 986/3254/982 984/3255/980 987/3256/983 988/3257/984
f 986/3258/982 988/3259/984 989/3260/985 990/3261/986
f 986/3262/982 990/3263/986 968/3264/964 967/3265/963
f 990/3266/986 989/3267/985 991/3268/987 992/3269/988
f 990/3270/986 992/3271/988 969/3272/965 968/3273/964
f 992/3274/988 991/3275/987 993/3276/989 974/3277/970
f 992/3278/988 974/3279/970 971/3280/967 969/3281/965
f 993/3282/989 991/3283/987 994/3284/990 995/3285/991
f 993/3286/989 995/3287/991 996/3288/992 997/3289/993
f 993/3290/989 997/3291/993 975/3292/971 974/3293/970
f 997/3294/993 996/3295/992 998/3296/994 999/3297/995
f 997/3298/993 999/3299/995 976/3300/972 975/3301/971
f 999/3302/995 998/3303/994 1000/3304/996 1001/3305/997
f 999/3306/995 1001/3307/997 978/3308/974 976/3309/972
f 1001/3310/997 1000/3311/996 1002/3312/998 1003/3313/999
f 1001/3314/997 1003/3315/999 980/3316/976 978/3317/974
f 1003/3318/999 1002/3319/998 1004/3320/1000 1005/3321/1001
f 1003/3322/999 1005/3323/1001 982/3324/978 980/3325/976
f 1005/3326/1001 1004/3327/1000 1006/3328/1002 987/3329/983
f 1005/3330/1001 987/3331/983 984/3332/980 982/3333/978
f 1006/3334/1002 1004/3335/1000 1007/3336/1003 1008/3337/1004
f 1006/3338/1002 1008/3339/1004 1009/3340/1005 1010/3341/1006
f 1006/3342/1002 1010/3343/1006 988/3344/984 987/3345/983
f 1010/3346/1006 1009/3347/1005 1011/3348/1007 1012/3349/1008
f 1010/3350/1006 1012/3351/1008 989/3352/985 988/3353/984
f 1012/3354/1008 1011/3355/1007 1013/3356/1009 994/3357/990
f 1012/3358/1008 994/3359/990 991/3360/987 989/3361/985
f 1013/3362/1009 1011/3363/1007 1014/3364/1010 1015/3365/1011
f 1013/3366/1009 1015/3367/1011 1016/3368/1012 1017/3369/1013
f 1013/3370/1009 1017/3371/1013 995/3372/991 994/3373/990
f 1017/3374/1013 1016/3375/1012 1018/3376/1014 1019/3377/1015
f 1017/3378/1013 1019/3379/1015 996/3380/992 995/3381/991
f 1019/3382/1015 1018/3383/1014 1020/3384/1016 1021/3385/1017
f 1019/3386/1015 1021/3387/1017 998/3388/994 996/3389/992
f 1021/3390/1017 1020/3391/1016 1022/3392/1018 1023/3393/1019
f 1021/3394/1017 1023/3395/1019 1000/3396/996 998/3397/994
f 1023/3398/1019 1022/3399/1018 1024/3400/1020 1025/3401/1021
f 1023/3402/1019 1025/3403/1021 1002/3404/998 1000/3405/996
f 1025/3406/1021 1024/3407/1020 1026/3408/1022 1007/3409/1003
f 1025/3410/1021 1007/3411/1003 1004/3412/1000 1002/3413/998
f 1026/3414/1022 1024/3415/1020 1027/3416/1023 1028/3417/1024
f 1026/3418/1022 1028/3419/1024 1029/3420/1025 1030/3421/1026
f 1026/3422/1022 1030/3423/1026 1008/3424/1004 1007/3425/1003
f 1030/3426/1026 1029/3427/1025 1031/3428/1027 1032/3429/1028
f 1030/3430/1026 1032/3431/1028 1009/3432/1005 1008/3433/1004
f 1032/3434/1028 1031/3435/1027 1033/3436/1029 1014/3437/1010
f 1032/3438/1028 1014/3439/1010 1011/3440/1007 1009/3441/1005
f 1033/3442/1029 1031/3443/1027 1034/3444/1030 1035/3445/1031
f 1033/3446/1029 1035/3447/1031 1036/3448/1032 1037/3449/1033
f 1033/3450/1029 1037/3451/1033 1015/3452/1011 1014/3453/1010
f 1037/3454/1033 1036/3455/1032 1038/3456/1034 1039/3457/1035
f 1037/3458/1033 1039/3459/1035 1016/3460/1012 1015/3461/1011
f 1039/3462/1035 1038/3463/1034 1040/3464/1036 1041/3465/1037
f 1039/3466/1035 1041/3467/1037 1018/3468/1014 1016/3469/1012
f 1041/3470/1037 1040/3471/1036 1042/3472/1038 1043/3473/1039
f 1041/3474/1037 1043/3475/1039 1020/3476/1016 1018/3477/1014
f 1043/3478/1039 1042/3479/1038 1044/3480/1040 1045/3481/1041
f 1043/3482/1039 1045/3483/1041 1022/3484/1018 1020/3485/1016
f 1045/3486/1041 1044/3487/1040 1046/3488/1042 1027/3489/1023
f 1045/3490/1041 1027/3491/1023 1024/3492/1020 1022/3493/1018
f 1046/3494/1042 1044/3495/1040 1047/3496/1043 1048/3497/1044
f 1046/3498/1042 1048/3499/1044 1049/3500/1045 1050/3501/1046
f 1046/3502/1042 1050/3503/1046 1028/3504/1024 1027/3505/1023
f 1050/3506/1046 1049/3507/1045 1051/3508/1047 1052/3509/1048
f 1050/3510/1046 1052/3511/1048 1029/3512/1025 1028/3513/1024
f 1052/3514/1048 1051/3515/1047 1053/3516/1049 1034/3517/1030
f 1052/3518/1048 1034/3519/1030 1031/3520/1027 1029/3521/1025
f 1053/3522/1049 1051/3523/1047 1054/3524/1050 1055/3525/1051
f 1053/3526/1049 1055/3527/1051 1056/3528/1052 1057/3529/1053
f 1053/3530/1049 1057/3531/1053 1035/3532/1031 1034/3533/1030
f 1057/3534/1053 1056/3535/1052 1058/3536/1054 1059/3537/1055
f 1057/3538/1053 1059/3539/1055 1036/3540/1032 1035/3541/1031
f 1059/3542/1055 1058/3543/1054 1060/3544/1056 1061/3545/1057
f 1059/3546/1055 1061/3547/1057 1038/3548/1034 1036/3549/1032
f 1061/3550/1057 1060/3551/1056 1062/3552/1058 1063/3553/1059
f 1061/3554/1057 1063/3555/1059 1040/3556/1036 1038/3557/1034
f 1063/3558/1059 1062/3559/1058 1064/3560/1060 1065/3561/1061
f 1063/3562/1059 1065/3563/1061 1042/3564/1038 1040/3565/1036
f 1065/3566/1061 1064/3567/1060 1066/3568/1062 1047/3569/1043
f 1065/3570/1061 1047/3571/1043 1044/3572/1040 1042/3573/1038
f 1066/3574/1062 1064/3575/1060 1067/3576/1063 1068/3577/1064
f 1066/3578/1062 1068/3579/1064 1069/3580/1065 1070/3581/1066
f 1066/3582/1062 1070/3583/1066 1048/3584/1044 1047/3585/1043
f 1070/3586/1066 1069/3587/1065 1071/3588/1067 1072/3589/1068
f 1070/3590/1066 1072/3591/1068 1049/3592/1045 1048/3593/1044
f 1072/3594/1068 1071/3595/1067 1073/3596/1069 1054/3597/1050
f 1072/3598/1068 1054/3599/1050 1051/3600/1047 1049/3601/1045
f 1073/3602/1069 1071/3603/1067 1074/3604/1070 1075/3605/1071
f 1073/3606/1069 1075/3607/1071 1076/3608/1072 1077/3609/1073
f 1073/3610/1069 1077/3611/1073 1055/3612/1051 1054/3613/1050
f 1077/3614/1073 1076/3615/1072 1078/3616/1074 1079/3617/1075
f 1077/3618/1073 1079/3619/1075 1056/3620/1052 1055/3621/1051
f 1079/3622/1075 1078/3623/1074 1080/3624/1076 1081/3625/1077
f 1079/3626/1075 1081/3627/1077 1058/3628/1054 1056/3629/1052
f 1081/3630/1077 1080/3631/1076 1082/3632/1078 1083/3633/1079
f 1081/3634/1077 1083/3635/1079 1060/3636/1056 1058/3637/1054
f 1082/3638/1078 1080/3639/1076 861/3640/853 1084/3641/1080
f 1082/3642/1078 1084/3643/1080 1085/3644/1081 1086/3645/1082
f 1082/3646/1078 1086/3647/1082 1087/3648/1083 1083/3649/1079
f 1086/3650/1082 1085/3651/1081 1088/3652/1084 1089/3653/1085
f 1086/3654/1082 1089/3655/1085 1090/3656/1086 1087/3657/1083
f 1089/3658/1085 1088/3659/1084 1091/3660/1087 1092/3661/1088
f 1089/3662/1085 1092/3663/1088 1093/3664/1089 1090/3665/1086
f 1092/3666/1088 1091/3667/1087 1094/3668/1090 1095/3669/1091
f 1092/3670/1088 1095/3671/1091 1067/3672/1063 1093/3673/1089
f 1095/3674/1091 1094/3675/1090 1096/3676/1092 1097/3677/1093
f 1095/3678/1091 1097/3679/1093 1068/3680/1064 1067/3681/1063
f 1097/3682/1093 1096/3683/1092 1098/3684/1094 1099/3685/1095
f 1097/3686/1093 1099/3687/1095 1069/3688/1065 1068/3689/1064
f 1099/3690/1095 1098/3691/1094 1100/3692/1096 1074/3693/1070
f 1099/3694/1095 1074/3695/1070 1071/3696/1067 1069/3697/1065
f 1100/3698/1096 1098/3699/1094 1101/3700/1097 1102/3701/1098
f 1100/3702/1096 1102/3703/1098 1103/3704/1099 1104/3705/1100
f 1100/3706/1096 1104/3707/1100 1075/3708/1071 1074/3709/1070
f 1104/3710/1100 1103/3711/1099 856/3712/848 876/3713/870
f 1104/3714/1100 876/3715/870 1076/3716/1072 1075/3717/1071
f 1103/3718/1099 1102/3719/1098 1105/3720/1101 1106/3721/1102
f 1103/3722/1099 1106/3723/1102 857/3724/849 856/3725/848
f 1106/3726/1102 1105/3727/1101 1107/3728/1103 873/3729/867
f 1106/3730/1102 873/3731/867 843/3732/865 857/3733/849
f 1107/3734/1103 1105/3735/1101 1108/3736/1104 1109/3737/1105
f 1107/3738/1103 1109/3739/1105 848/3740/1106 1110/3741/1107
f 1107/3742/1103 1110/3743/1107 874/3744/868 873/3745/867
f 1110/3746/1107 848/3747/1106 847/3748/1108 1111/3749/1109
f 1110/3750/1107 1111/3751/1109 1112/3752/1110 874/3753/868
f 1112/3754/1110 1111/3755/1109 1113/3756/1111 864/3757/857
f 1112/3758/1110 864/3759/857 863/3760/856 1114/3761/1112
f 1112/3762/1110 1114/3763/1112 872/3764/866 874/3765/868
f 1114/3766/1112 859/3767/851 858/3768/850 872/3769/866
f 1114/3770/1112 863/3771/856 867/3772/860 859/3773/851
f 1113/3774/1111 1115/3775/1113 865/3776/858 864/3777/857
f 1113/3778/1111 1111/3779/1109 847/3780/1108 850/3781/1114
f 1113/3782/1111 850/3783/1114 1116/3784/1115 1115/3785/1113
f 1116/3786/1115 1117/3787/1116 1118/3788/1117 1115/3789/1113
f 1116/3790/1115 850/3791/1114 849/3792/1118 1119/3793/1119
f 1116/3794/1115 1119/3795/1119 1120/3796/1120 1117/3797/1116
f 1120/3798/1120 1121/3799/1121 1122/3800/1122 1117/3801/1116
f 1120/3802/1120 1119/3803/1119 1109/3804/1105 1108/3805/1104
f 1120/3806/1120 1108/3807/1104 1101/3808/1097 1121/3809/1121
f 1122/3810/1122 1094/3811/1090 1091/3812/1087 1123/3813/1123
f 1122/3814/1122 1123/3815/1123 1118/3816/1117 1117/3817/1116
f 1122/3818/1122 1121/3819/1121 1096/3820/1092 1094/3821/1090
f 1123/3822/1123 1091/3823/1087 1088/3824/1084 1124/3825/1124
f 1123/3826/1123 1124/3827/1124 868/3828/861 1118/3829/1117
f 1124/3830/1124 1088/3831/1084 1085/3832/1081 1125/3833/1125
f 1124/3834/1124 1125/3835/1125 866/3836/859 868/3837/861
f 1125/3838/1125 1085/3839/1081 1084/3840/1080 1126/3841/1126
f 1125/3842/1125 1126/3843/1126 867/3844/860 866/3845/859
f 1126/3846/1126 1084/3847/1080 861/3848/853 860/3849/852
f 1126/3850/1126 860/3851/852 859/3852/851 867/3853/860
f 1121/3854/1121 1101/3855/1097 1098/3856/1094 1096/3857/1092
f 1119/3858/1119 849/3859/1118 848/3860/1106 1109/3861/1105
f 1118/3862/1117 868/3863/861 865/3864/858 1115/3865/1113
f 1108/3866/1104 1105/3867/1101 1102/3868/1098 1101/3869/1097
f 1080/3870/1076 1078/3871/1074 862/3872/854 861/3873/853
f 1078/3874/1074 1076/3875/1072 876/3876/870 862/3877/854
f 1067/3878/1063 1064/3879/1060 1062/3880/1058 1093/3881/1089
f 904/3882/900 901/3883/897 899/3884/895 898/3885/894
f 883/3886/879 871/3887/864 852/3888/842 851/3889/841
f 847/3890/1108 848/3891/1106 849/3892/1118 850/3893/1114
f 1087/3894/1083 1090/3895/1086 1128/3896/1127 1127/3897/1128
f 1093/3898/1089 1062/3899/1058 1128/3900/1127 1090/3901/1086
f 1127/3902/1128 1128/3903/1127 1062/3904/1058 1060/3905/1056
f 1083/3906/1079 1087/3907/1083 1127/3908/1128 1060/3909/1056
s 37
f 1129/3910/1129 1140/3911/1130 1141/3912/1131 1142/3913/1132
f 1129/3914/1129 1142/3915/1132 1143/3916/1133 1132/3917/1134
f 1129/3918/1129 1132/3919/1134 1144/3920/1135 1140/3921/1130
f 1130/3922/1136 1145/3923/1137 1146/3924/1138 1136/3925/1139
f 1130/3926/1136 1133/3927/1140 1147/3928/1141 1145/3929/1137
f 1130/3930/1136 1143/3931/1133 1148/3932/1142 1133/3933/1140
f 1130/3934/1136 1144/3935/1135 1132/3936/1134 1143/3937/1133
f 1130/3938/1136 1136/3939/1139 1149/3940/1143 1144/3941/1135
f 1131/3942/1144 1150/3943/1145 1151/3944/1146 1152/3945/1147
f 1131/3946/1144 1146/3947/1138 1145/3948/1137 1150/3949/1145
f 1131/3950/1144 1152/3951/1147 1153/3952/1148 1146/3953/1138
f 1133/3954/1140 1148/3955/1142 1154/3956/1149 1147/3957/1141
f 1134/3958/1150 1157/3959/1151 1158/3960/1152 1159/3961/1153
f 1134/3962/1150 1160/3963/1154 1141/3964/1131 1157/3965/1151
f 1134/3966/1150 1159/3967/1153 1139/3968/1155 1160/3969/1154
f 1135/3970/1156 1161/3971/1157 1160/3972/1154 1139/3973/1155
f 1135/3974/1156 1139/3975/1155 1138/3976/1158 1154/3977/1149
f 1135/3978/1156 1154/3979/1149 1148/3980/1142 1161/3981/1157
f 1136/3982/1139 1146/3983/1138 1153/3984/1148 1149/3985/1143
f 1137/3986/1159 1162/3987/1160 1149/3988/1143 1153/3989/1148
f 1137/3990/1159 1153/3991/1148 1152/3992/1147 1158/3993/1152
f 1137/3994/1159 1158/3995/1152 1157/3996/1151 1162/3997/1160
f 1138/3998/1158 1156/3999/1161 1147/4000/1141 1154/4001/1149
f 1139/4002/1155 1159/4003/1153 1151/4004/1146 1155/4005/1162
f 1162/4006/1160 1157/4007/1151 1141/4008/1131 1140/4009/1130
f 1162/4010/1160 1140/4011/1130 1144/4012/1135 1149/4013/1143
f 1161/4014/1157 1142/4015/1132 1141/4016/1131 1160/4017/1154
f 1161/4018/1157 1148/4019/1142 1143/4020/1133 1142/4021/1132
f 1159/4022/1153 1158/4023/1152 1152/4024/1147 1151/4025/1146
f 1156/4026/1161 1150/4027/1145 1145/4028/1137 1147/4029/1141
f 1156/4030/1161 1155/4031/1162 1151/4032/1146 1150/4033/1145
f 1138/4034/1158 1139/4035/1155 1155/4036/1162 1156/4037/1161
s 40
f 1163/4038/1163 1178/4039/1164 1179/4040/1165 1177/4041/1166
f 1163/4042/1163 1177/4043/1166 1180/4044/1167 1181/4045/1168
f 1163/4046/1163 1181/4047/1168 1182/4048/1169 1178/4049/1164
f 1164/4050/1170 1178/4051/1164 1182/4052/1169 1183/4053/1171
f 1164/4054/1170 1184/4055/1172 1179/4056/1165 1178/4057/1164
f 1164/4058/1170 1183/4059/1171 1185/4060/1173 1184/4061/1172
f 1165/4062/1174 1186/4063/1175 1187/4064/1176 1175/4065/1177
f 1165/4066/1174 1188/4067/1178 1189/4068/1179 1186/4069/1175
f 1165/4070/1174 1175/4071/1177 1190/4072/1180 1188/4073/1178
f 1166/4074/1181 1171/4075/1182 1189/4076/1179 1188/4077/1178
f 1166/4078/1181 1188/4079/1178 1190/4080/1180 1169/4081/1183
f 1166/4082/1181 1170/4083/1184 1177/4084/1166 1171/4085/1182
f 1166/4086/1181 1169/4087/1183 1191/4088/1185 1192/4089/1186
f 1167/4090/1187 1193/4091/1188 1194/4092/1189 1195/4093/1190
f 1167/4094/1187 1196/4095/1191 1192/4096/1186 1193/4097/1188
f 1167/4098/1187 1172/4099/1192 1180/4100/1167 1196/4101/1191
f 1168/4102/1193 1173/4103/1194 1191/4104/1185 1176/4105/1195
f 1168/4106/1193 1194/4107/1189 1193/4108/1188 1173/4109/1194
f 1168/4110/1193 1176/4111/1195 1197/4112/1196 1194/4113/1189
f 1169/4114/1183 1190/4115/1180 1176/4116/1195 1191/4117/1185
f 1170/4118/1184 1166/4119/1181 1192/4120/1186 1196/4121/1191
f 1170/4122/1184 1196/4123/1191 1180/4124/1167 1177/4125/1166
f 1172/4126/1192 1198/4127/1197 1181/4128/1168 1180/4129/1167
f 1172/4130/1192 1167/4131/1187 1195/4132/1190 1198/4133/1197
f 1173/4134/1194 1193/4135/1188 1192/4136/1186 1191/4137/1185
f 1174/4138/1198 1182/4139/1169 1181/4140/1168 1198/4141/1197
f 1174/4142/1198 1198/4143/1197 1195/4144/1190 1199/4145/1199
f 1174/4146/1198 1199/4147/1199 1183/4148/1171 1182/4149/1169
f 1171/4150/1182 1177/4151/1166 1179/4152/1165 1189/4153/1179
f 1175/4154/1177 1187/4155/1176 1176/4156/1195 1190/4157/1180
f 1199/4158/1199 1195/4159/1190 1194/4160/1189 1197/4161/1196
f 1199/4162/1199 1197/4163/1196 1185/4164/1173 1183/4165/1171
f 1197/4166/1196 1176/4167/1195 1187/4168/1176 1185/4169/1173
f 1189/4170/1179 1179/4171/1165 1184/4172/1172 1186/4173/1175
f 1187/4174/1176 1186/4175/1175 1184/4176/1172 1185/4177/1173
s 43
f 1200/4178/1200 1211/4179/1201 1212/4180/1202 1213/4181/1203
f 1200/4182/1200 1205/4183/1204 1214/4184/1205 1211/4185/1201
f 1200/4186/1200 1215/4187/1206 1216/4188/1207 1205/4189/1204
f 1200/4190/1200 1213/4191/1203 1217/4192/1208 1215/4193/1206
f 1201/4194/1209 1213/4195/1203 1212/4196/1202 1218/4197/1210
f 1201/4198/1209 1218/4199/1210 1219/4200/1211 1220/4201/1212
f 1201/4202/1209 1220/4203/1212 1217/4204/1208 1213/4205/1203
f 1202/4206/1213 1221/4207/1214 1222/4208/1215 1223/4209/1216
f 1202/4210/1213 1224/4211/1217 1225/4212/1218 1221/4213/1214
f 1202/4214/1213 1223/4215/1216 1226/4216/1219 1224/4217/1217
f 1203/4218/1220 1215/4219/1206 1217/4220/1208 1227/4221/1221
f 1203/4222/1220 1227/4223/1221 1228/4224/1222 1229/4225/1223
f 1203/4226/1220 1229/4227/1223 1216/4228/1207 1215/4229/1206
f 1204/4230/1224 1230/4231/1225 1231/4232/1226 1232/4233/1227
f 1204/4234/1224 1232/4235/1227 1220/4236/1212 1219/4237/1211
f 1204/4238/1224 1219/4239/1211 1226/4240/1219 1230/4241/1225
f 1205/4242/1204 1216/4243/1207 1233/4244/1228 1214/4245/1205
f 1206/4246/1229 1234/4247/1230 1235/4248/1231 1236/4249/1232
f 1206/4250/1229 1228/4251/1222 1231/4252/1226 1234/4253/1230
f 1206/4254/1229 1236/4255/1232 1229/4256/1223 1228/4257/1222
f 1236/4258/1232 1235/4259/1231 1237/4260/1233 1233/4261/1228
f 1236/4262/1232 1233/4263/1228 1216/4264/1207 1229/4265/1223
f 1237/4266/1233 1208/4267/1234 1207/4268/1235 1238/4269/1236
f 1237/4270/1233 1238/4271/1236 1214/4272/1205 1233/4273/1228
f 1237/4274/1233 1235/4275/1231 1239/4276/1237 1208/4277/1234
f 1239/4278/1237 1222/4279/1215 1209/4280/1238 1208/4281/1234
f 1239/4282/1237 1235/4283/1231 1234/4284/1230 1240/4285/1239
f 1239/4286/1237 1240/4287/1239 1223/4288/1216 1222/4289/1215
f 1240/4290/1239 1234/4291/1230 1231/4292/1226 1230/4293/1225
f 1240/4294/1239 1230/4295/1225 1226/4296/1219 1223/4297/1216
f 1238/4298/1236 1207/4299/1235 1210/4300/1240 1241/4301/1241
f 1238/4302/1236 1241/4303/1241 1211/4304/1201 1214/4305/1205
f 1241/4306/1241 1210/4307/1240 1221/4308/1214 1225/4309/1218
f 1241/4310/1241 1225/4311/1218 1212/4312/1202 1211/4313/1201
f 1232/4314/1227 1231/4315/1226 1228/4316/1222 1227/4317/1221
f 1232/4318/1227 1227/4319/1221 1217/4320/1208 1220/4321/1212
f 1226/4322/1219 1219/4323/1211 1218/4324/1210 1224/4325/1217
f 1225/4326/1218 1224/4327/1217 1218/4328/1210 1212/4329/1202
f 1222/4330/1215 1221/4331/1214 1210/4332/1240 1209/4333/1238
f 1207/4334/1235 1208/4335/1234 1209/4336/1238 1210/4337/1240
s 47
f 1242/4338/1242 1257/4339/1243 1258/4340/1244 1259/4341/1245
f 1242/4342/1242 1259/4343/1245 1260/4344/1246 1261/4345/1247
f 1242/4346/1242 1261/4347/1247 1262/4348/1248 1251/4349/1249
f 1242/4350/1242 1253/4351/1250 1256/4352/1251 1257/4353/1243
f 1243/4354/1252 1263/4355/1253 1264/4356/1254 1250/4357/1255
f 1243/4358/1252 1250/4359/1255 1265/4360/1256 1252/4361/1257
f 1243/4362/1252 1252/4363/1257 1266/4364/1258 1263/4365/1253
f 1244/4366/1259 1264/4367/1254 1261/4368/1247 1260/4369/1246
f 1244/4370/1259 1260/4371/1246 1267/4372/1260 1249/4373/1261
f 1244/4374/1259 1249/4375/1261 1250/4376/1255 1264/4377/1254
f 1245/4378/1262 1268/4379/1263 1256/4380/1251 1253/4381/1250
f 1245/4382/1262 1253/4383/1250 1242/4384/1242 1251/4385/1249
f 1245/4386/1262 1251/4387/1249 1262/4388/1248 1268/4389/1263
f 1246/4390/1264 1269/4391/1265 1258/4392/1244 1257/4393/1243
f 1246/4394/1264 1248/4395/1266 1270/4396/1267 1269/4397/1265
f 1246/4398/1264 1257/4399/1243 1256/4400/1251 1248/4401/1266
f 1247/4402/1268 1254/4403/1269 1271/4404/1270 1255/4405/1271
f 1247/4406/1268 1259/4407/1245 1258/4408/1244 1254/4409/1269
f 1247/4410/1268 1255/4411/1271 1272/4412/1272 1267/4413/1260
f 1247/4414/1268 1267/4415/1260 1260/4416/1246 1259/4417/1245
f 1248/4418/1266 1256/4419/1251 1273/4420/1273 1270/4421/1267
f 1249/4422/1261 1267/4423/1260 1272/4424/1272 1250/4425/1255
f 1250/4426/1255 1272/4427/1272 1274/4428/1274 1265/4429/1256
f 1252/4430/1257 1265/4431/1256 1273/4432/1273 1266/4433/1258
f 1254/4434/1269 1258/4435/1244 1269/4436/1265 1271/4437/1270
f 1255/4438/1271 1271/4439/1270 1274/4440/1274 1272/4441/1272
f 1274/4442/1274 1271/4443/1270 1269/4444/1265 1270/4445/1267
f 1274/4446/1274 1270/4447/1267 1273/4448/1273 1265/4449/1256
f 1273/4450/1273 1256/4451/1251 1268/4452/1263 1266/4453/1258
f 1268/4454/1263 1262/4455/1248 1263/4456/1253 1266/4457/1258
f 1264/4458/1254 1263/4459/1253 1262/4460/1248 1261/4461/1247
