# This file uses centimeters as units for non-parametric coordinates.

mtllib Sarkofag N.mtl
g default
v -20.343451 6.287495 4.038332
v -6.235182 200.202637 3.542289
v -5.430923 196.102722 5.493543
v -22.465649 3.880715 40.528255
v -17.939009 9.686065 8.380749
v -21.688663 4.763502 9.537292
v -20.987241 11.555365 10.920982
v -19.823601 11.954986 3.699405
v -14.877785 10.685816 0.367708
v -15.044992 4.339797 2.947565
v -16.080000 1.764069 9.849632
v -7.782498 194.930222 2.103960
v -11.751517 196.513205 6.304137
v -7.870263 202.168216 7.696641
v -1.887843 204.966808 7.358113
v -1.887843 202.079336 3.373432
v -1.887843 192.801169 1.193502
v -1.887843 197.751288 5.100971
v -1.887843 201.202069 7.778064
v -6.343469 198.761247 8.214405
v -6.072538 191.777404 4.727264
v -1.887843 190.297526 4.521442
v -9.708750 193.349028 7.662053
v -20.369920 9.820395 40.593912
v -21.777917 9.892158 36.686276
v -23.095962 3.314640 36.786072
v -17.021214 0.258910 36.723579
v -16.661820 1.700359 40.866116
v -14.914881 7.455349 5.522923
v -13.835932 13.449648 3.812202
v -16.567317 14.007545 7.729564
v -18.739497 8.217286 12.395587
v -15.701679 4.785886 12.119236
v -17.024985 12.600004 13.762019
v -17.516759 11.255993 20.184130
v -19.461240 6.674468 19.579927
v -15.688888 19.218167 8.326528
v -15.843186 18.727631 14.546292
v -15.871156 17.348850 21.222949
v -15.774371 16.384813 27.959404
v -17.865631 10.380863 27.265479
v -15.831092 25.426352 15.027623
v -15.918065 24.742907 21.834223
v -15.902992 24.181060 28.546007
v -15.846272 23.931149 34.131151
v -15.570871 16.044335 33.718103
v -16.141296 32.087434 22.221549
v -16.166287 31.783256 28.913876
v -16.136035 31.646764 34.427951
v -16.178381 31.562323 38.824517
v -15.909045 23.817405 38.534467
v -16.948616 39.260524 28.956945
v -16.922833 39.146722 34.473949
v -16.910042 39.117229 38.914700
v -19.536911 38.872886 40.614782
v -18.856710 31.340462 40.744705
v -17.758928 46.412898 34.432548
v -17.730166 46.310482 38.800737
v -20.160285 46.248182 40.722849
v -21.246079 46.257653 36.725950
v -20.323709 38.800800 36.639375
v -16.556713 53.468630 38.903624
v -19.286514 53.490555 40.728003
v -20.022632 53.455805 36.574827
v -20.176244 53.414323 31.654226
v -21.193118 46.273108 31.678976
v -19.616341 60.536943 40.705516
v -20.344929 60.341542 36.430114
v -20.447873 60.309098 31.660408
v -20.597619 60.324516 24.702223
v -20.325293 53.461993 25.015875
v -22.542100 66.866183 36.256787
v -22.597343 66.905058 31.315679
v -22.659325 67.004515 24.658030
v -22.693431 67.220365 17.269551
v -20.733865 60.493872 17.403096
v -25.312769 73.639588 31.197161
v -25.191679 73.738868 24.583146
v -24.970730 73.947069 17.057666
v -24.517530 74.182866 9.590177
v -22.514142 67.377340 9.983931
v -26.307619 80.808678 24.282340
v -26.213813 80.894213 16.586879
v -25.933861 81.132487 9.026883
v -23.664885 81.806973 2.225683
v -22.505807 74.752268 2.598287
v -28.519177 87.637410 16.186379
v -28.356533 87.925234 8.539928
v -25.902912 88.784755 1.587299
v -18.629022 91.144682 -0.019279
v -17.121864 83.804479 -0.047778
v -32.152303 94.522214 8.452553
v -28.447277 95.862353 1.708512
v -20.439539 98.170320 0.100508
v -11.437542 100.266060 -0.049083
v -10.533425 93.275381 -0.100512
v -30.687586 102.922681 2.061672
v -22.085141 104.908568 0.204155
v -12.313701 106.827163 -0.002512
v -1.887843 106.950791 -0.027100
v -1.887843 100.398378 -0.068260
v -23.620955 111.543844 0.252296
v -13.158012 113.091402 0.036092
v -1.887843 113.214228 0.013085
v -13.794378 119.102018 0.066412
v -1.887843 119.241837 0.052637
v -13.888881 125.120045 0.100447
v -1.887843 125.194869 0.092799
v -13.627869 131.293802 0.144912
v -1.887843 131.237047 0.134429
v -13.312416 137.634731 0.194424
v -1.887843 137.405558 0.177472
v -13.051403 144.073060 0.241390
v -1.887843 143.627618 0.221257
v -12.654937 150.520853 0.296552
v -1.887843 149.842819 0.266682
v -11.991404 157.004072 0.363743
v -1.887843 156.109957 0.317304
v -10.935956 163.786690 0.446058
v -1.887843 162.590350 0.376841
v -9.599753 171.225783 0.548584
v -1.887843 169.600241 0.462708
v -8.691876 179.278769 0.799866
v -1.887843 177.277927 0.659102
v -8.309087 187.338076 1.178126
v -1.887843 185.243265 0.923008
v -14.777134 182.134796 2.837233
v -13.446298 189.418588 4.443466
v -17.501686 183.107746 8.592623
v -15.530015 189.932254 10.310428
v -13.354762 196.877988 11.730316
v -16.472707 189.617784 16.678201
v -14.047057 197.053489 17.366307
v -9.020214 203.335112 17.968012
v -8.455855 202.990903 12.580641
v -1.887843 206.407343 18.407754
v -1.887843 205.930154 12.681651
v -9.382682 203.576720 23.855527
v -1.887843 206.680777 24.219512
v -9.590733 203.725288 30.037275
v -1.887843 206.900577 30.258917
v -9.807911 203.786583 35.452470
v -1.887843 207.037369 35.731124
v -10.035598 203.819443 39.436449
v -1.887843 207.122386 39.808071
v -9.025569 202.318278 42.064086
v -1.887843 205.104127 42.331500
v -8.076730 200.904453 39.402441
v -1.887843 203.643549 39.461894
v -8.142578 200.836505 35.722386
v -1.887843 203.582043 35.874506
v -8.085065 200.580460 31.086701
v -1.887843 203.483399 31.236170
v -8.020009 200.258712 25.047432
v -1.887843 203.230549 25.292647
v -7.812750 199.896384 19.011072
v -1.887843 202.979513 19.298957
v -7.324735 199.560121 13.407067
v -1.887843 202.540653 13.334997
v -11.771247 193.952233 18.747538
v -11.118319 193.705639 12.925739
v -13.665757 187.195099 18.389692
v -13.082447 187.230034 12.094589
v -11.461044 186.716688 6.745893
v -15.077513 180.739281 10.968012
v -12.917427 179.912829 5.761487
v -7.796885 177.599392 4.118357
v -7.117382 185.073996 4.342496
v -1.887843 175.763826 4.045205
v -1.887843 183.346744 4.296821
v -8.900720 169.913534 3.943726
v -1.887843 168.281131 3.876450
v -10.185451 162.645752 3.849746
v -1.887843 161.485389 3.799405
v -11.420885 156.019540 3.780639
v -1.887843 155.237330 3.743154
v -12.119221 149.662044 3.717136
v -1.887843 149.154339 3.694715
v -12.438551 143.366249 3.666628
v -1.887843 143.039287 3.650333
v -12.729804 137.044439 3.620413
v -1.887843 136.880595 3.607057
v -13.109614 130.800991 3.572324
v -1.887843 130.779024 3.564448
v -13.423588 124.731743 3.530321
v -1.887843 124.793274 3.523380
v -13.393336 118.817138 3.497647
v -1.887843 118.889425 3.483635
v -12.859914 112.857694 3.467261
v -1.887843 112.945507 3.444525
v -12.073908 106.674978 3.427995
v -1.887843 106.828243 3.405383
v -11.159175 100.138167 3.382673
v -1.887843 100.421016 3.365162
v -10.196753 93.127666 3.328932
v -1.887843 93.559185 3.324780
v -9.387245 85.646377 3.280677
v -1.887843 86.239748 3.289769
v -8.836362 78.038226 3.236066
v -1.887843 78.678198 3.247244
v -8.362037 70.412731 3.187971
v -1.887843 71.004723 3.196557
v -8.072273 62.575841 3.151698
v -1.887843 63.125058 3.164273
v -8.029136 54.826564 3.122737
v -1.887843 55.244979 3.104814
v -7.995810 47.402285 3.121362
v -1.887843 47.758659 3.066741
v -7.763560 40.218203 3.164480
v -1.887843 40.533151 3.060503
v -7.552435 33.101384 3.220826
v -1.887843 33.236517 3.073440
v -7.547174 26.025304 3.233304
v -1.887843 25.907659 3.100449
v -7.950391 19.115691 3.236546
v -1.887843 18.820205 3.153416
v -8.773588 12.607826 3.499433
v -1.887843 12.481536 3.323085
v -9.002068 6.936016 5.964345
v -1.887843 7.132566 5.044621
v -9.202589 4.895784 12.914897
v -1.887843 4.878831 12.792409
v -9.730655 4.323288 20.078134
v -1.887843 4.273112 20.338329
v -9.806327 4.017036 27.292579
v -1.887843 3.929653 27.524071
v -9.782920 3.878074 33.602083
v -1.887843 3.744496 33.832783
v -9.772315 3.843893 38.277843
v -1.887843 3.499195 39.609949
v -9.743553 1.431499 40.559530
v -1.887843 0.915530 40.420035
v -9.812379 0.385557 36.539147
v -1.887843 0.236519 36.474717
v -9.801763 0.477957 31.434162
v -1.887843 0.372839 31.462937
v -9.710227 0.670469 24.816186
v -1.887843 0.594772 24.913182
v -9.366817 1.049605 17.557588
v -1.887843 1.017297 17.555594
v -8.979358 1.798614 10.151331
v -1.887843 1.803422 9.866546
v -8.792527 4.415639 3.135387
v -1.887843 4.934022 2.072756
v -8.702480 10.280653 0.314314
v -1.887843 10.470725 0.089831
v -8.144859 17.283844 -0.158091
v -1.887843 17.068159 -0.252607
v -7.661420 24.798098 -0.192928
v -1.887843 24.571474 -0.327083
v -7.705255 32.289632 -0.193301
v -1.887843 32.335303 -0.356536
v -7.895952 39.730225 -0.246760
v -1.887843 39.925599 -0.371741
v -8.046490 47.121317 -0.298061
v -1.887843 47.419372 -0.367339
v -8.090420 54.711537 -0.301564
v -1.887843 55.085792 -0.329788
v -8.226571 62.546194 -0.270959
v -1.887843 62.982931 -0.270417
v -8.545109 70.419602 -0.238218
v -1.887843 70.882429 -0.237509
v -8.997505 78.181661 -0.191423
v -1.887843 78.647627 -0.186131
v -9.632287 85.860733 -0.148733
v -1.887843 86.252917 -0.143323
v -1.887843 93.535164 -0.108651
v -16.076240 76.431199 -0.067170
v -15.294691 69.024378 -0.038781
v -21.025130 67.740158 3.117344
v -14.703059 61.456635 0.031808
v -19.869824 60.610152 3.586252
v -20.775419 60.500051 10.310477
v -19.478594 53.346146 4.120541
v -20.441028 53.303001 10.810587
v -20.445591 53.493640 17.725080
v -20.566576 46.063542 11.428239
v -20.979711 46.339111 18.368369
v -21.159804 46.391533 25.431913
v -20.217798 39.056954 18.903233
v -20.345721 38.965334 25.727540
v -20.351774 38.847976 31.780336
v -19.579256 31.516611 25.811591
v -19.580049 31.400934 31.878578
v -19.542964 31.332658 36.673317
v -19.296326 23.899369 31.852408
v -19.258449 23.744138 36.629531
v -18.434554 23.601807 40.729498
v -18.983061 16.310022 36.538640
v -18.017648 16.144409 40.421570
v -15.436895 15.798794 38.228272
v -18.299088 9.261309 37.857266
v -18.187136 9.603296 33.445607
v -19.966609 5.121457 37.594684
v -19.962140 5.395368 32.975215
v -19.576975 5.994905 26.767957
v -15.970329 3.673975 33.189310
v -15.667668 3.875281 26.884172
v -15.776653 4.206442 19.514290
v -16.204861 3.608866 37.801298
v -19.139640 16.383359 31.760195
v -21.963259 9.702526 31.580459
v -21.967822 9.785449 24.887199
v -22.855283 3.446697 24.347302
v -22.959704 3.295521 31.182036
v -19.292555 16.590311 25.516382
v -19.351569 17.298343 18.587665
v -21.656827 10.366038 17.653502
v -19.338672 24.141564 25.727232
v -19.310713 24.493998 18.641810
v -19.125265 24.880924 11.527948
v -19.323504 18.017925 11.253020
v -19.499826 31.719904 18.846094
v -19.244866 31.940249 11.912739
v -18.305933 32.096853 5.174733
v -18.169782 25.166469 4.954606
v -19.835009 38.984456 11.937044
v -18.748529 38.996973 5.105581
v -14.131050 39.279805 0.671521
v -13.780689 32.206957 0.827818
v -19.147975 46.065581 4.745660
v -14.380762 46.477567 0.428862
v -14.481318 53.871723 0.165159
v -13.602192 25.154772 0.781445
v -13.912383 18.101144 0.341853
v -18.454982 18.278283 4.251001
v -22.479327 3.941115 16.866612
v -16.790441 1.020203 17.043695
v -17.115812 0.605209 24.465395
v -17.165002 0.407685 31.213153
v -13.002225 19.606575 4.112913
v -12.779786 26.105519 4.478609
v -15.540525 25.870095 8.958096
v -13.025620 32.826605 4.429920
v -15.666971 32.694608 9.308841
v -16.005133 32.427515 15.542048
v -16.218445 39.556162 9.269388
v -16.684530 39.514241 15.632875
v -16.899438 39.443208 22.295469
v -17.416203 46.655640 15.241392
v -17.662037 46.719379 22.042903
v -17.733937 46.571209 28.857127
v -16.936523 53.855427 21.636115
v -16.802547 53.758484 28.716943
v -16.638425 53.617519 34.310230
v -17.144574 60.864162 28.452662
v -17.003860 60.952168 34.139064
v -16.900123 61.015772 38.843220
v -19.246344 67.885711 33.961735
v -19.259241 68.034446 38.583534
v -21.830867 67.112223 40.430770
v -22.069962 74.467752 38.625711
v -24.659841 73.741762 40.645085
v -25.411836 73.607635 36.311069
v -25.480662 81.112693 40.797444
v -26.271326 80.883306 36.410158
v -26.316745 80.859850 31.217450
v -28.295249 87.531400 36.361890
v -28.379243 87.482695 31.146805
v -28.440527 87.444027 24.011153
v -32.924029 93.387512 31.082425
v -32.688007 93.367164 24.135813
v -32.628201 93.823153 16.356271
v -36.460358 100.432188 24.161145
v -35.979200 100.927268 16.838736
v -34.887460 101.778732 9.061156
v -38.505407 108.921265 16.872552
v -37.356945 109.204393 8.894444
v -32.519322 109.978830 2.109360
v -38.409320 117.238877 8.648071
v -33.820604 117.568936 1.632517
v -24.625723 118.314873 0.178740
v -33.761601 125.451419 1.919091
v -24.707447 125.252381 0.232208
v -33.213792 133.022686 2.194035
v -24.227767 132.193003 0.325958
v -32.436806 140.543074 2.300260
v -23.602111 139.137567 0.407931
v -31.267124 148.042302 2.933636
v -23.045188 146.169885 0.460820
v -30.139776 155.713184 3.308295
v -22.248566 153.268397 0.552616
v -27.863175 163.188355 3.996752
v -21.011547 160.413137 0.718791
v -24.452475 170.331875 4.996148
v -18.900651 167.609681 0.910192
v -20.439539 176.589487 6.766022
v -16.599047 174.819650 1.525236
v -25.498903 170.515948 12.466645
v -21.051611 176.482538 13.723418
v -18.169782 182.976531 15.253835
v -21.323228 176.130319 20.883615
v -18.442096 182.614766 22.233881
v -16.846476 189.904598 23.273890
v -18.545726 182.341566 28.891004
v -17.051454 190.055609 29.614820
v -14.679557 197.525634 29.749381
v -14.388990 197.400293 23.380152
v -17.206556 189.842622 34.673413
v -14.926183 197.455245 35.116318
v -17.258820 189.610982 38.736208
v -15.130475 197.319381 39.090387
v -15.893866 189.118925 41.939006
v -13.872319 196.480872 41.932739
v -13.992617 188.570120 39.514120
v -12.185080 195.458265 39.395307
v -13.985773 188.312526 35.639756
v -12.201737 195.283282 35.643256
v -13.949480 188.056072 30.959936
v -12.096511 195.017435 30.959113
v -13.873017 187.593071 24.941173
v -11.994371 194.563827 24.852744
v -15.482315 180.615633 30.528651
v -15.514056 180.531884 24.137974
v -15.374914 180.686685 17.356519
v -18.479973 174.101679 23.187023
v -18.343030 174.346693 16.211380
v -18.094111 174.550624 9.576918
v -22.773559 168.621563 15.295233
v -22.179645 168.619195 8.219914
v -17.516759 166.255610 4.101466
v -14.980729 173.081819 4.574101
v -25.802262 161.871582 7.355569
v -19.716212 159.363594 3.990874
v -28.193794 154.659622 6.756876
v -21.133323 152.389318 3.887387
v -29.427054 147.181417 6.384057
v -21.960280 145.411600 3.825428
v -30.751849 139.875090 5.794571
v -22.559455 138.527192 3.780537
v -31.631767 132.525232 5.633021
v -23.266929 131.710596 3.707621
v -32.296092 124.993351 5.325903
v -23.810163 124.866502 3.624611
v -32.310467 117.202809 5.206429
v -23.709512 117.986115 3.586389
v -30.957713 109.748770 5.774595
v -22.799342 111.267309 3.650860
v -29.103267 102.760572 5.723479
v -21.357239 104.613239 3.595755
v -26.844812 95.709502 5.318909
v -19.680605 97.885826 3.487516
v -23.999287 88.854863 5.501012
v -17.887549 90.949109 3.357495
v -21.821847 82.088585 6.280790
v -16.469634 83.638540 3.316889
v -20.624088 75.023097 6.772726
v -15.551141 76.313878 3.323893
v -18.883983 68.066817 7.276079
v -14.651587 69.048103 3.394747
v -17.288268 61.091246 7.786348
v -13.898008 61.624867 3.539358
v -16.931960 53.899807 8.294528
v -13.817785 54.140385 3.708960
v -16.810881 46.646904 8.859532
v -13.700561 46.857606 4.062041
v -13.410797 39.763692 4.256581
v -17.012880 53.865045 14.669762
v -17.396461 61.062800 14.183044
v -17.281529 60.980123 21.297383
v -19.253886 67.950509 13.947306
v -19.297816 67.821208 21.202167
v -19.257752 67.767398 28.346046
v -21.737061 74.580523 20.901434
v -21.922403 74.540825 28.148442
v -22.064713 74.490664 33.959596
v -22.992226 81.703872 27.890189
v -22.951370 81.715753 33.984777
v -22.890086 81.612979 38.838199
v -25.103914 88.854465 33.902884
v -25.148541 89.063932 38.716480
v -27.666520 87.770997 40.780978
v -30.026335 95.057716 38.497570
v -32.308185 93.665225 40.759970
v -32.958832 93.303938 36.358342
v -36.078267 100.525184 40.690361
v -36.996074 100.210142 36.558775
v -36.835617 100.357814 31.003315
v -39.422422 108.193157 36.850364
v -39.250663 108.338372 31.214064
v -38.988161 108.569620 24.296745
v -39.858267 116.689483 31.569814
v -39.685019 116.878116 24.541249
v -39.319584 117.129754 16.801246
v -39.780314 125.129566 24.681253
v -39.399712 125.252120 16.920286
v -38.405548 125.299705 8.760365
v -38.798256 133.362439 17.185522
v -37.711764 133.329245 9.156285
v -36.901464 141.174020 17.548002
v -36.188741 141.078243 9.611675
v -35.347398 149.017611 17.898785
v -34.684657 148.843387 10.101288
v -33.343997 156.856425 18.543680
v -32.727373 156.633844 10.924276
v -30.078492 164.208679 19.330909
v -29.612502 164.002129 11.686419
v -25.797698 170.519367 19.993000
v -30.394737 164.056283 26.599603
v -26.062482 170.297194 27.378361
v -21.429931 175.804431 28.051322
v -26.138934 170.171233 33.471857
v -21.326999 175.709089 33.934082
v -18.500401 182.340452 34.295480
v -21.240026 175.659331 38.349220
v -18.474618 182.240439 38.476743
v -20.276115 175.117608 41.763919
v -17.322385 181.763924 41.791206
v -18.231066 173.791735 39.748639
v -15.211490 180.992358 39.646327
v -18.318831 173.845358 35.502811
v -15.334058 180.837793 35.619806
v -18.465598 173.935105 30.086710
v -23.260876 168.261795 35.207987
v -23.137516 168.426625 29.836009
v -22.963475 168.615907 22.629932
v -27.392621 162.420535 29.382261
v -27.157297 162.592865 22.236172
v -26.884982 162.369600 14.768892
v -30.294878 155.545550 21.695564
v -29.924880 155.317919 14.213281
v -32.178772 148.011215 21.230848
v -31.798265 147.798524 13.600402
v -33.701109 140.367132 20.930047
v -33.270619 140.243908 13.219852
v -35.647080 132.768424 20.605042
v -34.954004 132.741631 12.781623
v -36.170595 124.946282 20.403152
v -35.581232 124.935198 12.512496
v -36.085112 117.062873 20.351307
v -35.513907 117.015070 12.496315
v -35.323990 109.130094 20.374514
v -34.490189 109.171338 12.781509
v -32.843109 101.295197 20.488993
v -32.053225 101.809389 12.848964
v -29.174375 94.542307 20.164994
v -28.948177 94.935716 12.339728
v -25.050172 88.440450 20.013889
v -25.038067 88.565936 12.427380
v -22.930244 81.612378 20.411463
v -22.781196 81.737221 12.972017
v -21.428347 74.732977 13.592776
v -25.102424 88.615365 27.658271
v -29.491411 94.647482 27.736531
v -29.787239 94.886990 33.749783
v -33.384865 101.447056 27.726928
v -33.691983 101.438599 33.776558
v -33.827449 101.439397 38.455418
v -35.957283 108.914367 33.943681
v -36.098695 108.799954 38.756963
v -38.519794 108.246516 41.145176
v -36.521654 116.696028 38.935332
v -38.989650 116.597489 41.292568
v -39.927082 116.595984 37.013956
v -39.030506 124.863542 41.367314
v -39.983814 124.940119 37.099126
v -39.938490 125.010623 31.745676
v -39.607066 133.296820 37.234556
v -39.505624 133.284883 31.839118
v -39.264341 133.337441 24.858665
v -37.219198 141.147806 31.975819
v -37.153445 141.210643 25.184747
v -35.611484 148.981280 32.158445
v -35.567554 149.075564 25.426683
v -33.661743 156.661420 32.435084
v -33.592916 156.815015 25.901845
v -30.537047 163.863665 32.925917
v -33.646564 156.514092 37.446597
v -30.602800 163.756177 37.833755
v -26.126840 170.150669 38.203340
v -29.560238 163.072572 41.551003
v -25.259016 169.473512 41.858641
v -27.560608 162.078044 39.226171
v -23.326723 168.065935 39.611369
v -27.524221 162.242053 34.809885
v -30.400092 155.296994 38.978053
v -30.435593 155.374065 34.479787
v -30.429552 155.487347 28.905562
v -32.305218 147.964328 34.269751
v -32.310467 148.016504 28.575436
v -33.861460 140.283371 34.196008
v -33.865231 140.352330 28.314269
v -36.152449 132.745663 34.176650
v -35.983764 132.766608 28.112817
v -36.534540 124.865903 34.143768
v -36.437649 124.911848 28.047473
v -36.455110 116.820637 34.078280
v -36.353655 116.962199 27.980124
v -35.745366 109.057958 27.730004
v -36.541385 124.857370 39.007918
v -36.255381 132.727625 39.023580
v -38.673406 133.137195 41.448559
v -33.818322 140.228378 39.068288
v -36.352166 140.924235 41.403881
v -37.167832 141.119049 37.269247
v -34.644593 148.581980 41.401807
v -35.611484 148.867674 37.245944
v -32.610846 156.038510 41.368783
v -32.276456 147.977061 38.912891
v 16.567760 6.287495 4.038332
v 2.459591 200.202637 3.542289
v 1.655338 196.102722 5.493543
v 18.689957 3.880715 40.528255
v 14.163329 9.686065 8.380749
v 17.912977 4.763502 9.537292
v 17.211562 11.555365 10.920982
v 16.047921 11.954986 3.699405
v 11.102105 10.685816 0.367708
v 11.269300 4.339797 2.947565
v 12.304320 1.764069 9.849632
v 4.006812 194.930222 2.103960
v 7.975825 196.513205 6.304137
v 4.094577 202.168216 7.696641
v 2.567783 198.761247 8.214405
v 2.296858 191.777404 4.727264
v 5.933058 193.349028 7.662053
v 16.594240 9.820395 40.593912
v 18.002225 9.892158 36.686276
v 19.320270 3.314640 36.786072
v 13.245522 0.258910 36.723579
v 12.886140 1.700359 40.866116
v 11.139190 7.455349 5.522923
v 10.060240 13.449648 3.812202
v 12.791631 14.007545 7.729564
v 14.963811 8.217286 12.395587
v 11.925994 4.785886 12.119236
v 13.249293 12.600004 13.762019
v 13.741067 11.255993 20.184130
v 15.685560 6.674468 19.579927
v 11.913202 19.218167 8.326528
v 12.067506 18.727631 14.546292
v 12.095571 17.348850 21.222949
v 11.998686 16.384813 27.959404
v 14.089940 10.380863 27.265479
v 12.055407 25.426352 15.027623
v 12.142379 24.742907 21.834223
v 12.127307 24.181060 28.546007
v 12.070580 23.931149 34.131151
v 11.795192 16.044335 33.718103
v 12.365604 32.087434 22.221549
v 12.390595 31.783256 28.913876
v 12.360349 31.646764 34.427951
v 12.402695 31.562323 38.824517
v 12.133353 23.817405 38.534467
v 13.172937 39.260524 28.956945
v 13.147147 39.146722 34.473949
v 13.134356 39.117229 38.914700
v 15.761225 38.872886 40.614782
v 15.081030 31.340462 40.744705
v 13.983236 46.412898 34.432548
v 13.954480 46.310482 38.800737
v 16.384694 46.248182 40.722849
v 17.470387 46.257653 36.725950
v 16.548124 38.800800 36.639375
v 12.781021 53.468630 38.903624
v 15.510822 53.490555 40.728003
v 16.246952 53.455805 36.574827
v 16.400564 53.414323 31.654226
v 17.417432 46.273108 31.678976
v 15.840656 60.536943 40.705516
v 16.569249 60.341542 36.430114
v 16.672181 60.309098 31.660408
v 16.821928 60.324516 24.702223
v 16.549613 53.461993 25.015875
v 18.766420 66.866183 36.256787
v 18.821658 66.905058 31.315679
v 18.883633 67.004515 24.658030
v 18.917751 67.220365 17.269551
v 16.958186 60.493872 17.403096
v 21.537077 73.639588 31.197161
v 21.415993 73.738868 24.583146
v 21.195050 73.947069 17.057666
v 20.741850 74.182866 9.590177
v 18.738450 67.377340 9.983931
v 22.531933 80.808678 24.282340
v 22.438121 80.894213 16.586879
v 22.158170 81.132487 9.026883
v 19.889199 81.806973 2.225683
v 18.730122 74.752268 2.598287
v 24.743485 87.637410 16.186379
v 24.580847 87.925234 8.539928
v 22.127232 88.784755 1.587299
v 14.853337 91.144682 -0.019279
v 13.346179 83.804479 -0.047778
v 28.376612 94.522214 8.452553
v 24.671591 95.862353 1.708512
v 16.663853 98.170320 0.100508
v 7.661856 100.266060 -0.049083
v 6.757739 93.275381 -0.100512
v 26.911900 102.922681 2.061672
v 18.309450 104.908568 0.204155
v 8.538009 106.827163 -0.002512
v 19.845269 111.543844 0.252296
v 9.382427 113.091402 0.036092
v 10.018692 119.102018 0.066412
v 10.113296 125.120045 0.100447
v 9.852189 131.293802 0.144912
v 9.536730 137.634731 0.194424
v 9.275723 144.073060 0.241390
v 8.879245 150.520853 0.296552
v 8.215712 157.004072 0.363743
v 7.160264 163.786690 0.446058
v 5.824073 171.225783 0.548584
v 4.916190 179.278769 0.799866
v 4.533401 187.338076 1.178126
v 11.001448 182.134796 2.837233
v 9.670612 189.418588 4.443466
v 13.725995 183.107746 8.592623
v 11.754330 189.932254 10.310428
v 9.579076 196.877988 11.730316
v 12.697027 189.617784 16.678201
v 10.271371 197.053489 17.366307
v 5.244534 203.335112 17.968012
v 4.680169 202.990903 12.580641
v 5.606996 203.576720 23.855527
v 5.815047 203.725288 30.037275
v 6.032225 203.786583 35.452470
v 6.259918 203.819443 39.436449
v 5.249890 202.318278 42.064086
v 4.301044 200.904453 39.402441
v 4.366898 200.836505 35.722386
v 4.309379 200.580460 31.086701
v 4.244324 200.258712 25.047432
v 4.037064 199.896384 19.011072
v 3.549056 199.560121 13.407067
v 7.995561 193.952233 18.747538
v 7.342633 193.705639 12.925739
v 9.890071 187.195099 18.389692
v 9.306762 187.230034 12.094589
v 7.685364 186.716688 6.745893
v 11.301828 180.739281 10.968012
v 9.141747 179.912829 5.761487
v 4.021194 177.599392 4.118357
v 3.341696 185.073996 4.342496
v 5.125034 169.913534 3.943726
v 6.409759 162.645752 3.849746
v 7.645200 156.019540 3.780639
v 8.343541 149.662044 3.717136
v 8.662865 143.366249 3.666628
v 8.954118 137.044439 3.620413
v 9.333934 130.800991 3.572324
v 9.647902 124.731743 3.530321
v 9.617656 118.817138 3.497647
v 9.084228 112.857694 3.467261
v 8.298122 106.674978 3.427995
v 7.383495 100.138167 3.382673
v 6.421067 93.127666 3.328932
v 5.611553 85.646377 3.280677
v 5.060676 78.038226 3.236066
v 4.586357 70.412731 3.187971
v 4.296588 62.575841 3.151698
v 4.253444 54.826564 3.122737
v 4.220124 47.402285 3.121362
v 3.987874 40.218203 3.164480
v 3.776743 33.101384 3.220826
v 3.771488 26.025304 3.233304
v 4.174705 19.115691 3.236546
v 4.997903 12.607826 3.499433
v 5.226388 6.936016 5.964345
v 5.426903 4.895784 12.914897
v 5.954976 4.323288 20.078134
v 6.030641 4.017036 27.292579
v 6.007234 3.878074 33.602083
v 5.996624 3.843893 38.277843
v 5.967867 1.431499 40.559530
v 6.036688 0.385557 36.539147
v 6.026178 0.477957 31.434162
v 5.934548 0.670469 24.816186
v 5.591125 1.049605 17.557588
v 5.203678 1.798614 10.151331
v 5.016841 4.415639 3.135387
v 4.926800 10.280653 0.314314
v 4.369173 17.283844 -0.158091
v 3.885734 24.798098 -0.192928
v 3.929563 32.289632 -0.193301
v 4.120266 39.730225 -0.246760
v 4.270798 47.121317 -0.298061
v 4.314734 54.711537 -0.301564
v 4.450891 62.546194 -0.270959
v 4.769417 70.419602 -0.238218
v 5.221825 78.181661 -0.191423
v 5.856601 85.860733 -0.148733
v 12.300549 76.431199 -0.067170
v 11.519005 69.024378 -0.038781
v 17.249444 67.740158 3.117344
v 10.927367 61.456635 0.031808
v 16.094132 60.610152 3.586252
v 16.999739 60.500051 10.310477
v 15.702914 53.346146 4.120541
v 16.665342 53.303001 10.810587
v 16.669906 53.493640 17.725080
v 16.790890 46.063542 11.428239
v 17.204025 46.339111 18.368369
v 17.384112 46.391533 25.431913
v 16.442112 39.056954 18.903233
v 16.570041 38.965334 25.727540
v 16.576088 38.847976 31.780336
v 15.803571 31.516611 25.811591
v 15.804363 31.400934 31.878578
v 15.767272 31.332658 36.673317
v 15.520640 23.899369 31.852408
v 15.482757 23.744138 36.629531
v 14.658868 23.601807 40.729498
v 15.207369 16.310022 36.538640
v 14.241968 16.144409 40.421570
v 11.661215 15.798794 38.228272
v 14.523409 9.261309 37.857266
v 14.411445 9.603296 33.445607
v 16.190923 5.121457 37.594684
v 16.186460 5.395368 32.975215
v 15.801289 5.994905 26.767957
v 12.194637 3.673975 33.189310
v 11.891976 3.875281 26.884172
v 12.000961 4.206442 19.514290
v 12.429170 3.608866 37.801298
v 15.364055 16.383359 31.760195
v 18.187573 9.702526 31.580459
v 18.192136 9.785449 24.887199
v 19.079591 3.446697 24.347302
v 19.184019 3.295521 31.182036
v 15.516875 16.590311 25.516382
v 15.575877 17.298343 18.587665
v 17.881241 10.366038 17.653502
v 15.562986 24.141564 25.727232
v 15.535021 24.493998 18.641810
v 15.349579 24.880924 11.527948
v 15.547813 18.017925 11.253020
v 15.724134 31.719904 18.846094
v 15.469174 31.940249 11.912739
v 14.530247 32.096853 5.174733
v 14.394090 25.166469 4.954606
v 16.059323 38.984456 11.937044
v 14.972837 38.996973 5.105581
v 10.355365 39.279805 0.671521
v 10.005103 32.206957 0.827818
v 15.372289 46.065581 4.745660
v 10.605070 46.477567 0.428862
v 10.705626 53.871723 0.165159
v 9.826500 25.154772 0.781445
v 10.136703 18.101144 0.341853
v 14.679296 18.278283 4.251001
v 18.703647 3.941115 16.866612
v 13.014761 1.020203 17.043695
v 13.340132 0.605209 24.465395
v 13.389316 0.407685 31.213153
v 9.226533 19.606575 4.112913
v 9.004101 26.105519 4.478609
v 11.764845 25.870095 8.958096
v 9.249940 32.826605 4.429920
v 11.891184 32.694608 9.308841
v 12.229447 32.427515 15.542048
v 12.442759 39.556162 9.269388
v 12.908850 39.514241 15.632875
v 13.123746 39.443208 22.295469
v 13.640511 46.655640 15.241392
v 13.886351 46.719379 22.042903
v 13.958245 46.571209 28.857127
v 13.160837 53.855427 21.636115
v 13.026861 53.758484 28.716943
v 12.862733 53.617519 34.310230
v 13.368888 60.864162 28.452662
v 13.228168 60.952168 34.139064
v 13.124444 61.015772 38.843220
v 15.470664 67.885711 33.961735
v 15.483555 68.034446 38.583534
v 18.055181 67.112223 40.430770
v 18.294276 74.467752 38.625711
v 20.884155 73.741762 40.645085
v 21.636150 73.607635 36.311069
v 21.704970 81.112693 40.797444
v 22.495640 80.883306 36.410158
v 22.541059 80.859850 31.217450
v 24.519563 87.531400 36.361890
v 24.603557 87.482695 31.146805
v 24.664847 87.444027 24.011153
v 29.148337 93.387512 31.082425
v 28.912321 93.367164 24.135813
v 28.852521 93.823153 16.356271
v 32.684679 100.432188 24.161145
v 32.203515 100.927268 16.838736
v 31.111774 101.778732 9.061156
v 34.729727 108.921265 16.872552
v 33.581260 109.204393 8.894444
v 28.743636 109.978830 2.109360
v 34.633728 117.238877 8.648071
v 30.044918 117.568936 1.632517
v 20.850043 118.314873 0.178740
v 29.985915 125.451419 1.919091
v 20.931755 125.252381 0.232208
v 29.438207 133.022686 2.194035
v 20.452081 132.193003 0.325958
v 28.661126 140.543074 2.300260
v 19.826425 139.137567 0.407931
v 27.491439 148.042302 2.933636
v 19.269496 146.169885 0.460820
v 26.364091 155.713184 3.308295
v 18.472880 153.268397 0.552616
v 24.087489 163.188355 3.996752
v 17.235855 160.413137 0.718791
v 20.676795 170.331875 4.996148
v 15.124960 167.609681 0.910192
v 16.663853 176.589487 6.766022
v 12.823367 174.819650 1.525236
v 21.723217 170.515948 12.466645
v 17.275919 176.482538 13.723418
v 14.394090 182.976531 15.253835
v 17.547542 176.130319 20.883615
v 14.666405 182.614766 22.233881
v 13.070790 189.904598 23.273890
v 14.770040 182.341566 28.891004
v 13.275774 190.055609 29.614820
v 10.903865 197.525634 29.749381
v 10.613304 197.400293 23.380152
v 13.430870 189.842622 34.673413
v 11.150497 197.455245 35.116318
v 13.483134 189.610982 38.736208
v 11.354783 197.319381 39.090387
v 12.118180 189.118925 41.939006
v 10.096639 196.480872 41.932739
v 10.216926 188.570120 39.514120
v 8.409388 195.458265 39.395307
v 10.210087 188.312526 35.639756
v 8.426051 195.283282 35.643256
v 10.173788 188.056072 30.959936
v 8.320832 195.017435 30.959113
v 10.097331 187.593071 24.941173
v 8.218786 194.563827 24.852744
v 11.706635 180.615633 30.528651
v 11.738364 180.531884 24.137974
v 11.599234 180.686685 17.356519
v 14.704288 174.101679 23.187023
v 14.567338 174.346693 16.211380
v 14.318425 174.550624 9.576918
v 18.997879 168.621563 15.295233
v 18.403959 168.619195 8.219914
v 13.741067 166.255610 4.101466
v 11.205037 173.081819 4.574101
v 22.026576 161.871582 7.355569
v 15.940520 159.363594 3.990874
v 24.418114 154.659622 6.756876
v 17.357637 152.389318 3.887387
v 25.651368 147.181417 6.384057
v 18.184600 145.411600 3.825428
v 26.976157 139.875090 5.794571
v 18.783775 138.527192 3.780537
v 27.856081 132.525232 5.633021
v 19.491237 131.710596 3.707621
v 28.520406 124.993351 5.325903
v 20.034483 124.866502 3.624611
v 28.534787 117.202809 5.206429
v 19.933826 117.986115 3.586389
v 27.182033 109.748770 5.774595
v 19.023662 111.267309 3.650860
v 25.327587 102.760572 5.723479
v 17.581554 104.613239 3.595755
v 23.069132 95.709502 5.318909
v 15.904919 97.885826 3.487516
v 20.223596 88.854863 5.501012
v 14.111857 90.949109 3.357495
v 18.046161 82.088585 6.280790
v 12.693954 83.638540 3.316889
v 16.848409 75.023097 6.772726
v 11.775455 76.313878 3.323893
v 15.108303 68.066817 7.276079
v 10.875901 69.048103 3.394747
v 13.512588 61.091246 7.786348
v 10.122322 61.624867 3.539358
v 13.156274 53.899807 8.294528
v 10.042094 54.140385 3.708960
v 13.035189 46.646904 8.859532
v 9.924875 46.857606 4.062041
v 9.635105 39.763692 4.256581
v 13.237194 53.865045 14.669762
v 13.620775 61.062800 14.183044
v 13.505844 60.980123 21.297383
v 15.478200 67.950509 13.947306
v 15.522130 67.821208 21.202167
v 15.482066 67.767398 28.346046
v 17.961369 74.580523 20.901434
v 18.146717 74.540825 28.148442
v 18.289022 74.490664 33.959596
v 19.216540 81.703872 27.890189
v 19.175684 81.715753 33.984777
v 19.114400 81.612979 38.838199
v 21.328228 88.854465 33.902884
v 21.372855 89.063932 38.716480
v 23.890840 87.770997 40.780978
v 26.250643 95.057716 38.497570
v 28.532505 93.665225 40.759970
v 29.183146 93.303938 36.358342
v 32.302581 100.525184 40.690361
v 33.220382 100.210142 36.558775
v 33.059931 100.357814 31.003315
v 35.646736 108.193157 36.850364
v 35.474972 108.338372 31.214064
v 35.212475 108.569620 24.296745
v 36.082575 116.689483 31.569814
v 35.909333 116.878116 24.541249
v 35.543898 117.129754 16.801246
v 36.004634 125.129566 24.681253
v 35.624026 125.252120 16.920286
v 34.629863 125.299705 8.760365
v 35.022570 133.362439 17.185522
v 33.936084 133.329245 9.156285
v 33.125778 141.174020 17.548002
v 32.413056 141.078243 9.611675
v 31.571712 149.017611 17.898785
v 30.908971 148.843387 10.101288
v 29.568317 156.856425 18.543680
v 28.951688 156.633844 10.924276
v 26.302807 164.208679 19.330909
v 25.836715 164.002129 11.686419
v 22.022012 170.519367 19.993000
v 26.619057 164.056283 26.599603
v 22.286791 170.297194 27.378361
v 17.654246 175.804431 28.051322
v 22.363248 170.171233 33.471857
v 17.551308 175.709089 33.934082
v 14.724716 182.340452 34.295480
v 17.464341 175.659331 38.349220
v 14.698932 182.240439 38.476743
v 16.500423 175.117608 41.763919
v 13.546700 181.763924 41.791206
v 14.455380 173.791735 39.748639
v 11.435804 180.992358 39.646327
v 14.543139 173.845358 35.502811
v 11.558378 180.837793 35.619806
v 14.689912 173.935105 30.086710
v 19.485190 168.261795 35.207987
v 19.361824 168.426625 29.836009
v 19.187784 168.615907 22.629932
v 23.616935 162.420535 29.382261
v 23.381611 162.592865 22.236172
v 23.109291 162.369600 14.768892
v 26.519192 155.545550 21.695564
v 26.149194 155.317919 14.213281
v 28.403092 148.011215 21.230848
v 28.022579 147.798524 13.600402
v 29.925423 140.367132 20.930047
v 29.494934 140.243908 13.219852
v 31.871400 132.768424 20.605042
v 31.178313 132.741631 12.781623
v 32.394909 124.946282 20.403152
v 31.805552 124.935198 12.512496
v 32.309426 117.062873 20.351307
v 31.738216 117.015070 12.496315
v 31.548311 109.130094 20.374514
v 30.714503 109.171338 12.781509
v 29.067417 101.295197 20.488993
v 28.277545 101.809389 12.848964
v 25.398689 94.542307 20.164994
v 25.172485 94.935716 12.339728
v 21.274480 88.440450 20.013889
v 21.262381 88.565936 12.427380
v 19.154565 81.612378 20.411463
v 19.005516 81.737221 12.972017
v 17.652661 74.732977 13.592776
v 21.326744 88.615365 27.658271
v 25.715731 94.647482 27.736531
v 26.011548 94.886990 33.749783
v 29.609173 101.447056 27.726928
v 29.916297 101.438599 33.776558
v 30.051763 101.439397 38.455418
v 32.181597 108.914367 33.943681
v 32.323009 108.799954 38.756963
v 34.744102 108.246516 41.145176
v 32.745963 116.696028 38.935332
v 35.213965 116.597489 41.292568
v 36.151402 116.595984 37.013956
v 35.254821 124.863542 41.367314
v 36.208123 124.940119 37.099126
v 36.162804 125.010623 31.745676
v 35.831386 133.296820 37.234556
v 35.729938 133.284883 31.839118
v 35.488661 133.337441 24.858665
v 33.443613 141.147806 31.975819
v 33.377765 141.210643 25.184747
v 31.835798 148.981280 32.158445
v 31.791869 149.075564 25.426683
v 29.886051 156.661420 32.435084
v 29.817231 156.815015 25.901845
v 26.761361 163.863665 32.925917
v 29.870978 156.514092 37.446597
v 26.827108 163.756177 37.833755
v 22.351148 170.150669 38.203340
v 25.784552 163.072572 41.551003
v 21.483330 169.473512 41.858641
v 23.784923 162.078044 39.226171
v 19.551037 168.065935 39.611369
v 23.748529 162.242053 34.809885
v 26.624406 155.296994 38.978053
v 26.659913 155.374065 34.479787
v 26.653860 155.487347 28.905562
v 28.529432 147.964328 34.269751
v 28.534787 148.016504 28.575436
v 30.085774 140.283371 34.196008
v 30.089545 140.352330 28.314269
v 32.376763 132.745663 34.176650
v 32.208078 132.766608 28.112817
v 32.758854 124.865903 34.143768
v 32.661969 124.911848 28.047473
v 32.679424 116.820637 34.078280
v 32.577975 116.962199 27.980124
v 31.969674 109.057958 27.730004
v 32.765699 124.857370 39.007918
v 32.479695 132.727625 39.023580
v 34.897714 133.137195 41.448559
v 30.042636 140.228378 39.068288
v 32.576486 140.924235 41.403881
v 33.392147 141.119049 37.269247
v 30.868907 148.581980 41.401807
v 31.835798 148.867674 37.245944
v 28.835166 156.038510 41.368783
v 28.500770 147.977061 38.912891
vt 0.085910 0.433953
vt 0.073571 0.424442
vt 0.087633 0.410078
vt 0.099810 0.426974
vt 0.105391 0.443839
vt 0.083753 0.449413
vt 0.062150 0.438768
vt 0.733588 0.019708
vt 0.726210 0.033914
vt 0.713167 0.022157
vt 0.728480 0.006507
vt 0.748995 0.003906
vt 0.746463 0.017413
vt 0.741505 0.043867
vt 0.830574 0.716668
vt 0.836495 0.717682
vt 0.838030 0.724297
vt 0.829534 0.722902
vt 0.827951 0.710221
vt 0.833852 0.706295
vt 0.821927 0.715367
vt 0.020876 0.357063
vt 0.033210 0.344755
vt 0.040525 0.354231
vt 0.025868 0.366050
vt 0.008907 0.374934
vt 0.004567 0.361612
vt 0.314926 0.051622
vt 0.320711 0.056283
vt 0.312445 0.062557
vt 0.309023 0.055716
vt 0.314996 0.045051
vt 0.322395 0.044309
vt 0.307280 0.045915
vt 0.305744 0.035619
vt 0.313520 0.033736
vt 0.300864 0.058180
vt 0.297697 0.048603
vt 0.295774 0.037774
vt 0.293368 0.027147
vt 0.303310 0.024557
vt 0.287497 0.051865
vt 0.284482 0.041268
vt 0.281414 0.030893
vt 0.278550 0.022406
vt 0.290541 0.018357
vt 0.273344 0.045013
vt 0.269897 0.034826
vt 0.266902 0.026513
vt 0.264464 0.019911
vt 0.276152 0.015776
vt 0.258693 0.039147
vt 0.255673 0.030846
vt 0.253141 0.024206
vt 0.098878 0.286629
vt 0.103989 0.294252
vt 0.085573 0.306476
vt 0.080175 0.298486
vt 0.244835 0.035152
vt 0.242466 0.028577
vt 0.116527 0.274898
vt 0.121699 0.282174
vt 0.128660 0.291745
vt 0.110752 0.304038
vt 0.132580 0.261554
vt 0.138359 0.269190
vt 0.145815 0.279197
vt 0.154233 0.291049
vt 0.137225 0.303440
vt 0.155142 0.257071
vt 0.162420 0.267680
vt 0.170560 0.279340
vt 0.182557 0.296201
vt 0.165671 0.306969
vt 0.179356 0.256787
vt 0.187777 0.268752
vt 0.199359 0.284687
vt 0.212477 0.302211
vt 0.195448 0.313624
vt 0.205459 0.257048
vt 0.216704 0.272810
vt 0.229829 0.290732
vt 0.242897 0.308508
vt 0.225184 0.319641
vt 0.234192 0.261428
vt 0.247531 0.280067
vt 0.261152 0.298167
vt 0.273872 0.315636
vt 0.255398 0.325829
vt 0.264990 0.268911
vt 0.279097 0.286845
vt 0.292348 0.304345
vt 0.305911 0.322742
vt 0.286414 0.332951
vt 0.296730 0.273394
vt 0.310182 0.291537
vt 0.324555 0.311608
vt 0.637674 0.304119
vt 0.664609 0.302951
vt 0.663446 0.323477
vt 0.639093 0.325234
vt 0.327743 0.278737
vt 0.342562 0.300420
vt 0.636572 0.283916
vt 0.665622 0.283671
vt 0.695578 0.288920
vt 0.692058 0.307704
vt 0.635732 0.264069
vt 0.666565 0.265260
vt 0.698943 0.270965
vt 0.667967 0.247687
vt 0.702182 0.253687
vt 0.670927 0.230384
vt 0.705380 0.236622
vt 0.674988 0.212825
vt 0.708626 0.219302
vt 0.679292 0.194817
vt 0.711940 0.201621
vt 0.683490 0.176499
vt 0.715282 0.183789
vt 0.688076 0.158227
vt 0.718620 0.165979
vt 0.693440 0.139996
vt 0.721985 0.148024
vt 0.700076 0.121119
vt 0.725462 0.129467
vt 0.707843 0.100516
vt 0.729220 0.109416
vt 0.714674 0.077926
vt 0.733325 0.087515
vt 0.720186 0.055137
vt 0.737550 0.064969
vt 0.698102 0.065364
vt 0.704836 0.043726
vt 0.556323 0.140682
vt 0.540067 0.156336
vt 0.530566 0.139940
vt 0.546696 0.125284
vt 0.563509 0.111111
vt 0.572792 0.124635
vt 0.535780 0.109758
vt 0.554861 0.097115
vt 0.574668 0.084432
vt 0.582741 0.097809
vt 0.589777 0.110667
vt 0.593832 0.072279
vt 0.601043 0.087200
vt 0.607721 0.101112
vt 0.566356 0.069729
vt 0.586503 0.057438
vt 0.557986 0.054206
vt 0.578856 0.042197
vt 0.550590 0.040642
vt 0.571799 0.028548
vt 0.545080 0.030680
vt 0.566312 0.018529
vt 0.540918 0.022590
vt 0.560652 0.011317
vt 0.536347 0.014750
vt 0.554928 0.003906
vt 0.698806 0.519608
vt 0.699906 0.508675
vt 0.705784 0.509099
vt 0.704510 0.520020
vt 0.713179 0.509640
vt 0.711876 0.520528
vt 0.722795 0.510369
vt 0.721291 0.521165
vt 0.732401 0.511339
vt 0.730750 0.521830
vt 0.741294 0.512857
vt 0.740159 0.522550
vt 0.749719 0.514898
vt 0.749086 0.523295
vt 0.029188 0.184334
vt 0.024031 0.177139
vt 0.033512 0.170852
vt 0.038716 0.178599
vt 0.043130 0.186074
vt 0.034144 0.191282
vt 0.043096 0.165112
vt 0.048451 0.173759
vt 0.053225 0.181333
vt 0.058568 0.169257
vt 0.063499 0.176986
vt 0.816951 0.705186
vt 0.812605 0.694717
vt 0.820035 0.688899
vt 0.823823 0.700273
vt 0.828645 0.683855
vt 0.831371 0.695604
vt 0.815574 0.677307
vt 0.825943 0.672212
vt 0.810963 0.666442
vt 0.823487 0.661627
vt 0.806650 0.656562
vt 0.821228 0.651894
vt 0.803267 0.646908
vt 0.819029 0.642417
vt 0.800496 0.637215
vt 0.816818 0.632890
vt 0.797757 0.627470
vt 0.814591 0.623295
vt 0.794909 0.617880
vt 0.812385 0.613789
vt 0.792226 0.608538
vt 0.810221 0.604463
vt 0.790135 0.599312
vt 0.808087 0.595265
vt 0.788812 0.589835
vt 0.805938 0.586004
vt 0.787801 0.579918
vt 0.803726 0.576474
vt 0.786863 0.569403
vt 0.801409 0.566491
vt 0.785828 0.558133
vt 0.798929 0.555801
vt 0.784384 0.546184
vt 0.796282 0.544397
vt 0.782492 0.534132
vt 0.793548 0.532616
vt 0.780473 0.522080
vt 0.790774 0.520661
vt 0.778091 0.509765
vt 0.787925 0.508384
vt 0.775356 0.497676
vt 0.785076 0.496107
vt 0.772722 0.486097
vt 0.782369 0.484443
vt 0.770482 0.474821
vt 0.779757 0.473187
vt 0.768227 0.463658
vt 0.777120 0.461822
vt 0.765670 0.452630
vt 0.774474 0.450420
vt 0.762548 0.442010
vt 0.771918 0.439407
vt 0.758957 0.432116
vt 0.769649 0.429628
vt 0.756371 0.422491
vt 0.767657 0.421046
vt 0.753359 0.411242
vt 0.764785 0.408666
vt 0.749935 0.400220
vt 0.762061 0.396932
vt 0.747205 0.388990
vt 0.759465 0.385745
vt 0.744959 0.379147
vt 0.757185 0.375917
vt 0.743282 0.371859
vt 0.755094 0.366909
vt 0.618307 0.701216
vt 0.595193 0.699853
vt 0.596948 0.690257
vt 0.619749 0.693523
vt 0.599046 0.678217
vt 0.621882 0.682142
vt 0.601876 0.663529
vt 0.624566 0.667822
vt 0.605734 0.644564
vt 0.628083 0.649058
vt 0.610628 0.623892
vt 0.632042 0.627933
vt 0.615725 0.602719
vt 0.636185 0.605824
vt 0.620271 0.581229
vt 0.640649 0.582006
vt 0.624100 0.562493
vt 0.643767 0.565368
vt 0.629468 0.542619
vt 0.647296 0.546539
vt 0.634870 0.521329
vt 0.651322 0.525059
vt 0.638772 0.499826
vt 0.655491 0.502816
vt 0.642232 0.478392
vt 0.659568 0.481060
vt 0.645778 0.457123
vt 0.663594 0.459578
vt 0.649732 0.435341
vt 0.667713 0.437601
vt 0.653551 0.412808
vt 0.671956 0.414962
vt 0.656868 0.390066
vt 0.676200 0.392316
vt 0.659741 0.367572
vt 0.680372 0.370056
vt 0.662047 0.345217
vt 0.684458 0.348254
vt 0.688371 0.327378
vt 0.638506 0.368784
vt 0.639470 0.347086
vt 0.636762 0.390435
vt 0.267491 0.342854
vt 0.248415 0.352586
vt 0.237199 0.336555
vt 0.229393 0.362767
vt 0.218874 0.347464
vt 0.207524 0.330862
vt 0.200240 0.357999
vt 0.189163 0.341610
vt 0.178070 0.324542
vt 0.170619 0.352142
vt 0.159752 0.334992
vt 0.148029 0.318021
vt 0.141347 0.346062
vt 0.129638 0.329833
vt 0.119095 0.315586
vt 0.111556 0.342012
vt 0.100941 0.327651
vt 0.092622 0.316285
vt 0.082912 0.340058
vt 0.074312 0.328964
vt 0.066865 0.319326
vt 0.056157 0.341345
vt 0.048508 0.331874
vt 0.042139 0.324037
vt 0.061393 0.311316
vt 0.026400 0.337546
vt 0.288312 0.011472
vt 0.299310 0.008032
vt 0.301133 0.014863
vt 0.306256 0.005983
vt 0.308233 0.013076
vt 0.310740 0.022675
vt 0.314818 0.010941
vt 0.317627 0.020713
vt 0.320409 0.032282
vt 0.740716 0.403293
vt 0.738216 0.391750
vt 0.743518 0.414847
vt 0.735461 0.382030
vt 0.733425 0.374930
vt 0.312447 0.003906
vt 0.065005 0.352661
vt 0.048863 0.366200
vt 0.060158 0.381369
vt 0.045834 0.393858
vt 0.034281 0.378659
vt 0.076305 0.367227
vt 0.089689 0.382549
vt 0.073575 0.396845
vt 0.094011 0.354305
vt 0.106866 0.370833
vt 0.119617 0.387679
vt 0.103505 0.399278
vt 0.123827 0.358500
vt 0.135926 0.375049
vt 0.147484 0.391513
vt 0.131067 0.403772
vt 0.152770 0.363037
vt 0.164125 0.379788
vt 0.174710 0.395207
vt 0.157741 0.406722
vt 0.181687 0.368664
vt 0.192336 0.384117
vt 0.627154 0.455555
vt 0.623920 0.476318
vt 0.210682 0.373412
vt 0.630912 0.434305
vt 0.634380 0.412445
vt 0.621058 0.496774
vt 0.617797 0.517089
vt 0.141290 0.418872
vt 0.613302 0.537250
vt 0.124865 0.431663
vt 0.115186 0.416694
vt 0.606618 0.558047
vt 0.059519 0.409760
vt 0.045742 0.423028
vt 0.031086 0.405577
vt 0.584713 0.639528
vt 0.589621 0.618438
vt 0.580928 0.658785
vt 0.018486 0.389277
vt 0.578300 0.674561
vt 0.595513 0.598114
vt 0.602386 0.577580
vt 0.576872 0.687206
vt 0.576681 0.697709
vt 0.747394 0.425671
vt 0.751323 0.435105
vt 0.754719 0.444550
vt 0.303028 0.065929
vt 0.757307 0.454674
vt 0.293220 0.069190
vt 0.290508 0.061199
vt 0.283259 0.073003
vt 0.280064 0.064698
vt 0.276763 0.055203
vt 0.269735 0.068687
vt 0.266064 0.059170
vt 0.262282 0.049195
vt 0.255535 0.063877
vt 0.251507 0.053803
vt 0.247807 0.043562
vt 0.241054 0.058628
vt 0.237104 0.047985
vt 0.234085 0.039543
vt 0.231654 0.032600
vt 0.226675 0.052501
vt 0.223299 0.044027
vt 0.220518 0.037025
vt 0.149658 0.248922
vt 0.212600 0.048465
vt 0.209731 0.041643
vt 0.167344 0.238083
vt 0.172452 0.246266
vt 0.184104 0.227014
vt 0.189782 0.234773
vt 0.197059 0.244938
vt 0.206176 0.220983
vt 0.213853 0.231721
vt 0.222601 0.244384
vt 0.230313 0.219713
vt 0.238958 0.232746
vt 0.251036 0.250268
vt 0.256949 0.220669
vt 0.267946 0.237727
vt 0.281913 0.255675
vt 0.286856 0.224337
vt 0.299521 0.241321
vt 0.313793 0.259169
vt 0.319167 0.227511
vt 0.332085 0.246459
vt 0.345310 0.266674
vt 0.360302 0.288862
vt 0.351555 0.234590
vt 0.364215 0.254577
vt 0.378796 0.277453
vt 0.636492 0.244117
vt 0.383748 0.242816
vt 0.397512 0.265708
vt 0.639981 0.224184
vt 0.402702 0.231244
vt 0.416134 0.254202
vt 0.645077 0.204540
vt 0.421343 0.219410
vt 0.434519 0.242519
vt 0.650592 0.184962
vt 0.439726 0.206911
vt 0.452244 0.229462
vt 0.655954 0.165092
vt 0.458077 0.193825
vt 0.470022 0.216061
vt 0.662032 0.145155
vt 0.476813 0.181128
vt 0.487889 0.201901
vt 0.669384 0.125308
vt 0.496091 0.168325
vt 0.506352 0.187543
vt 0.679245 0.105762
vt 0.513989 0.154561
vt 0.523716 0.172128
vt 0.689547 0.086127
vt 0.485790 0.148839
vt 0.503738 0.136259
vt 0.520147 0.122854
vt 0.492726 0.117711
vt 0.509077 0.104957
vt 0.526711 0.092477
vt 0.498933 0.087592
vt 0.518094 0.075830
vt 0.538009 0.065432
vt 0.546717 0.081668
vt 0.510853 0.062725
vt 0.530599 0.051864
vt 0.505363 0.052095
vt 0.525266 0.041646
vt 0.501027 0.042819
vt 0.521204 0.033361
vt 0.497329 0.034559
vt 0.517077 0.025098
vt 0.012694 0.145243
vt 0.022004 0.138428
vt 0.025922 0.143260
vt 0.016465 0.149917
vt 0.007589 0.156464
vt 0.003906 0.151909
vt 0.030576 0.149165
vt 0.021129 0.155771
vt 0.012226 0.162189
vt 0.036691 0.156698
vt 0.027296 0.163321
vt 0.018192 0.169640
vt 0.040974 0.142837
vt 0.046957 0.151256
vt 0.052929 0.160515
vt 0.057084 0.146085
vt 0.063138 0.155674
vt 0.069016 0.164779
vt 0.073302 0.150135
vt 0.079531 0.159617
vt 0.085339 0.168623
vt 0.074316 0.173114
vt 0.807199 0.684494
vt 0.800831 0.674724
vt 0.090098 0.153759
vt 0.096358 0.163723
vt 0.794927 0.664776
vt 0.100596 0.148242
vt 0.107292 0.158931
vt 0.790205 0.654419
vt 0.111295 0.143085
vt 0.117972 0.154273
vt 0.786398 0.643846
vt 0.121774 0.137842
vt 0.128498 0.149719
vt 0.782977 0.633337
vt 0.132112 0.132506
vt 0.138640 0.144525
vt 0.779412 0.622972
vt 0.142619 0.127001
vt 0.148866 0.139240
vt 0.776093 0.612504
vt 0.153298 0.121405
vt 0.159339 0.134049
vt 0.773762 0.601749
vt 0.164007 0.116256
vt 0.169516 0.128797
vt 0.772749 0.590952
vt 0.174549 0.111887
vt 0.179758 0.124009
vt 0.772590 0.580064
vt 0.185550 0.107837
vt 0.190109 0.119174
vt 0.772772 0.568976
vt 0.196579 0.103692
vt 0.200443 0.113955
vt 0.773058 0.557519
vt 0.206965 0.098640
vt 0.210735 0.108142
vt 0.772624 0.545617
vt 0.217283 0.093363
vt 0.220924 0.102647
vt 0.771406 0.533875
vt 0.227791 0.088532
vt 0.231201 0.097229
vt 0.770176 0.522231
vt 0.238368 0.083708
vt 0.241637 0.091863
vt 0.768650 0.510395
vt 0.248841 0.078542
vt 0.252182 0.086733
vt 0.766043 0.498710
vt 0.259299 0.073349
vt 0.262663 0.081815
vt 0.763514 0.487326
vt 0.273055 0.077266
vt 0.761352 0.476175
vt 0.759385 0.465235
vt 0.245100 0.069039
vt 0.234612 0.074060
vt 0.230615 0.063309
vt 0.224026 0.078505
vt 0.220015 0.067555
vt 0.215992 0.056809
vt 0.209415 0.072075
vt 0.205234 0.061211
vt 0.201920 0.052502
vt 0.199292 0.045511
vt 0.194554 0.065672
vt 0.191042 0.056527
vt 0.188456 0.049193
vt 0.200009 0.213653
vt 0.179892 0.060741
vt 0.176831 0.053648
vt 0.217211 0.199837
vt 0.222843 0.208537
vt 0.236309 0.188395
vt 0.241599 0.196962
vt 0.248495 0.207848
vt 0.260628 0.183945
vt 0.267363 0.194332
vt 0.276199 0.207710
vt 0.287053 0.180321
vt 0.295953 0.193754
vt 0.306984 0.210151
vt 0.315745 0.179545
vt 0.326826 0.196421
vt 0.339085 0.214846
vt 0.346885 0.183618
vt 0.358750 0.202584
vt 0.371049 0.222746
vt 0.378422 0.190270
vt 0.390287 0.210499
vt 0.397980 0.178221
vt 0.409388 0.198551
vt 0.417481 0.166263
vt 0.428408 0.186351
vt 0.436988 0.153518
vt 0.447303 0.173056
vt 0.456537 0.140833
vt 0.466699 0.160550
vt 0.475391 0.129276
vt 0.445926 0.122556
vt 0.464403 0.110446
vt 0.481839 0.099049
vt 0.455538 0.094892
vt 0.473486 0.083366
vt 0.491548 0.072999
vt 0.467168 0.071566
vt 0.485824 0.061723
vt 0.462009 0.062070
vt 0.481155 0.052182
vt 0.457320 0.053984
vt 0.477105 0.044054
vt 0.032042 0.131210
vt 0.042261 0.123927
vt 0.046095 0.129546
vt 0.035965 0.136343
vt 0.050994 0.136747
vt 0.056248 0.123143
vt 0.060738 0.130489
vt 0.066817 0.140324
vt 0.070898 0.124400
vt 0.076769 0.134156
vt 0.083421 0.143955
vt 0.087483 0.128095
vt 0.093980 0.138034
vt 0.098349 0.122209
vt 0.104871 0.132583
vt 0.109168 0.116256
vt 0.115494 0.126929
vt 0.120124 0.110414
vt 0.126137 0.121376
vt 0.131156 0.104757
vt 0.136940 0.115859
vt 0.142298 0.099151
vt 0.147877 0.110264
vt 0.153764 0.093899
vt 0.158819 0.104840
vt 0.165743 0.088856
vt 0.170015 0.100308
vt 0.177395 0.085089
vt 0.181389 0.096943
vt 0.188535 0.081414
vt 0.192668 0.093012
vt 0.199029 0.076889
vt 0.203184 0.088235
vt 0.213496 0.083078
vt 0.183841 0.069984
vt 0.172558 0.073948
vt 0.168437 0.065207
vt 0.165233 0.058291
vt 0.160783 0.078398
vt 0.156857 0.069567
vt 0.153891 0.062698
vt 0.255168 0.176052
vt 0.144979 0.074223
vt 0.141948 0.067177
vt 0.274425 0.161654
vt 0.280068 0.169920
vt 0.294622 0.147421
vt 0.300201 0.155647
vt 0.307153 0.166306
vt 0.321005 0.142335
vt 0.327729 0.153198
vt 0.335999 0.166353
vt 0.348685 0.140605
vt 0.356613 0.153935
vt 0.367046 0.171184
vt 0.376970 0.141615
vt 0.386998 0.158785
vt 0.397079 0.130010
vt 0.406884 0.147032
vt 0.417028 0.118531
vt 0.426552 0.134927
vt 0.436570 0.106751
vt 0.409717 0.105935
vt 0.429405 0.094486
vt 0.448786 0.082869
vt 0.423662 0.084702
vt 0.443170 0.073412
vt 0.418947 0.076514
vt 0.438225 0.065370
vt 0.052586 0.117115
vt 0.062801 0.110916
vt 0.066465 0.116953
vt 0.073096 0.104603
vt 0.076883 0.110716
vt 0.081489 0.118321
vt 0.087606 0.104341
vt 0.092279 0.112153
vt 0.098620 0.097803
vt 0.103275 0.105991
vt 0.109786 0.091354
vt 0.114405 0.099894
vt 0.121218 0.085275
vt 0.125600 0.093929
vt 0.133099 0.079483
vt 0.137136 0.088276
vt 0.148926 0.083287
vt 0.129894 0.072417
vt 0.117670 0.078365
vt 0.315888 0.133829
vt 0.106097 0.084541
vt 0.336987 0.121451
vt 0.342251 0.129977
vt 0.357500 0.108688
vt 0.362844 0.117462
vt 0.369148 0.128168
vt 0.383425 0.106276
vt 0.389568 0.117144
vt 0.403757 0.095577
vt 0.378552 0.097359
vt 0.399112 0.087022
vt 0.083687 0.098011
vt 0.094739 0.091036
vt 0.015899 0.347306
vt 0.003906 0.350506
vt 0.611103 0.334781
vt 0.598029 0.343203
vt 0.589670 0.324130
vt 0.609185 0.319322
vt 0.625512 0.340781
vt 0.609715 0.356580
vt 0.627326 0.316768
vt 0.757634 0.024215
vt 0.767176 0.013759
vt 0.775782 0.033892
vt 0.759367 0.040128
vt 0.841364 0.714164
vt 0.845043 0.719302
vt 0.840880 0.707221
vt 0.848554 0.709188
vt 0.577950 0.239700
vt 0.583151 0.248566
vt 0.565524 0.255180
vt 0.561082 0.244064
vt 0.590156 0.227969
vt 0.599421 0.238477
vt 0.802274 0.840859
vt 0.802069 0.833678
vt 0.809606 0.832375
vt 0.809458 0.842752
vt 0.800818 0.851210
vt 0.797026 0.844814
vt 0.793145 0.838089
vt 0.787042 0.850338
vt 0.783944 0.842960
vt 0.789623 0.828780
vt 0.799212 0.825648
vt 0.779765 0.833655
vt 0.773595 0.847562
vt 0.769783 0.838022
vt 0.775879 0.822492
vt 0.786199 0.818633
vt 0.765707 0.826177
vt 0.761029 0.840962
vt 0.757175 0.828906
vt 0.762042 0.814572
vt 0.772286 0.811304
vt 0.753571 0.817092
vt 0.750416 0.830908
vt 0.746811 0.819046
vt 0.750399 0.805481
vt 0.758873 0.802988
vt 0.743552 0.807382
vt 0.477653 0.271066
vt 0.497370 0.260988
vt 0.501506 0.269697
vt 0.481620 0.279342
vt 0.740738 0.796196
vt 0.747437 0.794202
vt 0.462218 0.288453
vt 0.458581 0.280302
vt 0.486609 0.290140
vt 0.466922 0.299312
vt 0.442570 0.296199
vt 0.438931 0.287342
vt 0.447397 0.307706
vt 0.472638 0.312631
vt 0.453324 0.320979
vt 0.429040 0.316151
vt 0.423604 0.304492
vt 0.434943 0.329087
vt 0.461219 0.338920
vt 0.443364 0.347987
vt 0.417075 0.338531
vt 0.411052 0.325198
vt 0.424910 0.356603
vt 0.451815 0.367943
vt 0.433333 0.376805
vt 0.405867 0.365501
vt 0.398009 0.347807
vt 0.414628 0.385913
vt 0.441883 0.396606
vt 0.423293 0.406200
vt 0.396447 0.395734
vt 0.387178 0.374776
vt 0.405110 0.416663
vt 0.431854 0.425768
vt 0.413687 0.436495
vt 0.386240 0.426360
vt 0.377967 0.405098
vt 0.394574 0.446665
vt 0.422222 0.456096
vt 0.403521 0.467695
vt 0.374480 0.455511
vt 0.365696 0.434707
vt 0.384458 0.478089
vt 0.744049 0.324055
vt 0.735080 0.343224
vt 0.713016 0.332767
vt 0.719365 0.313213
vt 0.365672 0.487907
vt 0.354533 0.464125
vt 0.725403 0.294875
vt 0.752392 0.305623
vt 0.731191 0.277372
vt 0.760362 0.287427
vt 0.736247 0.260484
vt 0.739754 0.243283
vt 0.742327 0.225446
vt 0.744836 0.207101
vt 0.747556 0.188506
vt 0.749897 0.169813
vt 0.751499 0.150877
vt 0.752149 0.130878
vt 0.752370 0.108861
vt 0.754183 0.085330
vt 0.757297 0.062092
vt 0.775738 0.057014
vt 0.774179 0.079622
vt 0.120027 0.590295
vt 0.111388 0.574290
vt 0.132091 0.567910
vt 0.141513 0.584368
vt 0.098324 0.596237
vt 0.090842 0.581610
vt 0.082585 0.567425
vt 0.103191 0.557269
vt 0.070142 0.591952
vt 0.061759 0.578620
vt 0.078560 0.603858
vt 0.052757 0.603926
vt 0.042240 0.590373
vt 0.063185 0.615969
vt 0.032034 0.576185
vt 0.052574 0.564204
vt 0.021863 0.561008
vt 0.043065 0.549076
vt 0.013212 0.546740
vt 0.035279 0.535592
vt 0.007413 0.535650
vt 0.030060 0.525558
vt 0.005491 0.525950
vt 0.026136 0.517356
vt 0.003906 0.516442
vt 0.022659 0.508874
vt 0.704215 0.531068
vt 0.698348 0.530710
vt 0.711602 0.531504
vt 0.721201 0.532025
vt 0.730798 0.532369
vt 0.739753 0.532226
vt 0.748347 0.531803
vt 0.740717 0.543208
vt 0.731349 0.543628
vt 0.749375 0.542280
vt 0.742563 0.553895
vt 0.732403 0.554717
vt 0.751497 0.553240
vt 0.754071 0.564087
vt 0.744922 0.564704
vt 0.848538 0.697856
vt 0.840205 0.696471
vt 0.838597 0.684591
vt 0.847829 0.686543
vt 0.837496 0.672220
vt 0.836851 0.660434
vt 0.836373 0.649665
vt 0.835158 0.639508
vt 0.833377 0.629584
vt 0.831544 0.619630
vt 0.829877 0.609766
vt 0.828172 0.600196
vt 0.825986 0.590993
vt 0.823000 0.581901
vt 0.819540 0.572553
vt 0.815751 0.562699
vt 0.811717 0.552125
vt 0.807751 0.540762
vt 0.804142 0.529107
vt 0.800647 0.517398
vt 0.797362 0.505293
vt 0.794493 0.493235
vt 0.791759 0.481679
vt 0.788804 0.470569
vt 0.785912 0.459554
vt 0.783351 0.448527
vt 0.781477 0.437617
vt 0.780344 0.427153
vt 0.778427 0.417373
vt 0.776176 0.405947
vt 0.774397 0.394543
vt 0.771902 0.383259
vt 0.769584 0.373433
vt 0.767879 0.366151
vt 0.642186 0.698735
vt 0.640347 0.708315
vt 0.644589 0.686753
vt 0.647270 0.672037
vt 0.650542 0.652961
vt 0.653466 0.631920
vt 0.656381 0.610339
vt 0.659926 0.588661
vt 0.663142 0.569810
vt 0.665334 0.549341
vt 0.668009 0.527539
vt 0.672158 0.506083
vt 0.676694 0.484850
vt 0.681091 0.463741
vt 0.685293 0.442005
vt 0.689893 0.419619
vt 0.695036 0.397219
vt 0.700503 0.375211
vt 0.706448 0.353539
vt 0.726816 0.363456
vt 0.719858 0.384030
vt 0.713644 0.404844
vt 0.440368 0.444835
vt 0.450340 0.415549
vt 0.458443 0.433355
vt 0.469047 0.405315
vt 0.476878 0.422150
vt 0.460520 0.387103
vt 0.479108 0.376756
vt 0.487590 0.394624
vt 0.470049 0.358528
vt 0.488357 0.348066
vt 0.497602 0.366141
vt 0.479703 0.329346
vt 0.499221 0.319513
vt 0.507245 0.337844
vt 0.492312 0.303193
vt 0.511928 0.293693
vt 0.518899 0.310134
vt 0.506370 0.280753
vt 0.526594 0.271430
vt 0.531775 0.284476
vt 0.522080 0.260119
vt 0.542215 0.250690
vt 0.546483 0.262091
vt 0.517964 0.251337
vt 0.538704 0.241223
vt 0.558336 0.234536
vt 0.754164 0.843251
vt 0.764499 0.851561
vt 0.757918 0.854146
vt 0.767272 0.858337
vt 0.760390 0.860953
vt 0.776488 0.854661
vt 0.778993 0.861369
vt 0.769460 0.864904
vt 0.789957 0.856746
vt 0.784027 0.393243
vt 0.781187 0.381778
vt 0.786599 0.404849
vt 0.779381 0.371838
vt 0.778081 0.364567
vt 0.762390 0.867169
vt 0.571593 0.268443
vt 0.551729 0.275462
vt 0.589732 0.262219
vt 0.596948 0.279893
vt 0.578912 0.285879
vt 0.558529 0.292595
vt 0.585420 0.305298
vt 0.564919 0.311907
vt 0.538402 0.301273
vt 0.546100 0.320743
vt 0.572302 0.332307
vt 0.554126 0.340286
vt 0.526860 0.329080
vt 0.534960 0.347909
vt 0.562163 0.358324
vt 0.543263 0.366230
vt 0.516055 0.356308
vt 0.524708 0.374600
vt 0.551145 0.382793
vt 0.532606 0.391552
vt 0.506203 0.384069
vt 0.514098 0.401093
vt 0.699018 0.469023
vt 0.694514 0.489549
vt 0.495554 0.411449
vt 0.703211 0.447855
vt 0.707894 0.426223
vt 0.689775 0.509652
vt 0.685458 0.529770
vt 0.569970 0.374802
vt 0.682347 0.550190
vt 0.581362 0.351217
vt 0.589332 0.367160
vt 0.681047 0.571996
vt 0.603685 0.299759
vt 0.622112 0.294639
vt 0.614534 0.273150
vt 0.671960 0.655880
vt 0.675022 0.634444
vt 0.668515 0.675200
vt 0.606903 0.254015
vt 0.665252 0.690857
vt 0.676890 0.613366
vt 0.677918 0.591736
vt 0.662004 0.703161
vt 0.658379 0.713020
vt 0.787887 0.416274
vt 0.788514 0.426475
vt 0.789625 0.436449
vt 0.806735 0.822793
vt 0.791760 0.446678
vt 0.795499 0.815520
vt 0.803542 0.812963
vt 0.792121 0.805037
vt 0.800702 0.802681
vt 0.782519 0.808011
vt 0.779366 0.797045
vt 0.789205 0.794355
vt 0.769091 0.799918
vt 0.766409 0.788510
vt 0.776909 0.785776
vt 0.755970 0.791606
vt 0.753181 0.780365
vt 0.764093 0.777231
vt 0.744595 0.782943
vt 0.737563 0.785105
vt 0.741806 0.771600
vt 0.750631 0.769291
vt 0.734519 0.773514
vt 0.419374 0.295627
vt 0.731838 0.762091
vt 0.739032 0.760353
vt 0.405502 0.313906
vt 0.401052 0.305348
vt 0.386797 0.322987
vt 0.383001 0.314154
vt 0.391851 0.334419
vt 0.371934 0.342163
vt 0.366590 0.330095
vt 0.378393 0.356132
vt 0.360057 0.364302
vt 0.353228 0.350234
vt 0.369006 0.383608
vt 0.349613 0.391795
vt 0.340513 0.373657
vt 0.357969 0.412943
vt 0.336659 0.420809
vt 0.328471 0.401273
vt 0.344775 0.442169
vt 0.324533 0.451458
vt 0.314782 0.430707
vt 0.335218 0.473119
vt 0.346702 0.497305
vt 0.315192 0.483246
vt 0.304416 0.462189
vt 0.327479 0.507427
vt 0.766879 0.268554
vt 0.307853 0.517568
vt 0.295137 0.494083
vt 0.770845 0.248710
vt 0.288482 0.527747
vt 0.275541 0.504513
vt 0.773207 0.228554
vt 0.269081 0.537626
vt 0.255878 0.514538
vt 0.775156 0.208307
vt 0.248834 0.546233
vt 0.235775 0.523997
vt 0.777353 0.187845
vt 0.228270 0.554701
vt 0.215186 0.533121
vt 0.778907 0.167060
vt 0.207018 0.562845
vt 0.194741 0.542764
vt 0.779241 0.145897
vt 0.185311 0.571383
vt 0.173942 0.552801
vt 0.777127 0.124107
vt 0.163285 0.578419
vt 0.153036 0.561146
vt 0.774635 0.102073
vt 0.142371 0.543127
vt 0.162336 0.534099
vt 0.122462 0.550427
vt 0.112529 0.532045
vt 0.131910 0.524385
vt 0.092668 0.541008
vt 0.082698 0.525391
vt 0.102743 0.514693
vt 0.072992 0.552934
vt 0.063323 0.537425
vt 0.055655 0.524217
vt 0.075313 0.512587
vt 0.050040 0.514335
vt 0.069214 0.502424
vt 0.045416 0.506428
vt 0.063668 0.493894
vt 0.040795 0.498418
vt 0.058604 0.486404
vt 0.698268 0.541910
vt 0.704274 0.542191
vt 0.704563 0.553798
vt 0.698345 0.553505
vt 0.711771 0.542514
vt 0.712088 0.554057
vt 0.721547 0.543060
vt 0.721802 0.554536
vt 0.723518 0.566026
vt 0.713179 0.566193
vt 0.734529 0.565348
vt 0.736685 0.576435
vt 0.725366 0.577246
vt 0.747506 0.575767
vt 0.749584 0.587292
vt 0.738252 0.587901
vt 0.757361 0.575089
vt 0.760280 0.586626
vt 0.848181 0.674984
vt 0.849595 0.663408
vt 0.762869 0.598401
vt 0.751133 0.599273
vt 0.850514 0.651876
vt 0.765496 0.610046
vt 0.752917 0.610996
vt 0.850192 0.640499
vt 0.768080 0.621407
vt 0.755112 0.622669
vt 0.848954 0.629329
vt 0.770657 0.632582
vt 0.757107 0.634215
vt 0.847397 0.618388
vt 0.772492 0.643829
vt 0.758944 0.645702
vt 0.846033 0.607512
vt 0.774303 0.655196
vt 0.760744 0.657426
vt 0.844403 0.596652
vt 0.776337 0.666707
vt 0.762575 0.669344
vt 0.841759 0.585970
vt 0.778145 0.678015
vt 0.764782 0.681019
vt 0.837914 0.575830
vt 0.780367 0.689101
vt 0.767519 0.692098
vt 0.833261 0.565985
vt 0.782615 0.700302
vt 0.770784 0.703357
vt 0.828215 0.556110
vt 0.784543 0.711718
vt 0.773989 0.714695
vt 0.822912 0.545950
vt 0.785968 0.723451
vt 0.776083 0.726053
vt 0.818060 0.535074
vt 0.787590 0.734913
vt 0.777956 0.737490
vt 0.813982 0.523995
vt 0.789324 0.746401
vt 0.780300 0.748815
vt 0.809958 0.512999
vt 0.791195 0.757986
vt 0.782691 0.760192
vt 0.806116 0.501701
vt 0.793320 0.769518
vt 0.784745 0.771688
vt 0.803310 0.490061
vt 0.795579 0.780874
vt 0.786767 0.783188
vt 0.800567 0.478727
vt 0.798081 0.791938
vt 0.797598 0.467764
vt 0.794545 0.457076
vt 0.774875 0.774313
vt 0.772695 0.762891
vt 0.761669 0.766052
vt 0.758799 0.754999
vt 0.769994 0.751732
vt 0.747761 0.758134
vt 0.744924 0.746863
vt 0.756151 0.743784
vt 0.735947 0.749361
vt 0.728760 0.751393
vt 0.732734 0.738217
vt 0.742179 0.735618
vt 0.725295 0.740485
vt 0.363412 0.321059
vt 0.721986 0.728483
vt 0.729512 0.726740
vt 0.347401 0.338122
vt 0.342771 0.328850
vt 0.327901 0.348390
vt 0.323212 0.339480
vt 0.333770 0.359860
vt 0.312542 0.369239
vt 0.307020 0.358161
vt 0.319570 0.383647
vt 0.297513 0.393565
vt 0.290469 0.379076
vt 0.306026 0.411396
vt 0.284118 0.421505
vt 0.275218 0.403390
vt 0.293753 0.441420
vt 0.273198 0.452122
vt 0.262897 0.432273
vt 0.284309 0.472952
vt 0.263985 0.483288
vt 0.252595 0.462801
vt 0.243987 0.493656
vt 0.232277 0.473519
vt 0.223814 0.503821
vt 0.212063 0.484233
vt 0.202759 0.513321
vt 0.191165 0.494554
vt 0.182128 0.523644
vt 0.170290 0.504946
vt 0.150727 0.515314
vt 0.140103 0.496396
vt 0.159949 0.486594
vt 0.121382 0.505687
vt 0.112206 0.490615
vt 0.131263 0.480926
vt 0.094066 0.501023
vt 0.087421 0.490378
vt 0.105346 0.479207
vt 0.081705 0.481474
vt 0.099859 0.469926
vt 0.076847 0.473806
vt 0.095329 0.461752
vt 0.698512 0.565891
vt 0.704974 0.566006
vt 0.705522 0.578202
vt 0.698723 0.578448
vt 0.714229 0.577877
vt 0.714975 0.589436
vt 0.706396 0.590177
vt 0.726502 0.588498
vt 0.727441 0.600169
vt 0.716103 0.601229
vt 0.739278 0.599713
vt 0.740774 0.611725
vt 0.728918 0.612390
vt 0.742847 0.623727
vt 0.730625 0.624629
vt 0.744596 0.635633
vt 0.732251 0.636871
vt 0.746439 0.647495
vt 0.734046 0.649156
vt 0.748405 0.659464
vt 0.736036 0.661393
vt 0.750390 0.671588
vt 0.738133 0.673690
vt 0.752514 0.683615
vt 0.740707 0.686036
vt 0.755507 0.695317
vt 0.743753 0.698671
vt 0.759545 0.706470
vt 0.747632 0.710286
vt 0.763071 0.717882
vt 0.751282 0.721435
vt 0.765463 0.729181
vt 0.753864 0.732567
vt 0.767429 0.740542
vt 0.739296 0.724436
vt 0.735793 0.713001
vt 0.726312 0.714869
vt 0.718844 0.716392
vt 0.722953 0.702960
vt 0.732392 0.700882
vt 0.715664 0.704647
vt 0.302998 0.349448
vt 0.712184 0.692375
vt 0.719655 0.690636
vt 0.285062 0.367775
vt 0.280812 0.358715
vt 0.262539 0.377862
vt 0.258290 0.368877
vt 0.268185 0.389264
vt 0.246440 0.400326
vt 0.240503 0.389016
vt 0.253564 0.414130
vt 0.232394 0.425577
vt 0.224946 0.411981
vt 0.241942 0.443318
vt 0.221123 0.454204
vt 0.211439 0.436858
vt 0.200891 0.465365
vt 0.191224 0.448294
vt 0.180463 0.476167
vt 0.171199 0.459668
vt 0.151120 0.470555
vt 0.144229 0.458174
vt 0.164083 0.446988
vt 0.124391 0.469030
vt 0.119141 0.459393
vt 0.138743 0.448263
vt 0.114757 0.451041
vt 0.134103 0.440042
vt 0.699370 0.590805
vt 0.707476 0.602077
vt 0.700442 0.602708
vt 0.708636 0.614165
vt 0.701469 0.614742
vt 0.717492 0.613362
vt 0.718928 0.625708
vt 0.709867 0.626579
vt 0.720490 0.638215
vt 0.711137 0.639325
vt 0.722185 0.650793
vt 0.712569 0.652140
vt 0.724024 0.663344
vt 0.714457 0.664950
vt 0.726316 0.675985
vt 0.716842 0.677951
vt 0.729294 0.688436
vt 0.709253 0.679562
vt 0.706790 0.666192
vt 0.235778 0.380288
vt 0.704896 0.653212
vt 0.219065 0.401042
vt 0.214399 0.392177
vt 0.197824 0.412429
vt 0.192985 0.403368
vt 0.203838 0.423296
vt 0.183970 0.435299
vt 0.177738 0.424491
vt 0.158204 0.436599
vt 0.153203 0.428251
vt 0.172538 0.415764
vt 0.702445 0.627179
vt 0.703387 0.640215
vt 0.572077 0.230455
vt 0.580929 0.221755
vn -0.755180 -0.368726 -0.541982
vn -0.861495 -0.456045 -0.223270
vn -0.975908 0.197936 -0.091786
vn -0.843201 0.101940 -0.527846
vn -0.755180 -0.368726 -0.541982
vn -0.843201 0.101940 -0.527846
vn -0.274007 -0.129291 -0.952997
vn -0.187264 -0.716852 -0.671607
vn -0.755180 -0.368726 -0.541982
vn -0.187264 -0.716852 -0.671607
vn -0.195237 -0.952916 -0.232023
vn -0.861495 -0.456045 -0.223270
vn -0.363660 0.478033 -0.799522
vn -0.349796 0.254783 -0.901514
vn -0.761686 0.419120 -0.494138
vn -0.589968 0.721843 -0.361773
vn -0.363660 0.478033 -0.799522
vn -0.589968 0.721843 -0.361773
vn 0.000000 0.935616 -0.353020
vn 0.000000 0.569580 -0.821936
vn -0.363660 0.478033 -0.799522
vn 0.000000 0.569580 -0.821936
vn 0.000000 0.138903 -0.990306
vn -0.349796 0.254783 -0.901514
vn 0.365680 -0.326565 0.871570
vn 0.000000 -0.410418 0.911897
vn 0.000000 -0.899928 0.436038
vn 0.631295 -0.660482 0.406486
vn 0.365680 -0.326565 0.871570
vn 0.296724 -0.163370 0.940885
vn 0.000000 -0.067782 0.997700
vn 0.000000 -0.410418 0.911897
vn 0.365680 -0.326565 0.871570
vn 0.631295 -0.660482 0.406486
vn 0.779702 -0.368000 0.506598
vn 0.296724 -0.163370 0.940885
vn -0.623467 -0.285522 0.727850
vn -0.417267 0.104053 0.902807
vn -0.946238 0.300666 0.119303
vn -0.880144 -0.457091 0.128118
vn -0.623467 -0.285522 0.727850
vn -0.880144 -0.457091 0.128118
vn -0.205830 -0.972034 0.113066
vn -0.126895 -0.499595 0.856914
vn 0.922587 0.103298 0.371702
vn 0.317206 0.653711 0.687053
vn 0.413483 0.057145 0.908717
vn 0.927180 -0.173678 0.331924
vn 0.922587 0.103298 0.371702
vn 0.967635 0.204071 0.148451
vn 0.280186 0.931689 0.231196
vn 0.317206 0.653711 0.687053
vn 0.922587 0.103298 0.371702
vn 0.927180 -0.173678 0.331924
vn 0.961752 -0.273838 0.006821
vn 0.967635 0.204071 0.148451
vn 0.961752 -0.273838 0.006821
vn 0.949324 -0.314140 -0.009995
vn 0.963721 0.259668 0.061765
vn 0.967635 0.204071 0.148451
vn 0.961752 -0.273838 0.006821
vn 0.927180 -0.173678 0.331924
vn 0.957908 -0.105812 0.266863
vn 0.995396 -0.094849 0.013808
vn 0.961752 -0.273838 0.006821
vn 0.995396 -0.094849 0.013808
vn 0.992702 -0.120384 -0.007031
vn 0.949324 -0.314140 -0.009995
vn 0.992702 -0.120384 -0.007031
vn 0.989008 -0.146725 -0.018303
vn 0.938401 -0.345292 -0.013329
vn 0.949324 -0.314140 -0.009995
vn 0.992702 -0.120384 -0.007031
vn 0.995396 -0.094849 0.013808
vn 0.999578 0.008670 0.027722
vn 0.999819 0.018242 0.005492
vn 0.992702 -0.120384 -0.007031
vn 0.999819 0.018242 0.005492
vn 0.999619 0.026454 -0.007826
vn 0.989008 -0.146725 -0.018303
vn 0.999619 0.026454 -0.007826
vn 0.999327 0.036098 -0.006531
vn 0.987249 -0.157896 -0.020207
vn 0.989008 -0.146725 -0.018303
vn 0.999619 0.026454 -0.007826
vn 0.999819 0.018242 0.005492
vn 0.997767 0.065153 0.014699
vn 0.997653 0.068471 0.001067
vn 0.999619 0.026454 -0.007826
vn 0.997653 0.068471 0.001067
vn 0.997626 0.068851 0.001371
vn 0.999327 0.036098 -0.006531
vn 0.997626 0.068851 0.001371
vn 0.919758 0.059047 0.388020
vn 0.930034 0.030789 0.366182
vn 0.999327 0.036098 -0.006531
vn 0.997626 0.068851 0.001371
vn 0.997653 0.068471 0.001067
vn 0.994370 0.105817 0.005643
vn 0.994243 0.107145 0.000345
vn 0.997626 0.068851 0.001371
vn 0.994243 0.107145 0.000345
vn 0.916285 0.096072 0.388834
vn 0.919758 0.059047 0.388020
vn 0.916285 0.096072 0.388834
vn -0.543212 -0.056220 0.837711
vn -0.515327 -0.043719 0.855878
vn 0.919758 0.059047 0.388020
vn 0.916285 0.096072 0.388834
vn 0.994243 0.107145 0.000345
vn 0.999796 -0.018481 -0.008121
vn 0.922779 -0.022318 0.384682
vn 0.916285 0.096072 0.388834
vn 0.922779 -0.022318 0.384682
vn -0.577206 0.009873 0.816539
vn -0.543212 -0.056220 0.837711
vn -0.577206 0.009873 0.816539
vn -0.994442 0.017687 0.103785
vn -0.989974 -0.105757 0.093636
vn -0.543212 -0.056220 0.837711
vn -0.577206 0.009873 0.816539
vn 0.922779 -0.022318 0.384682
vn 0.931926 -0.048563 0.359383
vn -0.502507 0.025440 0.864199
vn -0.577206 0.009873 0.816539
vn -0.502507 0.025440 0.864199
vn -0.993296 0.056065 0.101093
vn -0.994442 0.017687 0.103785
vn -0.993296 0.056065 0.101093
vn -0.998515 0.051782 0.016941
vn -0.999923 0.012081 0.002810
vn -0.994442 0.017687 0.103785
vn -0.993296 0.056065 0.101093
vn -0.502507 0.025440 0.864199
vn -0.471197 -0.069004 0.879325
vn -0.979265 -0.179007 0.094852
vn -0.993296 0.056065 0.101093
vn -0.979265 -0.179007 0.094852
vn -0.984331 -0.175317 0.018890
vn -0.998515 0.051782 0.016941
vn -0.984331 -0.175317 0.018890
vn -0.985646 -0.168274 0.013634
vn -0.999292 0.035989 0.010945
vn -0.998515 0.051782 0.016941
vn -0.984331 -0.175317 0.018890
vn -0.979265 -0.179007 0.094852
vn -0.932512 -0.351512 0.082830
vn -0.940408 -0.340041 0.002400
vn -0.984331 -0.175317 0.018890
vn -0.940408 -0.340041 0.002400
vn -0.946638 -0.322273 -0.004088
vn -0.985646 -0.168274 0.013634
vn -0.946638 -0.322273 -0.004088
vn -0.954228 -0.298420 -0.019873
vn -0.986864 -0.161530 0.002814
vn -0.985646 -0.168274 0.013634
vn -0.946638 -0.322273 -0.004088
vn -0.940408 -0.340041 0.002400
vn -0.966645 -0.255989 -0.008216
vn -0.967064 -0.254000 -0.016470
vn -0.946638 -0.322273 -0.004088
vn -0.967064 -0.254000 -0.016470
vn -0.967750 -0.249228 -0.036688
vn -0.954228 -0.298420 -0.019873
vn -0.967750 -0.249228 -0.036688
vn -0.957969 -0.235865 -0.163286
vn -0.958115 -0.258966 -0.122277
vn -0.954228 -0.298420 -0.019873
vn -0.967750 -0.249228 -0.036688
vn -0.967064 -0.254000 -0.016470
vn -0.972274 -0.233666 -0.009101
vn -0.967084 -0.252592 -0.030758
vn -0.967750 -0.249228 -0.036688
vn -0.967084 -0.252592 -0.030758
vn -0.946032 -0.265274 -0.186152
vn -0.957969 -0.235865 -0.163286
vn -0.946032 -0.265274 -0.186152
vn -0.657602 -0.194318 -0.727874
vn -0.727126 -0.170898 -0.664892
vn -0.957969 -0.235865 -0.163286
vn -0.946032 -0.265274 -0.186152
vn -0.967084 -0.252592 -0.030758
vn -0.896378 -0.441889 -0.035224
vn -0.887276 -0.401499 -0.227023
vn -0.946032 -0.265274 -0.186152
vn -0.887276 -0.401499 -0.227023
vn -0.580356 -0.231643 -0.780723
vn -0.657602 -0.194318 -0.727874
vn -0.580356 -0.231643 -0.780723
vn -0.110104 -0.030560 -0.993450
vn -0.142162 -0.041687 -0.988965
vn -0.657602 -0.194318 -0.727874
vn -0.580356 -0.231643 -0.780723
vn -0.887276 -0.401499 -0.227023
vn -0.872866 -0.388294 -0.295522
vn -0.555938 -0.188704 -0.809521
vn -0.580356 -0.231643 -0.780723
vn -0.555938 -0.188704 -0.809521
vn -0.106132 -0.011987 -0.994280
vn -0.110104 -0.030560 -0.993450
vn -0.106132 -0.011987 -0.994280
vn -0.010126 0.007365 -0.999922
vn -0.007660 0.006291 -0.999951
vn -0.110104 -0.030560 -0.993450
vn -0.106132 -0.011987 -0.994280
vn -0.555938 -0.188704 -0.809521
vn -0.548580 -0.152059 -0.822155
vn -0.108873 -0.013673 -0.993962
vn -0.106132 -0.011987 -0.994280
vn -0.108873 -0.013673 -0.993962
vn -0.011576 0.005641 -0.999917
vn -0.010126 0.007365 -0.999922
vn -0.011576 0.005641 -0.999917
vn 0.000000 0.006331 -0.999980
vn 0.000000 0.006528 -0.999979
vn -0.010126 0.007365 -0.999922
vn -0.011576 0.005641 -0.999917
vn -0.108873 -0.013673 -0.993962
vn -0.102673 -0.027972 -0.994322
vn -0.010000 0.002259 -0.999947
vn -0.011576 0.005641 -0.999917
vn -0.010000 0.002259 -0.999947
vn 0.000000 0.005926 -0.999982
vn 0.000000 0.006331 -0.999980
vn 0.000000 0.005926 -0.999982
vn -0.010000 0.002259 -0.999947
vn -0.007331 0.003304 -0.999968
vn 0.000000 0.005960 -0.999982
vn 0.000000 0.005960 -0.999982
vn -0.007331 0.003304 -0.999968
vn -0.006852 0.007803 -0.999946
vn 0.000000 0.006626 -0.999978
vn 0.000000 0.006626 -0.999978
vn -0.006852 0.007803 -0.999946
vn -0.008254 0.009211 -0.999924
vn 0.000000 0.007243 -0.999974
vn 0.000000 0.007243 -0.999974
vn -0.008254 0.009211 -0.999924
vn -0.009766 0.008617 -0.999915
vn 0.000000 0.007318 -0.999973
vn 0.000000 0.007318 -0.999973
vn -0.009766 0.008617 -0.999915
vn -0.010944 0.009007 -0.999900
vn 0.000000 0.007586 -0.999971
vn 0.000000 0.007586 -0.999971
vn -0.010944 0.009007 -0.999900
vn -0.012862 0.012447 -0.999840
vn 0.000000 0.008654 -0.999963
vn 0.000000 0.008654 -0.999963
vn -0.012862 0.012447 -0.999840
vn -0.017357 0.017091 -0.999703
vn 0.000000 0.010171 -0.999948
vn 0.000000 0.010171 -0.999948
vn -0.017357 0.017091 -0.999703
vn -0.026898 0.027634 -0.999256
vn 0.000000 0.012242 -0.999925
vn 0.000000 0.012242 -0.999925
vn -0.026898 0.027634 -0.999256
vn -0.052984 0.054138 -0.997127
vn 0.000000 0.020073 -0.999799
vn 0.000000 0.020073 -0.999799
vn -0.052984 0.054138 -0.997127
vn -0.120279 0.086057 -0.989003
vn 0.000000 0.033419 -0.999441
vn 0.000000 0.033419 -0.999441
vn -0.120279 0.086057 -0.989003
vn -0.241643 0.127041 -0.962013
vn 0.000000 0.055510 -0.998458
vn 0.000000 0.055510 -0.998458
vn -0.241643 0.127041 -0.962013
vn -0.349796 0.254783 -0.901514
vn 0.000000 0.138903 -0.990306
vn -0.241643 0.127041 -0.962013
vn -0.120279 0.086057 -0.989003
vn -0.558442 0.257596 -0.788535
vn -0.713196 0.268808 -0.647374
vn -0.241643 0.127041 -0.962013
vn -0.713196 0.268808 -0.647374
vn -0.761686 0.419120 -0.494138
vn -0.349796 0.254783 -0.901514
vn -0.713196 0.268808 -0.647374
vn -0.558442 0.257596 -0.788535
vn -0.890420 0.357726 -0.281397
vn -0.922859 0.307325 -0.232126
vn -0.713196 0.268808 -0.647374
vn -0.922859 0.307325 -0.232126
vn -0.861172 0.469925 -0.193785
vn -0.761686 0.419120 -0.494138
vn -0.861172 0.469925 -0.193785
vn -0.922859 0.307325 -0.232126
vn -0.954445 0.286260 -0.084201
vn -0.874980 0.474321 -0.097106
vn -0.861172 0.469925 -0.193785
vn -0.874980 0.474321 -0.097106
vn -0.603969 0.792445 -0.085164
vn -0.604895 0.781605 -0.152304
vn -0.861172 0.469925 -0.193785
vn -0.604895 0.781605 -0.152304
vn -0.589968 0.721843 -0.361773
vn -0.761686 0.419120 -0.494138
vn -0.604895 0.781605 -0.152304
vn -0.603969 0.792445 -0.085164
vn 0.000000 0.997247 -0.074149
vn 0.000000 0.990091 -0.140425
vn -0.604895 0.781605 -0.152304
vn 0.000000 0.990091 -0.140425
vn 0.000000 0.935616 -0.353020
vn -0.589968 0.721843 -0.361773
vn 0.000000 0.997247 -0.074149
vn -0.603969 0.792445 -0.085164
vn -0.598102 0.799657 -0.053121
vn 0.000000 0.998930 -0.046243
vn 0.000000 0.998930 -0.046243
vn -0.598102 0.799657 -0.053121
vn -0.591325 0.805662 -0.035260
vn 0.000000 0.999493 -0.031854
vn 0.000000 0.999493 -0.031854
vn -0.591325 0.805662 -0.035260
vn -0.589265 0.807396 -0.029644
vn 0.000000 0.999655 -0.026253
vn 0.000000 0.999655 -0.026253
vn -0.589265 0.807396 -0.029644
vn -0.585068 0.780419 0.220550
vn 0.000000 0.969502 0.245084
vn 0.000000 0.969502 0.245084
vn -0.585068 0.780419 0.220550
vn -0.148752 0.150377 0.977374
vn 0.000000 0.215760 0.976447
vn 0.000000 0.215760 0.976447
vn -0.148752 0.150377 0.977374
vn 0.584595 -0.759826 0.284452
vn 0.000000 -0.960333 0.278857
vn 0.000000 -0.960333 0.278857
vn 0.584595 -0.759826 0.284452
vn 0.629120 -0.776744 0.029616
vn 0.000000 -0.999584 0.028830
vn 0.000000 -0.999584 0.028830
vn 0.629120 -0.776744 0.029616
vn 0.638176 -0.768491 0.046393
vn 0.000000 -0.998931 0.046220
vn 0.000000 -0.998931 0.046220
vn 0.638176 -0.768491 0.046393
vn 0.653213 -0.755014 0.057155
vn 0.000000 -0.998498 0.054780
vn 0.000000 -0.998498 0.054780
vn 0.653213 -0.755014 0.057155
vn 0.670318 -0.737566 0.081667
vn 0.000000 -0.997337 0.072932
vn 0.000000 -0.997337 0.072932
vn 0.670318 -0.737566 0.081667
vn 0.676866 -0.718720 0.159039
vn 0.000000 -0.987773 0.155896
vn 0.000000 -0.987773 0.155896
vn 0.676866 -0.718720 0.159039
vn 0.631295 -0.660482 0.406486
vn 0.000000 -0.899928 0.436038
vn 0.676866 -0.718720 0.159039
vn 0.670318 -0.737566 0.081667
vn 0.906143 -0.414370 0.084863
vn 0.890204 -0.418331 0.180378
vn 0.676866 -0.718720 0.159039
vn 0.890204 -0.418331 0.180378
vn 0.779702 -0.368000 0.506598
vn 0.631295 -0.660482 0.406486
vn 0.890204 -0.418331 0.180378
vn 0.906143 -0.414370 0.084863
vn 0.961429 -0.268268 0.060720
vn 0.937187 -0.290608 0.192944
vn 0.890204 -0.418331 0.180378
vn 0.937187 -0.290608 0.192944
vn 0.725126 -0.246798 0.642871
vn 0.779702 -0.368000 0.506598
vn 0.725126 -0.246798 0.642871
vn 0.937187 -0.290608 0.192944
vn 0.903841 -0.363391 0.225871
vn 0.577750 -0.258890 0.774067
vn 0.725126 -0.246798 0.642871
vn 0.577750 -0.258890 0.774067
vn 0.103617 -0.074650 0.991812
vn 0.211491 -0.098456 0.972408
vn 0.725126 -0.246798 0.642871
vn 0.211491 -0.098456 0.972408
vn 0.296724 -0.163370 0.940885
vn 0.779702 -0.368000 0.506598
vn 0.211491 -0.098456 0.972408
vn 0.103617 -0.074650 0.991812
vn 0.000000 -0.026133 0.999658
vn 0.000000 -0.036305 0.999341
vn 0.211491 -0.098456 0.972408
vn 0.000000 -0.036305 0.999341
vn 0.000000 -0.067782 0.997700
vn 0.296724 -0.163370 0.940885
vn 0.000000 -0.026133 0.999658
vn 0.103617 -0.074650 0.991812
vn 0.039466 -0.046542 0.998136
vn 0.000000 -0.016832 0.999858
vn 0.000000 -0.016832 0.999858
vn 0.039466 -0.046542 0.998136
vn 0.016541 -0.021291 0.999636
vn 0.000000 -0.011228 0.999937
vn 0.000000 -0.011228 0.999937
vn 0.016541 -0.021291 0.999636
vn 0.011017 -0.013194 0.999852
vn 0.000000 -0.009577 0.999954
vn 0.000000 -0.009577 0.999954
vn 0.011017 -0.013194 0.999852
vn 0.008974 -0.010244 0.999907
vn 0.000000 -0.008367 0.999965
vn 0.000000 -0.008367 0.999965
vn 0.008974 -0.010244 0.999907
vn 0.008165 -0.008081 0.999934
vn 0.000000 -0.007435 0.999972
vn 0.000000 -0.007435 0.999972
vn 0.008165 -0.008081 0.999934
vn 0.007505 -0.008245 0.999938
vn 0.000000 -0.007289 0.999973
vn 0.000000 -0.007289 0.999973
vn 0.007505 -0.008245 0.999938
vn 0.006342 -0.008740 0.999942
vn 0.000000 -0.007141 0.999974
vn 0.000000 -0.007141 0.999974
vn 0.006342 -0.008740 0.999942
vn 0.005342 -0.007228 0.999960
vn 0.000000 -0.006522 0.999979
vn 0.000000 -0.006522 0.999979
vn 0.005342 -0.007228 0.999960
vn 0.006176 -0.003333 0.999975
vn -0.000000 -0.005944 0.999982
vn -0.000000 -0.005944 0.999982
vn 0.006176 -0.003333 0.999975
vn 0.008889 -0.002876 0.999956
vn -0.000000 -0.005991 0.999982
vn -0.000000 -0.005991 0.999982
vn 0.008889 -0.002876 0.999956
vn 0.010167 -0.006158 0.999929
vn -0.000000 -0.006343 0.999980
vn -0.000000 -0.006343 0.999980
vn 0.010167 -0.006158 0.999929
vn 0.008141 -0.007987 0.999935
vn 0.000000 -0.006566 0.999978
vn 0.000000 -0.006566 0.999978
vn 0.008141 -0.007987 0.999935
vn 0.004751 -0.007265 0.999962
vn -0.000000 -0.006179 0.999981
vn -0.000000 -0.006179 0.999981
vn 0.004751 -0.007265 0.999962
vn 0.003368 -0.004694 0.999983
vn -0.000000 -0.005694 0.999984
vn -0.000000 -0.005694 0.999984
vn 0.003368 -0.004694 0.999983
vn 0.006735 -0.002837 0.999973
vn -0.000000 -0.006096 0.999981
vn -0.000000 -0.006096 0.999981
vn 0.006735 -0.002837 0.999973
vn 0.015310 0.000343 0.999883
vn -0.000000 -0.005509 0.999985
vn -0.000000 -0.005509 0.999985
vn 0.015310 0.000343 0.999883
vn 0.029839 0.002208 0.999552
vn -0.000000 -0.004975 0.999988
vn -0.000000 -0.004975 0.999988
vn 0.029839 0.002208 0.999552
vn 0.051744 0.005943 0.998643
vn -0.000000 -0.004250 0.999991
vn -0.000000 -0.004250 0.999991
vn 0.051744 0.005943 0.998643
vn 0.078753 0.011818 0.996824
vn 0.000000 -0.000106 1.000000
vn 0.000000 -0.000106 1.000000
vn 0.078753 0.011818 0.996824
vn 0.100693 0.013612 0.994824
vn 0.000000 0.003886 0.999992
vn 0.000000 0.003886 0.999992
vn 0.100693 0.013612 0.994824
vn 0.114456 0.010212 0.993376
vn 0.000000 0.003968 0.999992
vn 0.000000 0.003968 0.999992
vn 0.114456 0.010212 0.993376
vn 0.110357 -0.004242 0.993883
vn 0.000000 0.003119 0.999995
vn 0.000000 0.003119 0.999995
vn 0.110357 -0.004242 0.993883
vn 0.081254 -0.001680 0.996692
vn -0.000000 0.018446 0.999830
vn -0.000000 0.018446 0.999830
vn 0.081254 -0.001680 0.996692
vn 0.058405 0.188317 0.980370
vn 0.000000 0.196226 0.980559
vn 0.000000 0.196226 0.980559
vn 0.058405 0.188317 0.980370
vn 0.025835 0.788011 0.615119
vn -0.000000 0.760881 0.648891
vn -0.000000 0.760881 0.648891
vn 0.025835 0.788011 0.615119
vn -0.003254 0.982582 0.185801
vn -0.000000 0.983384 0.181537
vn -0.000000 0.983384 0.181537
vn -0.003254 0.982582 0.185801
vn -0.008666 0.998064 0.061597
vn -0.000000 0.998073 0.062047
vn -0.000000 0.998073 0.062047
vn -0.008666 0.998064 0.061597
vn -0.006413 0.999340 0.035761
vn -0.000000 0.999358 0.035831
vn -0.000000 0.999358 0.035831
vn -0.006413 0.999340 0.035761
vn -0.002558 0.999732 0.023007
vn -0.000000 0.999658 0.026136
vn -0.000000 0.999658 0.026136
vn -0.002558 0.999732 0.023007
vn -0.005649 0.949589 0.313448
vn 0.000000 0.915826 0.401576
vn 0.000000 0.915826 0.401576
vn -0.005649 0.949589 0.313448
vn -0.037286 -0.516050 0.855747
vn 0.000000 -0.616951 0.787001
vn 0.000000 -0.616951 0.787001
vn -0.037286 -0.516050 0.855747
vn -0.009461 -0.995102 0.098396
vn 0.000000 -0.996658 0.081693
vn 0.000000 -0.996658 0.081693
vn -0.009461 -0.995102 0.098396
vn -0.001030 -0.999635 -0.026984
vn 0.000000 -0.999618 -0.027637
vn 0.000000 -0.999618 -0.027637
vn -0.001030 -0.999635 -0.026984
vn 0.000418 -0.999088 -0.042692
vn 0.000000 -0.999050 -0.043590
vn 0.000000 -0.999050 -0.043590
vn 0.000418 -0.999088 -0.042692
vn 0.002118 -0.997029 -0.077000
vn 0.000000 -0.996957 -0.077958
vn 0.000000 -0.996957 -0.077958
vn 0.002118 -0.997029 -0.077000
vn 0.006214 -0.974407 -0.224704
vn 0.000001 -0.971457 -0.237216
vn 0.000001 -0.971457 -0.237216
vn 0.006214 -0.974407 -0.224704
vn -0.008838 -0.768887 -0.639324
vn 0.000000 -0.728843 -0.684681
vn 0.000000 -0.728843 -0.684681
vn -0.008838 -0.768887 -0.639324
vn -0.036249 -0.224520 -0.973795
vn 0.000000 -0.218943 -0.975738
vn 0.000000 -0.218943 -0.975738
vn -0.036249 -0.224520 -0.973795
vn -0.052176 -0.016492 -0.998502
vn 0.000000 -0.033105 -0.999452
vn 0.000000 -0.033105 -0.999452
vn -0.052176 -0.016492 -0.998502
vn -0.080625 0.006229 -0.996725
vn 0.000000 -0.004431 -0.999990
vn 0.000000 -0.004431 -0.999990
vn -0.080625 0.006229 -0.996725
vn -0.092240 -0.006656 -0.995715
vn 0.000000 -0.003466 -0.999994
vn 0.000000 -0.003466 -0.999994
vn -0.092240 -0.006656 -0.995715
vn -0.081242 -0.013098 -0.996608
vn 0.000000 -0.004070 -0.999992
vn 0.000000 -0.004070 -0.999992
vn -0.081242 -0.013098 -0.996608
vn -0.060840 -0.010887 -0.998088
vn 0.000000 -0.000410 -1.000000
vn 0.000000 -0.000410 -1.000000
vn -0.060840 -0.010887 -0.998088
vn -0.039466 -0.004475 -0.999211
vn 0.000000 0.004059 -0.999992
vn 0.000000 0.004059 -0.999992
vn -0.039466 -0.004475 -0.999211
vn -0.023979 -0.000592 -0.999712
vn 0.000000 0.004882 -0.999988
vn 0.000000 0.004882 -0.999988
vn -0.023979 -0.000592 -0.999712
vn -0.014673 0.001424 -0.999891
vn 0.000000 0.005311 -0.999986
vn 0.000000 0.005311 -0.999986
vn -0.014673 0.001424 -0.999891
vn -0.009390 0.003514 -0.999950
vn 0.000000 0.005939 -0.999982
vn 0.000000 0.005939 -0.999982
vn -0.009390 0.003514 -0.999950
vn -0.006936 0.004228 -0.999967
vn 0.000000 0.005616 -0.999984
vn 0.000000 0.005616 -0.999984
vn -0.006936 0.004228 -0.999967
vn -0.007660 0.006291 -0.999951
vn 0.000000 0.006087 -0.999981
vn 0.000000 0.006087 -0.999981
vn -0.007660 0.006291 -0.999951
vn -0.010126 0.007365 -0.999922
vn 0.000000 0.006528 -0.999979
vn -0.006936 0.004228 -0.999967
vn -0.009390 0.003514 -0.999950
vn -0.190042 -0.041064 -0.980917
vn -0.142162 -0.041687 -0.988965
vn -0.006936 0.004228 -0.999967
vn -0.142162 -0.041687 -0.988965
vn -0.110104 -0.030560 -0.993450
vn -0.007660 0.006291 -0.999951
vn -0.190042 -0.041064 -0.980917
vn -0.009390 0.003514 -0.999950
vn -0.014673 0.001424 -0.999891
vn -0.240092 -0.048562 -0.969535
vn -0.190042 -0.041064 -0.980917
vn -0.240092 -0.048562 -0.969535
vn -0.777110 -0.180758 -0.602849
vn -0.727126 -0.170898 -0.664892
vn -0.190042 -0.041064 -0.980917
vn -0.727126 -0.170898 -0.664892
vn -0.657602 -0.194318 -0.727874
vn -0.142162 -0.041687 -0.988965
vn -0.777110 -0.180758 -0.602849
vn -0.240092 -0.048562 -0.969535
vn -0.295826 -0.041697 -0.954331
vn -0.833357 -0.116594 -0.540298
vn -0.777110 -0.180758 -0.602849
vn -0.833357 -0.116594 -0.540298
vn -0.985885 -0.146191 -0.081601
vn -0.958115 -0.258966 -0.122277
vn -0.777110 -0.180758 -0.602849
vn -0.958115 -0.258966 -0.122277
vn -0.957969 -0.235865 -0.163286
vn -0.727126 -0.170898 -0.664892
vn -0.985885 -0.146191 -0.081601
vn -0.833357 -0.116594 -0.540298
vn -0.864593 -0.057795 -0.499138
vn -0.996044 -0.022528 -0.085962
vn -0.985885 -0.146191 -0.081601
vn -0.996044 -0.022528 -0.085962
vn -0.999907 0.013055 -0.003984
vn -0.986864 -0.161530 0.002814
vn -0.985885 -0.146191 -0.081601
vn -0.986864 -0.161530 0.002814
vn -0.954228 -0.298420 -0.019873
vn -0.958115 -0.258966 -0.122277
vn -0.999907 0.013055 -0.003984
vn -0.996044 -0.022528 -0.085962
vn -0.992939 -0.045346 -0.109618
vn -0.999455 -0.017675 -0.027883
vn -0.999907 0.013055 -0.003984
vn -0.999455 -0.017675 -0.027883
vn -0.999981 0.002349 -0.005712
vn -0.999292 0.035989 0.010945
vn -0.999907 0.013055 -0.003984
vn -0.999292 0.035989 0.010945
vn -0.985646 -0.168274 0.013634
vn -0.986864 -0.161530 0.002814
vn -0.999981 0.002349 -0.005712
vn -0.999455 -0.017675 -0.027883
vn -0.994247 -0.101394 -0.034532
vn -0.994367 -0.105286 -0.012204
vn -0.999981 0.002349 -0.005712
vn -0.994367 -0.105286 -0.012204
vn -0.994088 -0.108562 -0.001720
vn -0.999923 0.012081 0.002810
vn -0.999981 0.002349 -0.005712
vn -0.999923 0.012081 0.002810
vn -0.998515 0.051782 0.016941
vn -0.999292 0.035989 0.010945
vn -0.994088 -0.108562 -0.001720
vn -0.994367 -0.105286 -0.012204
vn -0.997761 -0.066536 -0.006839
vn -0.997569 -0.069639 0.002743
vn -0.994088 -0.108562 -0.001720
vn -0.997569 -0.069639 0.002743
vn -0.993649 -0.070192 0.087948
vn -0.989974 -0.105757 0.093636
vn -0.994088 -0.108562 -0.001720
vn -0.989974 -0.105757 0.093636
vn -0.994442 0.017687 0.103785
vn -0.999923 0.012081 0.002810
vn -0.993649 -0.070192 0.087948
vn -0.997569 -0.069639 0.002743
vn -0.999542 -0.028251 0.010857
vn -0.994184 -0.040563 0.099764
vn -0.993649 -0.070192 0.087948
vn -0.994184 -0.040563 0.099764
vn -0.470211 -0.042340 0.881538
vn -0.515327 -0.043719 0.855878
vn -0.993649 -0.070192 0.087948
vn -0.515327 -0.043719 0.855878
vn -0.543212 -0.056220 0.837711
vn -0.989974 -0.105757 0.093636
vn -0.470211 -0.042340 0.881538
vn -0.994184 -0.040563 0.099764
vn -0.976534 0.172027 0.129569
vn -0.306294 0.022801 0.951664
vn -0.470211 -0.042340 0.881538
vn -0.306294 0.022801 0.951664
vn 0.936618 -0.162928 0.310163
vn 0.930034 0.030789 0.366182
vn -0.470211 -0.042340 0.881538
vn 0.930034 0.030789 0.366182
vn 0.919758 0.059047 0.388020
vn -0.515327 -0.043719 0.855878
vn 0.936618 -0.162928 0.310163
vn -0.306294 0.022801 0.951664
vn -0.417267 0.104053 0.902807
vn 0.882511 -0.365639 0.295773
vn 0.936618 -0.162928 0.310163
vn 0.882511 -0.365639 0.295773
vn 0.927839 -0.372695 -0.014594
vn 0.987249 -0.157896 -0.020207
vn 0.936618 -0.162928 0.310163
vn 0.987249 -0.157896 -0.020207
vn 0.999327 0.036098 -0.006531
vn 0.930034 0.030789 0.366182
vn 0.927839 -0.372695 -0.014594
vn 0.882511 -0.365639 0.295773
vn 0.824658 0.352218 0.442586
vn 0.936615 0.347383 0.045570
vn 0.927839 -0.372695 -0.014594
vn 0.936615 0.347383 0.045570
vn 0.950149 0.308619 0.044402
vn 0.938401 -0.345292 -0.013329
vn 0.927839 -0.372695 -0.014594
vn 0.938401 -0.345292 -0.013329
vn 0.989008 -0.146725 -0.018303
vn 0.987249 -0.157896 -0.020207
vn 0.950149 0.308619 0.044402
vn 0.936615 0.347383 0.045570
vn 0.153204 0.987417 0.039206
vn 0.187193 0.980966 0.051613
vn 0.950149 0.308619 0.044402
vn 0.187193 0.980966 0.051613
vn 0.246936 0.965435 0.083413
vn 0.963721 0.259668 0.061765
vn 0.950149 0.308619 0.044402
vn 0.963721 0.259668 0.061765
vn 0.949324 -0.314140 -0.009995
vn 0.938401 -0.345292 -0.013329
vn 0.246936 0.965435 0.083413
vn 0.187193 0.980966 0.051613
vn -0.006413 0.999340 0.035761
vn -0.008666 0.998064 0.061597
vn 0.246936 0.965435 0.083413
vn -0.008666 0.998064 0.061597
vn -0.003254 0.982582 0.185801
vn 0.280186 0.931689 0.231196
vn 0.246936 0.965435 0.083413
vn 0.280186 0.931689 0.231196
vn 0.967635 0.204071 0.148451
vn 0.963721 0.259668 0.061765
vn 0.187193 0.980966 0.051613
vn 0.153204 0.987417 0.039206
vn -0.002558 0.999732 0.023007
vn -0.006413 0.999340 0.035761
vn 0.153204 0.987417 0.039206
vn 0.133594 0.940354 0.312870
vn -0.005649 0.949589 0.313448
vn -0.002558 0.999732 0.023007
vn 0.153204 0.987417 0.039206
vn 0.936615 0.347383 0.045570
vn 0.824658 0.352218 0.442586
vn 0.133594 0.940354 0.312870
vn -0.306294 0.022801 0.951664
vn -0.976534 0.172027 0.129569
vn -0.946238 0.300666 0.119303
vn -0.417267 0.104053 0.902807
vn -0.976534 0.172027 0.129569
vn -0.982150 0.186975 0.020514
vn -0.961461 0.274738 0.010561
vn -0.946238 0.300666 0.119303
vn -0.976534 0.172027 0.129569
vn -0.994184 -0.040563 0.099764
vn -0.999542 -0.028251 0.010857
vn -0.982150 0.186975 0.020514
vn -0.961461 0.274738 0.010561
vn -0.967561 0.252631 -0.001737
vn -0.882746 -0.467588 -0.046046
vn -0.884195 -0.466913 -0.013837
vn -0.961461 0.274738 0.010561
vn -0.884195 -0.466913 -0.013837
vn -0.880144 -0.457091 0.128118
vn -0.946238 0.300666 0.119303
vn -0.961461 0.274738 0.010561
vn -0.982150 0.186975 0.020514
vn -0.982952 0.183397 0.013041
vn -0.967561 0.252631 -0.001737
vn -0.982952 0.183397 0.013041
vn -0.986778 0.162075 -0.001005
vn -0.974265 0.223532 -0.028998
vn -0.967561 0.252631 -0.001737
vn -0.982952 0.183397 0.013041
vn -0.982150 0.186975 0.020514
vn -0.999542 -0.028251 0.010857
vn -0.999812 -0.019235 0.002518
vn -0.982952 0.183397 0.013041
vn -0.999812 -0.019235 0.002518
vn -0.999884 -0.008016 -0.012957
vn -0.986778 0.162075 -0.001005
vn -0.999884 -0.008016 -0.012957
vn -0.996924 0.007074 -0.078054
vn -0.987089 0.144592 -0.068914
vn -0.986778 0.162075 -0.001005
vn -0.999884 -0.008016 -0.012957
vn -0.999812 -0.019235 0.002518
vn -0.997761 -0.066536 -0.006839
vn -0.997861 -0.059992 -0.025966
vn -0.999884 -0.008016 -0.012957
vn -0.997861 -0.059992 -0.025966
vn -0.994701 -0.049615 -0.090040
vn -0.996924 0.007074 -0.078054
vn -0.994701 -0.049615 -0.090040
vn -0.893704 -0.037357 -0.447099
vn -0.893863 0.030541 -0.447298
vn -0.996924 0.007074 -0.078054
vn -0.994701 -0.049615 -0.090040
vn -0.997861 -0.059992 -0.025966
vn -0.994247 -0.101394 -0.034532
vn -0.990293 -0.090658 -0.105363
vn -0.994701 -0.049615 -0.090040
vn -0.990293 -0.090658 -0.105363
vn -0.886648 -0.073405 -0.456583
vn -0.893704 -0.037357 -0.447099
vn -0.886648 -0.073405 -0.456583
vn -0.432537 -0.041020 -0.900683
vn -0.439685 -0.018895 -0.897953
vn -0.893704 -0.037357 -0.447099
vn -0.886648 -0.073405 -0.456583
vn -0.990293 -0.090658 -0.105363
vn -0.992939 -0.045346 -0.109618
vn -0.875737 -0.064114 -0.478513
vn -0.886648 -0.073405 -0.456583
vn -0.875737 -0.064114 -0.478513
vn -0.403013 -0.044407 -0.914116
vn -0.432537 -0.041020 -0.900683
vn -0.403013 -0.044407 -0.914116
vn -0.060840 -0.010887 -0.998088
vn -0.081242 -0.013098 -0.996608
vn -0.432537 -0.041020 -0.900683
vn -0.403013 -0.044407 -0.914116
vn -0.875737 -0.064114 -0.478513
vn -0.864593 -0.057795 -0.499138
vn -0.352878 -0.039229 -0.934847
vn -0.403013 -0.044407 -0.914116
vn -0.352878 -0.039229 -0.934847
vn -0.039466 -0.004475 -0.999211
vn -0.060840 -0.010887 -0.998088
vn -0.352878 -0.039229 -0.934847
vn -0.864593 -0.057795 -0.499138
vn -0.833357 -0.116594 -0.540298
vn -0.295826 -0.041697 -0.954331
vn -0.352878 -0.039229 -0.934847
vn -0.295826 -0.041697 -0.954331
vn -0.023979 -0.000592 -0.999712
vn -0.039466 -0.004475 -0.999211
vn -0.875737 -0.064114 -0.478513
vn -0.992939 -0.045346 -0.109618
vn -0.996044 -0.022528 -0.085962
vn -0.864593 -0.057795 -0.499138
vn -0.439685 -0.018895 -0.897953
vn -0.092240 -0.006656 -0.995715
vn -0.080625 0.006229 -0.996725
vn -0.421401 0.031422 -0.906330
vn -0.439685 -0.018895 -0.897953
vn -0.421401 0.031422 -0.906330
vn -0.893863 0.030541 -0.447298
vn -0.893704 -0.037357 -0.447099
vn -0.439685 -0.018895 -0.897953
vn -0.432537 -0.041020 -0.900683
vn -0.081242 -0.013098 -0.996608
vn -0.092240 -0.006656 -0.995715
vn -0.421401 0.031422 -0.906330
vn -0.080625 0.006229 -0.996725
vn -0.052176 -0.016492 -0.998502
vn -0.360291 0.056716 -0.931114
vn -0.421401 0.031422 -0.906330
vn -0.360291 0.056716 -0.931114
vn -0.868860 0.137047 -0.475710
vn -0.893863 0.030541 -0.447298
vn -0.868860 0.137047 -0.475710
vn -0.360291 0.056716 -0.931114
vn -0.274007 -0.129291 -0.952997
vn -0.843201 0.101940 -0.527846
vn -0.868860 0.137047 -0.475710
vn -0.843201 0.101940 -0.527846
vn -0.975908 0.197936 -0.091786
vn -0.987089 0.144592 -0.068914
vn -0.868860 0.137047 -0.475710
vn -0.987089 0.144592 -0.068914
vn -0.996924 0.007074 -0.078054
vn -0.893863 0.030541 -0.447298
vn -0.360291 0.056716 -0.931114
vn -0.052176 -0.016492 -0.998502
vn -0.036249 -0.224520 -0.973795
vn -0.274007 -0.129291 -0.952997
vn -0.990293 -0.090658 -0.105363
vn -0.994247 -0.101394 -0.034532
vn -0.999455 -0.017675 -0.027883
vn -0.992939 -0.045346 -0.109618
vn -0.997861 -0.059992 -0.025966
vn -0.997761 -0.066536 -0.006839
vn -0.994367 -0.105286 -0.012204
vn -0.994247 -0.101394 -0.034532
vn -0.987089 0.144592 -0.068914
vn -0.975908 0.197936 -0.091786
vn -0.974265 0.223532 -0.028998
vn -0.986778 0.162075 -0.001005
vn -0.999812 -0.019235 0.002518
vn -0.999542 -0.028251 0.010857
vn -0.997569 -0.069639 0.002743
vn -0.997761 -0.066536 -0.006839
vn -0.974265 0.223532 -0.028998
vn -0.975908 0.197936 -0.091786
vn -0.861495 -0.456045 -0.223270
vn -0.882248 -0.459304 -0.103339
vn -0.974265 0.223532 -0.028998
vn -0.882248 -0.459304 -0.103339
vn -0.882746 -0.467588 -0.046046
vn -0.967561 0.252631 -0.001737
vn -0.882248 -0.459304 -0.103339
vn -0.861495 -0.456045 -0.223270
vn -0.195237 -0.952916 -0.232023
vn -0.214515 -0.972135 -0.094534
vn -0.882248 -0.459304 -0.103339
vn -0.214515 -0.972135 -0.094534
vn -0.211377 -0.976206 -0.048399
vn -0.882746 -0.467588 -0.046046
vn -0.211377 -0.976206 -0.048399
vn -0.214515 -0.972135 -0.094534
vn 0.002118 -0.997029 -0.077000
vn 0.000418 -0.999088 -0.042692
vn -0.211377 -0.976206 -0.048399
vn 0.000418 -0.999088 -0.042692
vn -0.001030 -0.999635 -0.026984
vn -0.214796 -0.976368 -0.023843
vn -0.211377 -0.976206 -0.048399
vn -0.214796 -0.976368 -0.023843
vn -0.884195 -0.466913 -0.013837
vn -0.882746 -0.467588 -0.046046
vn -0.214796 -0.976368 -0.023843
vn -0.001030 -0.999635 -0.026984
vn -0.009461 -0.995102 0.098396
vn -0.205830 -0.972034 0.113066
vn -0.214796 -0.976368 -0.023843
vn -0.205830 -0.972034 0.113066
vn -0.880144 -0.457091 0.128118
vn -0.884195 -0.466913 -0.013837
vn -0.214515 -0.972135 -0.094534
vn -0.195237 -0.952916 -0.232023
vn 0.006214 -0.974407 -0.224704
vn 0.002118 -0.997029 -0.077000
vn -0.295826 -0.041697 -0.954331
vn -0.240092 -0.048562 -0.969535
vn -0.014673 0.001424 -0.999891
vn -0.023979 -0.000592 -0.999712
vn -0.036249 -0.224520 -0.973795
vn -0.008838 -0.768887 -0.639324
vn -0.187264 -0.716852 -0.671607
vn -0.274007 -0.129291 -0.952997
vn -0.008838 -0.768887 -0.639324
vn 0.006214 -0.974407 -0.224704
vn -0.195237 -0.952916 -0.232023
vn -0.187264 -0.716852 -0.671607
vn -0.009461 -0.995102 0.098396
vn -0.037286 -0.516050 0.855747
vn -0.126895 -0.499595 0.856914
vn -0.205830 -0.972034 0.113066
vn -0.037286 -0.516050 0.855747
vn -0.005649 0.949589 0.313448
vn 0.133594 0.940354 0.312870
vn -0.126895 -0.499595 0.856914
vn -0.003254 0.982582 0.185801
vn 0.025835 0.788011 0.615119
vn 0.317206 0.653711 0.687053
vn 0.280186 0.931689 0.231196
vn 0.025835 0.788011 0.615119
vn 0.058405 0.188317 0.980370
vn 0.413483 0.057145 0.908717
vn 0.317206 0.653711 0.687053
vn 0.058405 0.188317 0.980370
vn 0.081254 -0.001680 0.996692
vn 0.519541 -0.071076 0.851484
vn 0.413483 0.057145 0.908717
vn 0.519541 -0.071076 0.851484
vn 0.957908 -0.105812 0.266863
vn 0.927180 -0.173678 0.331924
vn 0.413483 0.057145 0.908717
vn 0.519541 -0.071076 0.851484
vn 0.081254 -0.001680 0.996692
vn 0.110357 -0.004242 0.993883
vn 0.574504 -0.019577 0.818268
vn 0.519541 -0.071076 0.851484
vn 0.574504 -0.019577 0.818268
vn 0.964522 -0.009901 0.263817
vn 0.957908 -0.105812 0.266863
vn 0.964522 -0.009901 0.263817
vn 0.999578 0.008670 0.027722
vn 0.995396 -0.094849 0.013808
vn 0.957908 -0.105812 0.266863
vn 0.964522 -0.009901 0.263817
vn 0.574504 -0.019577 0.818268
vn 0.587148 0.031286 0.808875
vn 0.963086 0.049204 0.264658
vn 0.964522 -0.009901 0.263817
vn 0.963086 0.049204 0.264658
vn 0.997477 0.058524 0.040183
vn 0.999578 0.008670 0.027722
vn 0.997477 0.058524 0.040183
vn 0.997767 0.065153 0.014699
vn 0.999819 0.018242 0.005492
vn 0.999578 0.008670 0.027722
vn 0.997477 0.058524 0.040183
vn 0.963086 0.049204 0.264658
vn 0.956637 0.084584 0.278732
vn 0.993905 0.097269 0.051884
vn 0.997477 0.058524 0.040183
vn 0.993905 0.097269 0.051884
vn 0.994454 0.103098 0.020774
vn 0.997767 0.065153 0.014699
vn 0.994454 0.103098 0.020774
vn 0.994370 0.105817 0.005643
vn 0.997653 0.068471 0.001067
vn 0.997767 0.065153 0.014699
vn 0.994454 0.103098 0.020774
vn 0.993905 0.097269 0.051884
vn 0.998655 0.025539 0.045128
vn 0.999917 0.002245 0.012708
vn 0.994454 0.103098 0.020774
vn 0.999917 0.002245 0.012708
vn 0.999948 -0.010073 -0.001688
vn 0.994370 0.105817 0.005643
vn 0.999948 -0.010073 -0.001688
vn 0.999796 -0.018481 -0.008121
vn 0.994243 0.107145 0.000345
vn 0.994370 0.105817 0.005643
vn 0.999948 -0.010073 -0.001688
vn 0.999917 0.002245 0.012708
vn 0.999721 -0.022732 -0.006368
vn 0.999096 -0.039162 -0.016544
vn 0.999948 -0.010073 -0.001688
vn 0.999096 -0.039162 -0.016544
vn 0.998591 -0.049172 -0.019958
vn 0.999796 -0.018481 -0.008121
vn 0.998591 -0.049172 -0.019958
vn 0.931926 -0.048563 0.359383
vn 0.922779 -0.022318 0.384682
vn 0.999796 -0.018481 -0.008121
vn 0.998591 -0.049172 -0.019958
vn 0.999096 -0.039162 -0.016544
vn 0.985129 0.170910 -0.017601
vn 0.983787 0.178151 -0.020611
vn 0.998591 -0.049172 -0.019958
vn 0.983787 0.178151 -0.020611
vn 0.916039 0.176620 0.360107
vn 0.931926 -0.048563 0.359383
vn 0.916039 0.176620 0.360107
vn -0.471197 -0.069004 0.879325
vn -0.502507 0.025440 0.864199
vn 0.931926 -0.048563 0.359383
vn 0.916039 0.176620 0.360107
vn 0.983787 0.178151 -0.020611
vn 0.938129 0.346209 -0.007251
vn 0.869059 0.334615 0.364376
vn 0.916039 0.176620 0.360107
vn 0.869059 0.334615 0.364376
vn -0.512788 -0.186617 0.837987
vn -0.471197 -0.069004 0.879325
vn -0.512788 -0.186617 0.837987
vn -0.932512 -0.351512 0.082830
vn -0.979265 -0.179007 0.094852
vn -0.471197 -0.069004 0.879325
vn -0.512788 -0.186617 0.837987
vn 0.869059 0.334615 0.364376
vn 0.893200 0.226772 0.388289
vn -0.598780 -0.172214 0.782180
vn -0.512788 -0.186617 0.837987
vn -0.598780 -0.172214 0.782180
vn -0.963902 -0.254506 0.078227
vn -0.932512 -0.351512 0.082830
vn -0.963902 -0.254506 0.078227
vn -0.966645 -0.255989 -0.008216
vn -0.940408 -0.340041 0.002400
vn -0.932512 -0.351512 0.082830
vn -0.963902 -0.254506 0.078227
vn -0.598780 -0.172214 0.782180
vn -0.495738 -0.110766 0.861380
vn -0.974544 -0.207881 0.083960
vn -0.963902 -0.254506 0.078227
vn -0.974544 -0.207881 0.083960
vn -0.975821 -0.218572 0.000501
vn -0.966645 -0.255989 -0.008216
vn -0.975821 -0.218572 0.000501
vn -0.972274 -0.233666 -0.009101
vn -0.967064 -0.254000 -0.016470
vn -0.966645 -0.255989 -0.008216
vn -0.975821 -0.218572 0.000501
vn -0.974544 -0.207881 0.083960
vn -0.877707 -0.472416 0.080336
vn -0.885611 -0.464420 0.002588
vn -0.975821 -0.218572 0.000501
vn -0.885611 -0.464420 0.002588
vn -0.891548 -0.452847 -0.008495
vn -0.972274 -0.233666 -0.009101
vn -0.891548 -0.452847 -0.008495
vn -0.896378 -0.441889 -0.035224
vn -0.967084 -0.252592 -0.030758
vn -0.972274 -0.233666 -0.009101
vn -0.891548 -0.452847 -0.008495
vn -0.885611 -0.464420 0.002588
vn -0.837996 -0.545318 -0.019771
vn -0.851596 -0.523142 -0.033262
vn -0.891548 -0.452847 -0.008495
vn -0.851596 -0.523142 -0.033262
vn -0.874915 -0.478971 -0.071495
vn -0.896378 -0.441889 -0.035224
vn -0.874915 -0.478971 -0.071495
vn -0.872866 -0.388294 -0.295522
vn -0.887276 -0.401499 -0.227023
vn -0.896378 -0.441889 -0.035224
vn -0.874915 -0.478971 -0.071495
vn -0.851596 -0.523142 -0.033262
vn -0.923296 -0.379612 -0.058480
vn -0.928015 -0.357087 -0.106188
vn -0.874915 -0.478971 -0.071495
vn -0.928015 -0.357087 -0.106188
vn -0.891041 -0.302164 -0.338736
vn -0.872866 -0.388294 -0.295522
vn -0.891041 -0.302164 -0.338736
vn -0.548580 -0.152059 -0.822155
vn -0.555938 -0.188704 -0.809521
vn -0.872866 -0.388294 -0.295522
vn -0.891041 -0.302164 -0.338736
vn -0.928015 -0.357087 -0.106188
vn -0.973630 -0.201770 -0.106455
vn -0.912077 -0.206398 -0.354281
vn -0.891041 -0.302164 -0.338736
vn -0.912077 -0.206398 -0.354281
vn -0.541761 -0.135660 -0.829513
vn -0.548580 -0.152059 -0.822155
vn -0.541761 -0.135660 -0.829513
vn -0.102673 -0.027972 -0.994322
vn -0.108873 -0.013673 -0.993962
vn -0.548580 -0.152059 -0.822155
vn -0.541761 -0.135660 -0.829513
vn -0.912077 -0.206398 -0.354281
vn -0.934022 -0.064415 -0.351359
vn -0.545726 -0.047344 -0.836625
vn -0.541761 -0.135660 -0.829513
vn -0.545726 -0.047344 -0.836625
vn -0.094818 -0.010516 -0.995439
vn -0.102673 -0.027972 -0.994322
vn -0.094818 -0.010516 -0.995439
vn -0.007331 0.003304 -0.999968
vn -0.010000 0.002259 -0.999947
vn -0.102673 -0.027972 -0.994322
vn -0.094818 -0.010516 -0.995439
vn -0.545726 -0.047344 -0.836625
vn -0.549432 0.045350 -0.834307
vn -0.097634 0.019784 -0.995026
vn -0.094818 -0.010516 -0.995439
vn -0.097634 0.019784 -0.995026
vn -0.006852 0.007803 -0.999946
vn -0.007331 0.003304 -0.999968
vn -0.097634 0.019784 -0.995026
vn -0.549432 0.045350 -0.834307
vn -0.562597 0.083134 -0.822541
vn -0.105089 0.023219 -0.994192
vn -0.097634 0.019784 -0.995026
vn -0.105089 0.023219 -0.994192
vn -0.008254 0.009211 -0.999924
vn -0.006852 0.007803 -0.999946
vn -0.105089 0.023219 -0.994192
vn -0.562597 0.083134 -0.822541
vn -0.585805 0.118876 -0.801686
vn -0.115805 0.030384 -0.992807
vn -0.105089 0.023219 -0.994192
vn -0.115805 0.030384 -0.992807
vn -0.009766 0.008617 -0.999915
vn -0.008254 0.009211 -0.999924
vn -0.115805 0.030384 -0.992807
vn -0.585805 0.118876 -0.801686
vn -0.628450 0.146528 -0.763924
vn -0.139615 0.040794 -0.989365
vn -0.115805 0.030384 -0.992807
vn -0.139615 0.040794 -0.989365
vn -0.010944 0.009007 -0.999900
vn -0.009766 0.008617 -0.999915
vn -0.139615 0.040794 -0.989365
vn -0.628450 0.146528 -0.763924
vn -0.675458 0.211787 -0.706331
vn -0.167952 0.057759 -0.984102
vn -0.139615 0.040794 -0.989365
vn -0.167952 0.057759 -0.984102
vn -0.012862 0.012447 -0.999840
vn -0.010944 0.009007 -0.999900
vn -0.167952 0.057759 -0.984102
vn -0.675458 0.211787 -0.706331
vn -0.700595 0.336771 -0.629088
vn -0.204972 0.103330 -0.973298
vn -0.167952 0.057759 -0.984102
vn -0.204972 0.103330 -0.973298
vn -0.017357 0.017091 -0.999703
vn -0.012862 0.012447 -0.999840
vn -0.204972 0.103330 -0.973298
vn -0.700595 0.336771 -0.629088
vn -0.719142 0.460364 -0.520480
vn -0.259452 0.172225 -0.950275
vn -0.204972 0.103330 -0.973298
vn -0.259452 0.172225 -0.950275
vn -0.026898 0.027634 -0.999256
vn -0.017357 0.017091 -0.999703
vn -0.259452 0.172225 -0.950275
vn -0.719142 0.460364 -0.520480
vn -0.792400 0.475737 -0.381807
vn -0.371364 0.242794 -0.896181
vn -0.259452 0.172225 -0.950275
vn -0.371364 0.242794 -0.896181
vn -0.052984 0.054138 -0.997127
vn -0.026898 0.027634 -0.999256
vn -0.371364 0.242794 -0.896181
vn -0.792400 0.475737 -0.381807
vn -0.890420 0.357726 -0.281397
vn -0.558442 0.257596 -0.788535
vn -0.371364 0.242794 -0.896181
vn -0.558442 0.257596 -0.788535
vn -0.120279 0.086057 -0.989003
vn -0.052984 0.054138 -0.997127
vn -0.792400 0.475737 -0.381807
vn -0.719142 0.460364 -0.520480
vn -0.824210 0.559000 -0.090536
vn -0.856043 0.514330 -0.051534
vn -0.792400 0.475737 -0.381807
vn -0.856043 0.514330 -0.051534
vn -0.937680 0.342210 -0.060395
vn -0.890420 0.357726 -0.281397
vn -0.937680 0.342210 -0.060395
vn -0.856043 0.514330 -0.051534
vn -0.852470 0.522741 -0.006066
vn -0.948326 0.316723 -0.019093
vn -0.937680 0.342210 -0.060395
vn -0.948326 0.316723 -0.019093
vn -0.963124 0.265363 -0.044448
vn -0.954445 0.286260 -0.084201
vn -0.937680 0.342210 -0.060395
vn -0.954445 0.286260 -0.084201
vn -0.922859 0.307325 -0.232126
vn -0.890420 0.357726 -0.281397
vn -0.963124 0.265363 -0.044448
vn -0.948326 0.316723 -0.019093
vn -0.953953 0.299943 -0.002813
vn -0.968033 0.249471 -0.026021
vn -0.963124 0.265363 -0.044448
vn -0.968033 0.249471 -0.026021
vn -0.876505 0.479832 -0.038733
vn -0.875845 0.478899 -0.059592
vn -0.963124 0.265363 -0.044448
vn -0.875845 0.478899 -0.059592
vn -0.874980 0.474321 -0.097106
vn -0.954445 0.286260 -0.084201
vn -0.875845 0.478899 -0.059592
vn -0.876505 0.479832 -0.038733
vn -0.591325 0.805662 -0.035260
vn -0.598102 0.799657 -0.053121
vn -0.875845 0.478899 -0.059592
vn -0.598102 0.799657 -0.053121
vn -0.603969 0.792445 -0.085164
vn -0.874980 0.474321 -0.097106
vn -0.876505 0.479832 -0.038733
vn -0.968033 0.249471 -0.026021
vn -0.972556 0.232287 -0.013321
vn -0.881391 0.471472 -0.029388
vn -0.876505 0.479832 -0.038733
vn -0.881391 0.471472 -0.029388
vn -0.589265 0.807396 -0.029644
vn -0.591325 0.805662 -0.035260
vn -0.881391 0.471472 -0.029388
vn -0.972556 0.232287 -0.013321
vn -0.959939 0.213746 0.181189
vn -0.875182 0.442326 0.195970
vn -0.881391 0.471472 -0.029388
vn -0.875182 0.442326 0.195970
vn -0.585068 0.780419 0.220550
vn -0.589265 0.807396 -0.029644
vn -0.875182 0.442326 0.195970
vn -0.959939 0.213746 0.181189
vn -0.249998 0.048139 0.967049
vn -0.251091 0.098599 0.962929
vn -0.875182 0.442326 0.195970
vn -0.251091 0.098599 0.962929
vn -0.148752 0.150377 0.977374
vn -0.585068 0.780419 0.220550
vn -0.251091 0.098599 0.962929
vn -0.249998 0.048139 0.967049
vn 0.928034 -0.200459 0.313958
vn 0.854816 -0.414719 0.311927
vn -0.251091 0.098599 0.962929
vn 0.854816 -0.414719 0.311927
vn 0.584595 -0.759826 0.284452
vn -0.148752 0.150377 0.977374
vn 0.854816 -0.414719 0.311927
vn 0.928034 -0.200459 0.313958
vn 0.976779 -0.214080 0.008514
vn 0.905083 -0.424392 0.026768
vn 0.854816 -0.414719 0.311927
vn 0.905083 -0.424392 0.026768
vn 0.629120 -0.776744 0.029616
vn 0.584595 -0.759826 0.284452
vn 0.905083 -0.424392 0.026768
vn 0.976779 -0.214080 0.008514
vn 0.973293 -0.228824 0.018429
vn 0.904791 -0.423962 0.040128
vn 0.905083 -0.424392 0.026768
vn 0.904791 -0.423962 0.040128
vn 0.638176 -0.768491 0.046393
vn 0.629120 -0.776744 0.029616
vn 0.904791 -0.423962 0.040128
vn 0.973293 -0.228824 0.018429
vn 0.969108 -0.244541 0.032078
vn 0.906087 -0.419700 0.053453
vn 0.904791 -0.423962 0.040128
vn 0.906087 -0.419700 0.053453
vn 0.653213 -0.755014 0.057155
vn 0.638176 -0.768491 0.046393
vn 0.906087 -0.419700 0.053453
vn 0.969108 -0.244541 0.032078
vn 0.961429 -0.268268 0.060720
vn 0.906143 -0.414370 0.084863
vn 0.906087 -0.419700 0.053453
vn 0.906143 -0.414370 0.084863
vn 0.670318 -0.737566 0.081667
vn 0.653213 -0.755014 0.057155
vn 0.969108 -0.244541 0.032078
vn 0.973293 -0.228824 0.018429
vn 0.950720 -0.310032 -0.003403
vn 0.944441 -0.328515 0.010473
vn 0.969108 -0.244541 0.032078
vn 0.944441 -0.328515 0.010473
vn 0.936294 -0.349782 0.031712
vn 0.961429 -0.268268 0.060720
vn 0.936294 -0.349782 0.031712
vn 0.944441 -0.328515 0.010473
vn 0.846472 -0.532433 0.000047
vn 0.850177 -0.526096 0.020564
vn 0.936294 -0.349782 0.031712
vn 0.850177 -0.526096 0.020564
vn 0.810602 -0.492460 0.316871
vn 0.903841 -0.363391 0.225871
vn 0.936294 -0.349782 0.031712
vn 0.903841 -0.363391 0.225871
vn 0.937187 -0.290608 0.192944
vn 0.961429 -0.268268 0.060720
vn 0.810602 -0.492460 0.316871
vn 0.850177 -0.526096 0.020564
vn 0.817800 -0.573260 0.050761
vn 0.748592 -0.486503 0.450472
vn 0.810602 -0.492460 0.316871
vn 0.748592 -0.486503 0.450472
vn 0.277804 -0.180610 0.943507
vn 0.386792 -0.252306 0.886980
vn 0.810602 -0.492460 0.316871
vn 0.386792 -0.252306 0.886980
vn 0.577750 -0.258890 0.774067
vn 0.903841 -0.363391 0.225871
vn 0.386792 -0.252306 0.886980
vn 0.277804 -0.180610 0.943507
vn 0.016541 -0.021291 0.999636
vn 0.039466 -0.046542 0.998136
vn 0.386792 -0.252306 0.886980
vn 0.039466 -0.046542 0.998136
vn 0.103617 -0.074650 0.991812
vn 0.577750 -0.258890 0.774067
vn 0.277804 -0.180610 0.943507
vn 0.748592 -0.486503 0.450472
vn 0.742379 -0.361951 0.563795
vn 0.221854 -0.108583 0.969015
vn 0.277804 -0.180610 0.943507
vn 0.221854 -0.108583 0.969015
vn 0.011017 -0.013194 0.999852
vn 0.016541 -0.021291 0.999636
vn 0.221854 -0.108583 0.969015
vn 0.742379 -0.361951 0.563795
vn 0.730603 -0.225689 0.644426
vn 0.184838 -0.060346 0.980915
vn 0.221854 -0.108583 0.969015
vn 0.184838 -0.060346 0.980915
vn 0.008974 -0.010244 0.999907
vn 0.011017 -0.013194 0.999852
vn 0.184838 -0.060346 0.980915
vn 0.730603 -0.225689 0.644426
vn 0.692089 -0.157812 0.704350
vn 0.152267 -0.042506 0.987425
vn 0.184838 -0.060346 0.980915
vn 0.152267 -0.042506 0.987425
vn 0.008165 -0.008081 0.999934
vn 0.008974 -0.010244 0.999907
vn 0.152267 -0.042506 0.987425
vn 0.692089 -0.157812 0.704350
vn 0.652767 -0.136708 0.745121
vn 0.125111 -0.033219 0.991587
vn 0.152267 -0.042506 0.987425
vn 0.125111 -0.033219 0.991587
vn 0.007505 -0.008245 0.999938
vn 0.008165 -0.008081 0.999934
vn 0.125111 -0.033219 0.991587
vn 0.652767 -0.136708 0.745121
vn 0.629955 -0.097498 0.770487
vn 0.112246 -0.026253 0.993334
vn 0.125111 -0.033219 0.991587
vn 0.112246 -0.026253 0.993334
vn 0.006342 -0.008740 0.999942
vn 0.007505 -0.008245 0.999938
vn 0.112246 -0.026253 0.993334
vn 0.629955 -0.097498 0.770487
vn 0.622950 -0.040343 0.781221
vn 0.105483 -0.017383 0.994269
vn 0.112246 -0.026253 0.993334
vn 0.105483 -0.017383 0.994269
vn 0.005342 -0.007228 0.999960
vn 0.006342 -0.008740 0.999942
vn 0.105483 -0.017383 0.994269
vn 0.622950 -0.040343 0.781221
vn 0.623526 0.063585 0.779212
vn 0.107176 0.016343 0.994106
vn 0.105483 -0.017383 0.994269
vn 0.107176 0.016343 0.994106
vn 0.006176 -0.003333 0.999975
vn 0.005342 -0.007228 0.999960
vn 0.107176 0.016343 0.994106
vn 0.623526 0.063585 0.779212
vn 0.622469 0.154432 0.767257
vn 0.121574 0.032541 0.992049
vn 0.107176 0.016343 0.994106
vn 0.121574 0.032541 0.992049
vn 0.008889 -0.002876 0.999956
vn 0.006176 -0.003333 0.999975
vn 0.121574 0.032541 0.992049
vn 0.622469 0.154432 0.767257
vn 0.630776 0.187009 0.753093
vn 0.130450 0.018185 0.991288
vn 0.121574 0.032541 0.992049
vn 0.130450 0.018185 0.991288
vn 0.010167 -0.006158 0.999929
vn 0.008889 -0.002876 0.999956
vn 0.130450 0.018185 0.991288
vn 0.630776 0.187009 0.753093
vn 0.645321 0.252505 0.720973
vn 0.129083 0.024200 0.991338
vn 0.130450 0.018185 0.991288
vn 0.129083 0.024200 0.991338
vn 0.008141 -0.007987 0.999935
vn 0.010167 -0.006158 0.999929
vn 0.129083 0.024200 0.991338
vn 0.645321 0.252505 0.720973
vn 0.690119 0.287171 0.664281
vn 0.145292 0.047587 0.988244
vn 0.129083 0.024200 0.991338
vn 0.145292 0.047587 0.988244
vn 0.004751 -0.007265 0.999962
vn 0.008141 -0.007987 0.999935
vn 0.145292 0.047587 0.988244
vn 0.690119 0.287171 0.664281
vn 0.787209 0.215731 0.577721
vn 0.201062 0.055423 0.978009
vn 0.145292 0.047587 0.988244
vn 0.201062 0.055423 0.978009
vn 0.003368 -0.004694 0.999983
vn 0.004751 -0.007265 0.999962
vn 0.201062 0.055423 0.978009
vn 0.787209 0.215731 0.577721
vn 0.845324 0.197701 0.496328
vn 0.271836 0.059285 0.960516
vn 0.201062 0.055423 0.978009
vn 0.271836 0.059285 0.960516
vn 0.006735 -0.002837 0.999973
vn 0.003368 -0.004694 0.999983
vn 0.271836 0.059285 0.960516
vn 0.845324 0.197701 0.496328
vn 0.881027 0.223305 0.417044
vn 0.338056 0.075207 0.938116
vn 0.271836 0.059285 0.960516
vn 0.338056 0.075207 0.938116
vn 0.015310 0.000343 0.999883
vn 0.006735 -0.002837 0.999973
vn 0.338056 0.075207 0.938116
vn 0.881027 0.223305 0.417044
vn 0.930841 0.134741 0.339677
vn 0.413902 0.056867 0.908544
vn 0.338056 0.075207 0.938116
vn 0.413902 0.056867 0.908544
vn 0.029839 0.002208 0.999552
vn 0.015310 0.000343 0.999883
vn 0.413902 0.056867 0.908544
vn 0.930841 0.134741 0.339677
vn 0.953238 0.035669 0.300110
vn 0.491997 0.036571 0.869829
vn 0.413902 0.056867 0.908544
vn 0.491997 0.036571 0.869829
vn 0.051744 0.005943 0.998643
vn 0.029839 0.002208 0.999552
vn 0.491997 0.036571 0.869829
vn 0.953238 0.035669 0.300110
vn 0.954465 0.051141 0.293908
vn 0.543975 0.046699 0.837801
vn 0.491997 0.036571 0.869829
vn 0.543975 0.046699 0.837801
vn 0.078753 0.011818 0.996824
vn 0.051744 0.005943 0.998643
vn 0.543975 0.046699 0.837801
vn 0.954465 0.051141 0.293908
vn 0.956637 0.084584 0.278732
vn 0.575237 0.051929 0.816337
vn 0.543975 0.046699 0.837801
vn 0.575237 0.051929 0.816337
vn 0.100693 0.013612 0.994824
vn 0.078753 0.011818 0.996824
vn 0.575237 0.051929 0.816337
vn 0.956637 0.084584 0.278732
vn 0.963086 0.049204 0.264658
vn 0.587148 0.031286 0.808875
vn 0.575237 0.051929 0.816337
vn 0.587148 0.031286 0.808875
vn 0.114456 0.010212 0.993376
vn 0.100693 0.013612 0.994824
vn 0.954465 0.051141 0.293908
vn 0.998655 0.025539 0.045128
vn 0.993905 0.097269 0.051884
vn 0.956637 0.084584 0.278732
vn 0.954465 0.051141 0.293908
vn 0.953238 0.035669 0.300110
vn 0.999860 0.002831 0.016501
vn 0.998655 0.025539 0.045128
vn 0.999860 0.002831 0.016501
vn 0.999721 -0.022732 -0.006368
vn 0.999917 0.002245 0.012708
vn 0.998655 0.025539 0.045128
vn 0.999860 0.002831 0.016501
vn 0.953238 0.035669 0.300110
vn 0.930841 0.134741 0.339677
vn 0.987535 0.157126 0.009278
vn 0.999860 0.002831 0.016501
vn 0.987535 0.157126 0.009278
vn 0.986008 0.166385 -0.010199
vn 0.999721 -0.022732 -0.006368
vn 0.986008 0.166385 -0.010199
vn 0.985129 0.170910 -0.017601
vn 0.999096 -0.039162 -0.016544
vn 0.999721 -0.022732 -0.006368
vn 0.986008 0.166385 -0.010199
vn 0.987535 0.157126 0.009278
vn 0.958972 0.280859 0.038621
vn 0.950843 0.309573 0.007887
vn 0.986008 0.166385 -0.010199
vn 0.950843 0.309573 0.007887
vn 0.944288 0.329118 -0.001348
vn 0.985129 0.170910 -0.017601
vn 0.944288 0.329118 -0.001348
vn 0.938129 0.346209 -0.007251
vn 0.983787 0.178151 -0.020611
vn 0.985129 0.170910 -0.017601
vn 0.944288 0.329118 -0.001348
vn 0.950843 0.309573 0.007887
vn 0.966874 0.254242 0.022694
vn 0.966563 0.256167 0.011583
vn 0.944288 0.329118 -0.001348
vn 0.966563 0.256167 0.011583
vn 0.966540 0.256500 0.003070
vn 0.938129 0.346209 -0.007251
vn 0.966540 0.256500 0.003070
vn 0.893200 0.226772 0.388289
vn 0.869059 0.334615 0.364376
vn 0.938129 0.346209 -0.007251
vn 0.966540 0.256500 0.003070
vn 0.966563 0.256167 0.011583
vn 0.974969 0.222292 0.004764
vn 0.977235 0.212151 -0.002190
vn 0.966540 0.256500 0.003070
vn 0.977235 0.212151 -0.002190
vn 0.914422 0.190365 0.357202
vn 0.893200 0.226772 0.388289
vn 0.914422 0.190365 0.357202
vn -0.495738 -0.110766 0.861380
vn -0.598780 -0.172214 0.782180
vn 0.893200 0.226772 0.388289
vn 0.914422 0.190365 0.357202
vn 0.977235 0.212151 -0.002190
vn 0.888817 0.458234 -0.005090
vn 0.826998 0.445066 0.343498
vn 0.914422 0.190365 0.357202
vn 0.826998 0.445066 0.343498
vn -0.407413 -0.203537 0.890274
vn -0.495738 -0.110766 0.861380
vn -0.407413 -0.203537 0.890274
vn -0.877707 -0.472416 0.080336
vn -0.974544 -0.207881 0.083960
vn -0.495738 -0.110766 0.861380
vn -0.407413 -0.203537 0.890274
vn 0.826998 0.445066 0.343498
vn 0.764617 0.530355 0.366175
vn -0.474461 -0.312871 0.822799
vn -0.407413 -0.203537 0.890274
vn -0.474461 -0.312871 0.822799
vn -0.827877 -0.556367 0.071239
vn -0.877707 -0.472416 0.080336
vn -0.827877 -0.556367 0.071239
vn -0.837996 -0.545318 -0.019771
vn -0.885611 -0.464420 0.002588
vn -0.877707 -0.472416 0.080336
vn -0.827877 -0.556367 0.071239
vn -0.474461 -0.312871 0.822799
vn -0.517297 -0.243376 0.820471
vn -0.916208 -0.394272 0.071498
vn -0.827877 -0.556367 0.071239
vn -0.916208 -0.394272 0.071498
vn -0.921088 -0.387321 -0.039739
vn -0.837996 -0.545318 -0.019771
vn -0.921088 -0.387321 -0.039739
vn -0.923296 -0.379612 -0.058480
vn -0.851596 -0.523142 -0.033262
vn -0.837996 -0.545318 -0.019771
vn -0.921088 -0.387321 -0.039739
vn -0.916208 -0.394272 0.071498
vn -0.980704 -0.179783 0.076800
vn -0.982533 -0.182423 -0.036745
vn -0.921088 -0.387321 -0.039739
vn -0.982533 -0.182423 -0.036745
vn -0.980090 -0.190339 -0.056517
vn -0.923296 -0.379612 -0.058480
vn -0.980090 -0.190339 -0.056517
vn -0.973630 -0.201770 -0.106455
vn -0.928015 -0.357087 -0.106188
vn -0.923296 -0.379612 -0.058480
vn -0.980090 -0.190339 -0.056517
vn -0.982533 -0.182423 -0.036745
vn -0.998892 -0.040786 -0.023474
vn -0.998030 -0.046928 -0.041646
vn -0.980090 -0.190339 -0.056517
vn -0.998030 -0.046928 -0.041646
vn -0.994519 -0.054648 -0.089133
vn -0.973630 -0.201770 -0.106455
vn -0.994519 -0.054648 -0.089133
vn -0.934022 -0.064415 -0.351359
vn -0.912077 -0.206398 -0.354281
vn -0.973630 -0.201770 -0.106455
vn -0.994519 -0.054648 -0.089133
vn -0.998030 -0.046928 -0.041646
vn -0.998877 0.026924 -0.038997
vn -0.995545 0.035507 -0.087348
vn -0.994519 -0.054648 -0.089133
vn -0.995545 0.035507 -0.087348
vn -0.937190 0.047623 -0.345553
vn -0.934022 -0.064415 -0.351359
vn -0.937190 0.047623 -0.345553
vn -0.549432 0.045350 -0.834307
vn -0.545726 -0.047344 -0.836625
vn -0.934022 -0.064415 -0.351359
vn -0.937190 0.047623 -0.345553
vn -0.995545 0.035507 -0.087348
vn -0.984238 0.154875 -0.085377
vn -0.934709 0.137263 -0.327839
vn -0.937190 0.047623 -0.345553
vn -0.934709 0.137263 -0.327839
vn -0.562597 0.083134 -0.822541
vn -0.549432 0.045350 -0.834307
vn -0.934709 0.137263 -0.327839
vn -0.984238 0.154875 -0.085377
vn -0.973947 0.215744 -0.069864
vn -0.936590 0.191144 -0.293705
vn -0.934709 0.137263 -0.327839
vn -0.936590 0.191144 -0.293705
vn -0.585805 0.118876 -0.801686
vn -0.562597 0.083134 -0.822541
vn -0.936590 0.191144 -0.293705
vn -0.973947 0.215744 -0.069864
vn -0.972759 0.223847 -0.060269
vn -0.942159 0.213520 -0.258352
vn -0.936590 0.191144 -0.293705
vn -0.942159 0.213520 -0.258352
vn -0.628450 0.146528 -0.763924
vn -0.585805 0.118876 -0.801686
vn -0.942159 0.213520 -0.258352
vn -0.972759 0.223847 -0.060269
vn -0.942650 0.328968 -0.056489
vn -0.927721 0.307495 -0.211612
vn -0.942159 0.213520 -0.258352
vn -0.927721 0.307495 -0.211612
vn -0.675458 0.211787 -0.706331
vn -0.628450 0.146528 -0.763924
vn -0.927721 0.307495 -0.211612
vn -0.942650 0.328968 -0.056489
vn -0.874549 0.482951 -0.043849
vn -0.879282 0.450947 -0.153329
vn -0.927721 0.307495 -0.211612
vn -0.879282 0.450947 -0.153329
vn -0.700595 0.336771 -0.629088
vn -0.675458 0.211787 -0.706331
vn -0.879282 0.450947 -0.153329
vn -0.874549 0.482951 -0.043849
vn -0.806917 0.590306 -0.020591
vn -0.824210 0.559000 -0.090536
vn -0.879282 0.450947 -0.153329
vn -0.824210 0.559000 -0.090536
vn -0.719142 0.460364 -0.520480
vn -0.700595 0.336771 -0.629088
vn -0.806917 0.590306 -0.020591
vn -0.874549 0.482951 -0.043849
vn -0.873397 0.486809 -0.013972
vn -0.797142 0.603791 -0.000899
vn -0.806917 0.590306 -0.020591
vn -0.797142 0.603791 -0.000899
vn -0.847256 0.531114 0.008711
vn -0.852470 0.522741 -0.006066
vn -0.806917 0.590306 -0.020591
vn -0.852470 0.522741 -0.006066
vn -0.856043 0.514330 -0.051534
vn -0.824210 0.559000 -0.090536
vn -0.847256 0.531114 0.008711
vn -0.797142 0.603791 -0.000899
vn -0.791358 0.611310 0.007194
vn -0.844945 0.534635 0.015288
vn -0.847256 0.531114 0.008711
vn -0.844945 0.534635 0.015288
vn -0.958679 0.284398 0.007237
vn -0.953953 0.299943 -0.002813
vn -0.847256 0.531114 0.008711
vn -0.953953 0.299943 -0.002813
vn -0.948326 0.316723 -0.019093
vn -0.852470 0.522741 -0.006066
vn -0.958679 0.284398 0.007237
vn -0.844945 0.534635 0.015288
vn -0.832287 0.532035 0.155686
vn -0.945822 0.275176 0.172336
vn -0.958679 0.284398 0.007237
vn -0.945822 0.275176 0.172336
vn -0.959939 0.213746 0.181189
vn -0.972556 0.232287 -0.013321
vn -0.958679 0.284398 0.007237
vn -0.972556 0.232287 -0.013321
vn -0.968033 0.249471 -0.026021
vn -0.953953 0.299943 -0.002813
vn -0.945822 0.275176 0.172336
vn -0.832287 0.532035 0.155686
vn -0.219038 0.141089 0.965462
vn -0.221409 0.069129 0.972728
vn -0.945822 0.275176 0.172336
vn -0.221409 0.069129 0.972728
vn -0.249998 0.048139 0.967049
vn -0.959939 0.213746 0.181189
vn -0.221409 0.069129 0.972728
vn -0.219038 0.141089 0.965462
vn 0.797835 -0.506887 0.326382
vn 0.909999 -0.267504 0.316772
vn -0.221409 0.069129 0.972728
vn 0.909999 -0.267504 0.316772
vn 0.928034 -0.200459 0.313958
vn -0.249998 0.048139 0.967049
vn 0.909999 -0.267504 0.316772
vn 0.797835 -0.506887 0.326382
vn 0.845125 -0.534210 -0.019593
vn 0.956419 -0.291754 -0.011915
vn 0.909999 -0.267504 0.316772
vn 0.956419 -0.291754 -0.011915
vn 0.976779 -0.214080 0.008514
vn 0.928034 -0.200459 0.313958
vn 0.956419 -0.291754 -0.011915
vn 0.845125 -0.534210 -0.019593
vn 0.845102 -0.534468 -0.012121
vn 0.950720 -0.310032 -0.003403
vn 0.956419 -0.291754 -0.011915
vn 0.950720 -0.310032 -0.003403
vn 0.973293 -0.228824 0.018429
vn 0.976779 -0.214080 0.008514
vn 0.845102 -0.534468 -0.012121
vn 0.845125 -0.534210 -0.019593
vn 0.785369 -0.618903 -0.012407
vn 0.791258 -0.611474 -0.003060
vn 0.845102 -0.534468 -0.012121
vn 0.791258 -0.611474 -0.003060
vn 0.800248 -0.599569 0.011000
vn 0.846472 -0.532433 0.000047
vn 0.845102 -0.534468 -0.012121
vn 0.846472 -0.532433 0.000047
vn 0.944441 -0.328515 0.010473
vn 0.950720 -0.310032 -0.003403
vn 0.800248 -0.599569 0.011000
vn 0.791258 -0.611474 -0.003060
vn 0.871803 -0.489794 0.007828
vn 0.872354 -0.488063 0.028154
vn 0.800248 -0.599569 0.011000
vn 0.872354 -0.488063 0.028154
vn 0.881152 -0.461955 0.100841
vn 0.817800 -0.573260 0.050761
vn 0.800248 -0.599569 0.011000
vn 0.817800 -0.573260 0.050761
vn 0.850177 -0.526096 0.020564
vn 0.846472 -0.532433 0.000047
vn 0.881152 -0.461955 0.100841
vn 0.872354 -0.488063 0.028154
vn 0.944776 -0.325773 0.035642
vn 0.940071 -0.308052 0.146185
vn 0.881152 -0.461955 0.100841
vn 0.940071 -0.308052 0.146185
vn 0.730603 -0.225689 0.644426
vn 0.742379 -0.361951 0.563795
vn 0.881152 -0.461955 0.100841
vn 0.742379 -0.361951 0.563795
vn 0.748592 -0.486503 0.450472
vn 0.817800 -0.573260 0.050761
vn 0.940071 -0.308052 0.146185
vn 0.944776 -0.325773 0.035642
vn 0.974602 -0.220795 0.037411
vn 0.960338 -0.213340 0.179549
vn 0.940071 -0.308052 0.146185
vn 0.960338 -0.213340 0.179549
vn 0.692089 -0.157812 0.704350
vn 0.730603 -0.225689 0.644426
vn 0.960338 -0.213340 0.179549
vn 0.974602 -0.220795 0.037411
vn 0.973857 -0.222581 0.045382
vn 0.957158 -0.202851 0.206638
vn 0.960338 -0.213340 0.179549
vn 0.957158 -0.202851 0.206638
vn 0.652767 -0.136708 0.745121
vn 0.692089 -0.157812 0.704350
vn 0.957158 -0.202851 0.206638
vn 0.973857 -0.222581 0.045382
vn 0.985756 -0.158222 0.057011
vn 0.960471 -0.145006 0.237633
vn 0.957158 -0.202851 0.206638
vn 0.960471 -0.145006 0.237633
vn 0.629955 -0.097498 0.770487
vn 0.652767 -0.136708 0.745121
vn 0.960471 -0.145006 0.237633
vn 0.985756 -0.158222 0.057011
vn 0.997886 -0.029626 0.057852
vn 0.967669 -0.039573 0.249100
vn 0.960471 -0.145006 0.237633
vn 0.967669 -0.039573 0.249100
vn 0.622950 -0.040343 0.781221
vn 0.629955 -0.097498 0.770487
vn 0.967669 -0.039573 0.249100
vn 0.997886 -0.029626 0.057852
vn 0.996619 0.054283 0.061674
vn 0.964328 0.072133 0.254693
vn 0.967669 -0.039573 0.249100
vn 0.964328 0.072133 0.254693
vn 0.623526 0.063585 0.779212
vn 0.622950 -0.040343 0.781221
vn 0.964328 0.072133 0.254693
vn 0.996619 0.054283 0.061674
vn 0.976304 0.201784 0.078195
vn 0.941095 0.213451 0.262257
vn 0.964328 0.072133 0.254693
vn 0.941095 0.213451 0.262257
vn 0.622469 0.154432 0.767257
vn 0.623526 0.063585 0.779212
vn 0.941095 0.213451 0.262257
vn 0.976304 0.201784 0.078195
vn 0.919716 0.385337 0.075086
vn 0.910593 0.336366 0.240162
vn 0.941095 0.213451 0.262257
vn 0.910593 0.336366 0.240162
vn 0.630776 0.187009 0.753093
vn 0.622469 0.154432 0.767257
vn 0.910593 0.336366 0.240162
vn 0.919716 0.385337 0.075086
vn 0.858426 0.511201 0.042167
vn 0.880866 0.438784 0.177607
vn 0.910593 0.336366 0.240162
vn 0.880866 0.438784 0.177607
vn 0.645321 0.252505 0.720973
vn 0.630776 0.187009 0.753093
vn 0.880866 0.438784 0.177607
vn 0.858426 0.511201 0.042167
vn 0.900338 0.434936 0.014910
vn 0.904516 0.412663 0.107522
vn 0.880866 0.438784 0.177607
vn 0.904516 0.412663 0.107522
vn 0.690119 0.287171 0.664281
vn 0.645321 0.252505 0.720973
vn 0.904516 0.412663 0.107522
vn 0.900338 0.434936 0.014910
vn 0.971634 0.235889 0.016865
vn 0.964782 0.249934 0.082031
vn 0.904516 0.412663 0.107522
vn 0.964782 0.249934 0.082031
vn 0.787209 0.215731 0.577721
vn 0.690119 0.287171 0.664281
vn 0.964782 0.249934 0.082031
vn 0.971634 0.235889 0.016865
vn 0.966874 0.254242 0.022694
vn 0.967551 0.242724 0.070220
vn 0.964782 0.249934 0.082031
vn 0.967551 0.242724 0.070220
vn 0.845324 0.197701 0.496328
vn 0.787209 0.215731 0.577721
vn 0.967551 0.242724 0.070220
vn 0.966874 0.254242 0.022694
vn 0.950843 0.309573 0.007887
vn 0.958972 0.280859 0.038621
vn 0.967551 0.242724 0.070220
vn 0.958972 0.280859 0.038621
vn 0.881027 0.223305 0.417044
vn 0.845324 0.197701 0.496328
vn 0.971634 0.235889 0.016865
vn 0.974969 0.222292 0.004764
vn 0.966563 0.256167 0.011583
vn 0.966874 0.254242 0.022694
vn 0.971634 0.235889 0.016865
vn 0.900338 0.434936 0.014910
vn 0.894500 0.447068 0.000277
vn 0.974969 0.222292 0.004764
vn 0.894500 0.447068 0.000277
vn 0.888817 0.458234 -0.005090
vn 0.977235 0.212151 -0.002190
vn 0.974969 0.222292 0.004764
vn 0.894500 0.447068 0.000277
vn 0.900338 0.434936 0.014910
vn 0.858426 0.511201 0.042167
vn 0.840648 0.541183 0.020791
vn 0.894500 0.447068 0.000277
vn 0.840648 0.541183 0.020791
vn 0.828267 0.560170 0.013516
vn 0.888817 0.458234 -0.005090
vn 0.828267 0.560170 0.013516
vn 0.764617 0.530355 0.366175
vn 0.826998 0.445066 0.343498
vn 0.888817 0.458234 -0.005090
vn 0.828267 0.560170 0.013516
vn 0.840648 0.541183 0.020791
vn 0.917617 0.394747 0.046404
vn 0.915883 0.399958 0.034536
vn 0.828267 0.560170 0.013516
vn 0.915883 0.399958 0.034536
vn 0.856818 0.366522 0.362663
vn 0.764617 0.530355 0.366175
vn 0.856818 0.366522 0.362663
vn -0.517297 -0.243376 0.820471
vn -0.474461 -0.312871 0.822799
vn 0.764617 0.530355 0.366175
vn 0.856818 0.366522 0.362663
vn 0.915883 0.399958 0.034536
vn 0.983525 0.177918 0.032003
vn 0.921146 0.150104 0.359109
vn 0.856818 0.366522 0.362663
vn 0.921146 0.150104 0.359109
vn -0.548928 -0.125617 0.826377
vn -0.517297 -0.243376 0.820471
vn -0.548928 -0.125617 0.826377
vn -0.980704 -0.179783 0.076800
vn -0.916208 -0.394272 0.071498
vn -0.517297 -0.243376 0.820471
vn -0.548928 -0.125617 0.826377
vn 0.921146 0.150104 0.359109
vn 0.940132 0.024270 0.339945
vn -0.514792 -0.030443 0.856774
vn -0.548928 -0.125617 0.826377
vn -0.514792 -0.030443 0.856774
vn -0.995648 -0.036322 0.085820
vn -0.980704 -0.179783 0.076800
vn -0.995648 -0.036322 0.085820
vn -0.998892 -0.040786 -0.023474
vn -0.982533 -0.182423 -0.036745
vn -0.980704 -0.179783 0.076800
vn -0.995648 -0.036322 0.085820
vn -0.514792 -0.030443 0.856774
vn -0.507899 0.002850 0.861412
vn -0.995719 0.018572 0.090544
vn -0.995648 -0.036322 0.085820
vn -0.995719 0.018572 0.090544
vn -0.999558 0.022222 -0.019732
vn -0.998892 -0.040786 -0.023474
vn -0.999558 0.022222 -0.019732
vn -0.998877 0.026924 -0.038997
vn -0.998030 -0.046928 -0.041646
vn -0.998892 -0.040786 -0.023474
vn -0.999558 0.022222 -0.019732
vn -0.995719 0.018572 0.090544
vn -0.981831 0.166604 0.090832
vn -0.986127 0.165099 -0.017192
vn -0.999558 0.022222 -0.019732
vn -0.986127 0.165099 -0.017192
vn -0.986233 0.161056 -0.037483
vn -0.998877 0.026924 -0.038997
vn -0.986233 0.161056 -0.037483
vn -0.984238 0.154875 -0.085377
vn -0.995545 0.035507 -0.087348
vn -0.998877 0.026924 -0.038997
vn -0.986233 0.161056 -0.037483
vn -0.986127 0.165099 -0.017192
vn -0.970802 0.239796 -0.006417
vn -0.973042 0.229127 -0.026279
vn -0.986233 0.161056 -0.037483
vn -0.973042 0.229127 -0.026279
vn -0.973947 0.215744 -0.069864
vn -0.984238 0.154875 -0.085377
vn -0.973042 0.229127 -0.026279
vn -0.970802 0.239796 -0.006417
vn -0.974836 0.222922 0.000672
vn -0.974582 0.223234 -0.018875
vn -0.973042 0.229127 -0.026279
vn -0.974582 0.223234 -0.018875
vn -0.972759 0.223847 -0.060269
vn -0.973947 0.215744 -0.069864
vn -0.974582 0.223234 -0.018875
vn -0.974836 0.222922 0.000672
vn -0.946653 0.322254 0.000605
vn -0.944927 0.326776 -0.018159
vn -0.974582 0.223234 -0.018875
vn -0.944927 0.326776 -0.018159
vn -0.942650 0.328968 -0.056489
vn -0.972759 0.223847 -0.060269
vn -0.944927 0.326776 -0.018159
vn -0.946653 0.322254 0.000605
vn -0.874807 0.484471 0.000711
vn -0.873397 0.486809 -0.013972
vn -0.944927 0.326776 -0.018159
vn -0.873397 0.486809 -0.013972
vn -0.874549 0.482951 -0.043849
vn -0.942650 0.328968 -0.056489
vn -0.874807 0.484471 0.000711
vn -0.946653 0.322254 0.000605
vn -0.940352 0.316038 0.125929
vn -0.870592 0.472824 0.136040
vn -0.874807 0.484471 0.000711
vn -0.870592 0.472824 0.136040
vn -0.783482 0.605272 0.140717
vn -0.791358 0.611310 0.007194
vn -0.874807 0.484471 0.000711
vn -0.791358 0.611310 0.007194
vn -0.797142 0.603791 -0.000899
vn -0.873397 0.486809 -0.013972
vn -0.783482 0.605272 0.140717
vn -0.870592 0.472824 0.136040
vn -0.408056 0.183966 0.894230
vn -0.332395 0.229501 0.914791
vn -0.783482 0.605272 0.140717
vn -0.332395 0.229501 0.914791
vn -0.219038 0.141089 0.965462
vn -0.832287 0.532035 0.155686
vn -0.783482 0.605272 0.140717
vn -0.832287 0.532035 0.155686
vn -0.844945 0.534635 0.015288
vn -0.791358 0.611310 0.007194
vn -0.332395 0.229501 0.914791
vn -0.408056 0.183966 0.894230
vn 0.821508 -0.467972 0.325769
vn 0.733999 -0.589032 0.338062
vn -0.332395 0.229501 0.914791
vn 0.733999 -0.589032 0.338062
vn 0.797835 -0.506887 0.326382
vn -0.219038 0.141089 0.965462
vn 0.733999 -0.589032 0.338062
vn 0.821508 -0.467972 0.325769
vn 0.873749 -0.486351 -0.004938
vn 0.785369 -0.618903 -0.012407
vn 0.733999 -0.589032 0.338062
vn 0.785369 -0.618903 -0.012407
vn 0.845125 -0.534210 -0.019593
vn 0.797835 -0.506887 0.326382
vn 0.873749 -0.486351 -0.004938
vn 0.821508 -0.467972 0.325769
vn 0.896363 -0.306412 0.320383
vn 0.948077 -0.318003 -0.004907
vn 0.873749 -0.486351 -0.004938
vn 0.948077 -0.318003 -0.004907
vn 0.946378 -0.322934 0.009127
vn 0.871803 -0.489794 0.007828
vn 0.873749 -0.486351 -0.004938
vn 0.871803 -0.489794 0.007828
vn 0.791258 -0.611474 -0.003060
vn 0.785369 -0.618903 -0.012407
vn 0.946378 -0.322934 0.009127
vn 0.948077 -0.318003 -0.004907
vn 0.975304 -0.220799 -0.005512
vn 0.975240 -0.220973 0.008875
vn 0.946378 -0.322934 0.009127
vn 0.975240 -0.220973 0.008875
vn 0.974602 -0.220795 0.037411
vn 0.944776 -0.325773 0.035642
vn 0.946378 -0.322934 0.009127
vn 0.944776 -0.325773 0.035642
vn 0.872354 -0.488063 0.028154
vn 0.871803 -0.489794 0.007828
vn 0.975240 -0.220973 0.008875
vn 0.975304 -0.220799 -0.005512
vn 0.969668 -0.244421 0.001348
vn 0.972103 -0.233985 0.016358
vn 0.975240 -0.220973 0.008875
vn 0.972103 -0.233985 0.016358
vn 0.973857 -0.222581 0.045382
vn 0.974602 -0.220795 0.037411
vn 0.972103 -0.233985 0.016358
vn 0.969668 -0.244421 0.001348
vn 0.985479 -0.169338 0.012454
vn 0.986137 -0.163655 0.027392
vn 0.972103 -0.233985 0.016358
vn 0.986137 -0.163655 0.027392
vn 0.985756 -0.158222 0.057011
vn 0.973857 -0.222581 0.045382
vn 0.986137 -0.163655 0.027392
vn 0.985479 -0.169338 0.012454
vn 0.999698 -0.019693 0.014678
vn 0.999290 -0.023892 0.029149
vn 0.986137 -0.163655 0.027392
vn 0.999290 -0.023892 0.029149
vn 0.997886 -0.029626 0.057852
vn 0.985756 -0.158222 0.057011
vn 0.999290 -0.023892 0.029149
vn 0.999698 -0.019693 0.014678
vn 0.999174 0.036037 0.018789
vn 0.998516 0.043905 0.032235
vn 0.999290 -0.023892 0.029149
vn 0.998516 0.043905 0.032235
vn 0.996619 0.054283 0.061674
vn 0.997886 -0.029626 0.057852
vn 0.998516 0.043905 0.032235
vn 0.999174 0.036037 0.018789
vn 0.983525 0.177918 0.032003
vn 0.981252 0.187168 0.045962
vn 0.998516 0.043905 0.032235
vn 0.981252 0.187168 0.045962
vn 0.976304 0.201784 0.078195
vn 0.996619 0.054283 0.061674
vn 0.981252 0.187168 0.045962
vn 0.983525 0.177918 0.032003
vn 0.915883 0.399958 0.034536
vn 0.917617 0.394747 0.046404
vn 0.981252 0.187168 0.045962
vn 0.917617 0.394747 0.046404
vn 0.919716 0.385337 0.075086
vn 0.976304 0.201784 0.078195
vn 0.999174 0.036037 0.018789
vn 0.940132 0.024270 0.339945
vn 0.921146 0.150104 0.359109
vn 0.983525 0.177918 0.032003
vn 0.999174 0.036037 0.018789
vn 0.999698 -0.019693 0.014678
vn 0.942182 -0.019398 0.334540
vn 0.940132 0.024270 0.339945
vn 0.942182 -0.019398 0.334540
vn -0.507899 0.002850 0.861412
vn -0.514792 -0.030443 0.856774
vn 0.940132 0.024270 0.339945
vn 0.942182 -0.019398 0.334540
vn 0.999698 -0.019693 0.014678
vn 0.985479 -0.169338 0.012454
vn 0.923469 -0.161613 0.347976
vn 0.942182 -0.019398 0.334540
vn 0.923469 -0.161613 0.347976
vn -0.531004 0.085355 0.843059
vn -0.507899 0.002850 0.861412
vn -0.531004 0.085355 0.843059
vn -0.981831 0.166604 0.090832
vn -0.995719 0.018572 0.090544
vn -0.507899 0.002850 0.861412
vn -0.531004 0.085355 0.843059
vn 0.923469 -0.161613 0.347976
vn 0.914507 -0.235115 0.329238
vn -0.433341 0.114972 0.893866
vn -0.531004 0.085355 0.843059
vn -0.433341 0.114972 0.893866
vn -0.964258 0.246677 0.096733
vn -0.981831 0.166604 0.090832
vn -0.964258 0.246677 0.096733
vn -0.970802 0.239796 -0.006417
vn -0.986127 0.165099 -0.017192
vn -0.981831 0.166604 0.090832
vn -0.964258 0.246677 0.096733
vn -0.433341 0.114972 0.893866
vn -0.440868 0.106159 0.891272
vn -0.968290 0.224532 0.109546
vn -0.964258 0.246677 0.096733
vn -0.968290 0.224532 0.109546
vn -0.974836 0.222922 0.000672
vn -0.970802 0.239796 -0.006417
vn -0.968290 0.224532 0.109546
vn -0.440868 0.106159 0.891272
vn -0.440794 0.132734 0.887740
vn -0.940352 0.316038 0.125929
vn -0.968290 0.224532 0.109546
vn -0.940352 0.316038 0.125929
vn -0.946653 0.322254 0.000605
vn -0.974836 0.222922 0.000672
vn -0.440794 0.132734 0.887740
vn -0.440868 0.106159 0.891272
vn 0.922571 -0.210750 0.323183
vn 0.896363 -0.306412 0.320383
vn -0.440794 0.132734 0.887740
vn 0.896363 -0.306412 0.320383
vn 0.821508 -0.467972 0.325769
vn -0.408056 0.183966 0.894230
vn -0.440794 0.132734 0.887740
vn -0.408056 0.183966 0.894230
vn -0.870592 0.472824 0.136040
vn -0.940352 0.316038 0.125929
vn 0.922571 -0.210750 0.323183
vn -0.440868 0.106159 0.891272
vn -0.433341 0.114972 0.893866
vn 0.914507 -0.235115 0.329238
vn 0.922571 -0.210750 0.323183
vn 0.914507 -0.235115 0.329238
vn 0.969668 -0.244421 0.001348
vn 0.975304 -0.220799 -0.005512
vn 0.922571 -0.210750 0.323183
vn 0.975304 -0.220799 -0.005512
vn 0.948077 -0.318003 -0.004907
vn 0.896363 -0.306412 0.320383
vn 0.914507 -0.235115 0.329238
vn 0.923469 -0.161613 0.347976
vn 0.985479 -0.169338 0.012454
vn 0.969668 -0.244421 0.001348
vn 0.917617 0.394747 0.046404
vn 0.840648 0.541183 0.020791
vn 0.858426 0.511201 0.042167
vn 0.919716 0.385337 0.075086
vn 0.958972 0.280859 0.038621
vn 0.987535 0.157126 0.009278
vn 0.930841 0.134741 0.339677
vn 0.881027 0.223305 0.417044
vn 0.587148 0.031286 0.808875
vn 0.574504 -0.019577 0.818268
vn 0.110357 -0.004242 0.993883
vn 0.114456 0.010212 0.993376
vn 0.824658 0.352218 0.442586
vn 0.882511 -0.365639 0.295773
vn -0.417267 0.104053 0.902807
vn -0.623467 -0.285522 0.727850
vn 0.824658 0.352218 0.442586
vn -0.623467 -0.285522 0.727850
vn -0.126895 -0.499595 0.856914
vn 0.133594 0.940354 0.312870
vn 0.755179 -0.368728 -0.541982
vn 0.843200 0.101940 -0.527847
vn 0.975909 0.197934 -0.091785
vn 0.861494 -0.456047 -0.223270
vn 0.755179 -0.368728 -0.541982
vn 0.187263 -0.716852 -0.671607
vn 0.274006 -0.129291 -0.952998
vn 0.843200 0.101940 -0.527847
vn 0.755179 -0.368728 -0.541982
vn 0.861494 -0.456047 -0.223270
vn 0.195237 -0.952916 -0.232023
vn 0.187263 -0.716852 -0.671607
vn 0.363662 0.478033 -0.799521
vn 0.589967 0.721844 -0.361772
vn 0.761686 0.419120 -0.494138
vn 0.349794 0.254783 -0.901515
vn 0.363662 0.478033 -0.799521
vn 0.000000 0.569580 -0.821936
vn 0.000000 0.935616 -0.353020
vn 0.589967 0.721844 -0.361772
vn 0.363662 0.478033 -0.799521
vn 0.349794 0.254783 -0.901515
vn 0.000000 0.138903 -0.990306
vn 0.000000 0.569580 -0.821936
vn -0.365682 -0.326567 0.871568
vn -0.631295 -0.660483 0.406484
vn 0.000000 -0.899928 0.436038
vn 0.000000 -0.410418 0.911897
vn -0.365682 -0.326567 0.871568
vn 0.000000 -0.410418 0.911897
vn 0.000000 -0.067782 0.997700
vn -0.296723 -0.163370 0.940885
vn -0.365682 -0.326567 0.871568
vn -0.296723 -0.163370 0.940885
vn -0.779705 -0.368000 0.506593
vn -0.631295 -0.660483 0.406484
vn 0.623473 -0.285517 0.727847
vn 0.880142 -0.457094 0.128119
vn 0.946238 0.300663 0.119308
vn 0.417267 0.104050 0.902808
vn 0.623473 -0.285517 0.727847
vn 0.126898 -0.499593 0.856915
vn 0.205831 -0.972034 0.113065
vn 0.880142 -0.457094 0.128119
vn -0.922588 0.103294 0.371700
vn -0.927180 -0.173677 0.331924
vn -0.413488 0.057144 0.908715
vn -0.317205 0.653713 0.687052
vn -0.922588 0.103294 0.371700
vn -0.317205 0.653713 0.687052
vn -0.280188 0.931688 0.231196
vn -0.967635 0.204070 0.148454
vn -0.922588 0.103294 0.371700
vn -0.967635 0.204070 0.148454
vn -0.961753 -0.273834 0.006828
vn -0.927180 -0.173677 0.331924
vn -0.961753 -0.273834 0.006828
vn -0.967635 0.204070 0.148454
vn -0.963720 0.259669 0.061765
vn -0.949325 -0.314137 -0.009996
vn -0.961753 -0.273834 0.006828
vn -0.995396 -0.094848 0.013813
vn -0.957907 -0.105810 0.266867
vn -0.927180 -0.173677 0.331924
vn -0.961753 -0.273834 0.006828
vn -0.949325 -0.314137 -0.009996
vn -0.992703 -0.120383 -0.007034
vn -0.995396 -0.094848 0.013813
vn -0.992703 -0.120383 -0.007034
vn -0.949325 -0.314137 -0.009996
vn -0.938401 -0.345291 -0.013333
vn -0.989008 -0.146723 -0.018308
vn -0.992703 -0.120383 -0.007034
vn -0.999819 0.018240 0.005490
vn -0.999578 0.008668 0.027723
vn -0.995396 -0.094848 0.013813
vn -0.992703 -0.120383 -0.007034
vn -0.989008 -0.146723 -0.018308
vn -0.999619 0.026454 -0.007831
vn -0.999819 0.018240 0.005490
vn -0.999619 0.026454 -0.007831
vn -0.989008 -0.146723 -0.018308
vn -0.987249 -0.157897 -0.020204
vn -0.999327 0.036098 -0.006530
vn -0.999619 0.026454 -0.007831
vn -0.997653 0.068471 0.001066
vn -0.997767 0.065151 0.014697
vn -0.999819 0.018240 0.005490
vn -0.999619 0.026454 -0.007831
vn -0.999327 0.036098 -0.006530
vn -0.997626 0.068853 0.001371
vn -0.997653 0.068471 0.001066
vn -0.997626 0.068853 0.001371
vn -0.999327 0.036098 -0.006530
vn -0.930032 0.030788 0.366186
vn -0.919757 0.059048 0.388022
vn -0.997626 0.068853 0.001371
vn -0.994243 0.107144 0.000344
vn -0.994370 0.105818 0.005643
vn -0.997653 0.068471 0.001066
vn -0.997626 0.068853 0.001371
vn -0.919757 0.059048 0.388022
vn -0.916285 0.096072 0.388835
vn -0.994243 0.107144 0.000344
vn -0.916285 0.096072 0.388835
vn -0.919757 0.059048 0.388022
vn 0.515325 -0.043720 0.855879
vn 0.543205 -0.056219 0.837716
vn -0.916285 0.096072 0.388835
vn -0.922778 -0.022320 0.384686
vn -0.999796 -0.018483 -0.008122
vn -0.994243 0.107144 0.000344
vn -0.916285 0.096072 0.388835
vn 0.543205 -0.056219 0.837716
vn 0.577208 0.009875 0.816537
vn -0.922778 -0.022320 0.384686
vn 0.577208 0.009875 0.816537
vn 0.543205 -0.056219 0.837716
vn 0.989974 -0.105756 0.093632
vn 0.994443 0.017689 0.103781
vn 0.577208 0.009875 0.816537
vn 0.502504 0.025439 0.864201
vn -0.931925 -0.048562 0.359385
vn -0.922778 -0.022320 0.384686
vn 0.577208 0.009875 0.816537
vn 0.994443 0.017689 0.103781
vn 0.993296 0.056064 0.101093
vn 0.502504 0.025439 0.864201
vn 0.993296 0.056064 0.101093
vn 0.994443 0.017689 0.103781
vn 0.999923 0.012081 0.002810
vn 0.998515 0.051781 0.016942
vn 0.993296 0.056064 0.101093
vn 0.979265 -0.179008 0.094850
vn 0.471199 -0.069005 0.879324
vn 0.502504 0.025439 0.864201
vn 0.993296 0.056064 0.101093
vn 0.998515 0.051781 0.016942
vn 0.984331 -0.175318 0.018891
vn 0.979265 -0.179008 0.094850
vn 0.984331 -0.175318 0.018891
vn 0.998515 0.051781 0.016942
vn 0.999292 0.035988 0.010947
vn 0.985646 -0.168276 0.013634
vn 0.984331 -0.175318 0.018891
vn 0.940408 -0.340041 0.002401
vn 0.932513 -0.351511 0.082827
vn 0.979265 -0.179008 0.094850
vn 0.984331 -0.175318 0.018891
vn 0.985646 -0.168276 0.013634
vn 0.946638 -0.322273 -0.004087
vn 0.940408 -0.340041 0.002401
vn 0.946638 -0.322273 -0.004087
vn 0.985646 -0.168276 0.013634
vn 0.986864 -0.161531 0.002813
vn 0.954227 -0.298421 -0.019875
vn 0.946638 -0.322273 -0.004087
vn 0.967064 -0.254001 -0.016467
vn 0.966645 -0.255989 -0.008215
vn 0.940408 -0.340041 0.002401
vn 0.946638 -0.322273 -0.004087
vn 0.954227 -0.298421 -0.019875
vn 0.967749 -0.249230 -0.036689
vn 0.967064 -0.254001 -0.016467
vn 0.967749 -0.249230 -0.036689
vn 0.954227 -0.298421 -0.019875
vn 0.958115 -0.258967 -0.122277
vn 0.957968 -0.235869 -0.163289
vn 0.967749 -0.249230 -0.036689
vn 0.967084 -0.252591 -0.030758
vn 0.972275 -0.233664 -0.009098
vn 0.967064 -0.254001 -0.016467
vn 0.967749 -0.249230 -0.036689
vn 0.957968 -0.235869 -0.163289
vn 0.946032 -0.265271 -0.186155
vn 0.967084 -0.252591 -0.030758
vn 0.946032 -0.265271 -0.186155
vn 0.957968 -0.235869 -0.163289
vn 0.727125 -0.170899 -0.664893
vn 0.657602 -0.194317 -0.727874
vn 0.946032 -0.265271 -0.186155
vn 0.887275 -0.401500 -0.227026
vn 0.896378 -0.441889 -0.035224
vn 0.967084 -0.252591 -0.030758
vn 0.946032 -0.265271 -0.186155
vn 0.657602 -0.194317 -0.727874
vn 0.580354 -0.231643 -0.780725
vn 0.887275 -0.401500 -0.227026
vn 0.580354 -0.231643 -0.780725
vn 0.657602 -0.194317 -0.727874
vn 0.142163 -0.041687 -0.988965
vn 0.110104 -0.030560 -0.993450
vn 0.580354 -0.231643 -0.780725
vn 0.555938 -0.188704 -0.809521
vn 0.872865 -0.388294 -0.295523
vn 0.887275 -0.401500 -0.227026
vn 0.580354 -0.231643 -0.780725
vn 0.110104 -0.030560 -0.993450
vn 0.106132 -0.011987 -0.994280
vn 0.555938 -0.188704 -0.809521
vn 0.106132 -0.011987 -0.994280
vn 0.110104 -0.030560 -0.993450
vn 0.007660 0.006291 -0.999951
vn 0.010126 0.007365 -0.999922
vn 0.106132 -0.011987 -0.994280
vn 0.108873 -0.013673 -0.993962
vn 0.548580 -0.152058 -0.822155
vn 0.555938 -0.188704 -0.809521
vn 0.106132 -0.011987 -0.994280
vn 0.010126 0.007365 -0.999922
vn 0.011576 0.005641 -0.999917
vn 0.108873 -0.013673 -0.993962
vn 0.011576 0.005641 -0.999917
vn 0.010126 0.007365 -0.999922
vn 0.000000 0.006528 -0.999979
vn 0.000000 0.006331 -0.999980
vn 0.011576 0.005641 -0.999917
vn 0.010000 0.002259 -0.999947
vn 0.102673 -0.027972 -0.994322
vn 0.108873 -0.013673 -0.993962
vn 0.011576 0.005641 -0.999917
vn 0.000000 0.006331 -0.999980
vn 0.000000 0.005926 -0.999982
vn 0.010000 0.002259 -0.999947
vn 0.000000 0.005926 -0.999982
vn 0.000000 0.005960 -0.999982
vn 0.007331 0.003304 -0.999968
vn 0.010000 0.002259 -0.999947
vn 0.000000 0.005960 -0.999982
vn 0.000000 0.006626 -0.999978
vn 0.006852 0.007803 -0.999946
vn 0.007331 0.003304 -0.999968
vn 0.000000 0.006626 -0.999978
vn 0.000000 0.007243 -0.999974
vn 0.008254 0.009211 -0.999924
vn 0.006852 0.007803 -0.999946
vn 0.000000 0.007243 -0.999974
vn 0.000000 0.007318 -0.999973
vn 0.009766 0.008617 -0.999915
vn 0.008254 0.009211 -0.999924
vn 0.000000 0.007318 -0.999973
vn 0.000000 0.007586 -0.999971
vn 0.010944 0.009007 -0.999900
vn 0.009766 0.008617 -0.999915
vn 0.000000 0.007586 -0.999971
vn 0.000000 0.008654 -0.999963
vn 0.012862 0.012447 -0.999840
vn 0.010944 0.009007 -0.999900
vn 0.000000 0.008654 -0.999963
vn 0.000000 0.010171 -0.999948
vn 0.017357 0.017091 -0.999703
vn 0.012862 0.012447 -0.999840
vn 0.000000 0.010171 -0.999948
vn 0.000000 0.012242 -0.999925
vn 0.026898 0.027634 -0.999256
vn 0.017357 0.017091 -0.999703
vn 0.000000 0.012242 -0.999925
vn 0.000000 0.020073 -0.999799
vn 0.052984 0.054138 -0.997127
vn 0.026898 0.027634 -0.999256
vn 0.000000 0.020073 -0.999799
vn 0.000000 0.033419 -0.999441
vn 0.120279 0.086057 -0.989003
vn 0.052984 0.054138 -0.997127
vn 0.000000 0.033419 -0.999441
vn 0.000000 0.055510 -0.998458
vn 0.241642 0.127042 -0.962013
vn 0.120279 0.086057 -0.989003
vn 0.000000 0.055510 -0.998458
vn 0.000000 0.138903 -0.990306
vn 0.349794 0.254783 -0.901515
vn 0.241642 0.127042 -0.962013
vn 0.241642 0.127042 -0.962013
vn 0.713196 0.268808 -0.647375
vn 0.558443 0.257596 -0.788534
vn 0.120279 0.086057 -0.989003
vn 0.241642 0.127042 -0.962013
vn 0.349794 0.254783 -0.901515
vn 0.761686 0.419120 -0.494138
vn 0.713196 0.268808 -0.647375
vn 0.713196 0.268808 -0.647375
vn 0.922861 0.307323 -0.232123
vn 0.890421 0.357726 -0.281394
vn 0.558443 0.257596 -0.788534
vn 0.713196 0.268808 -0.647375
vn 0.761686 0.419120 -0.494138
vn 0.861173 0.469924 -0.193785
vn 0.922861 0.307323 -0.232123
vn 0.861173 0.469924 -0.193785
vn 0.874981 0.474319 -0.097107
vn 0.954446 0.286258 -0.084203
vn 0.922861 0.307323 -0.232123
vn 0.861173 0.469924 -0.193785
vn 0.604895 0.781604 -0.152305
vn 0.603969 0.792445 -0.085164
vn 0.874981 0.474319 -0.097107
vn 0.861173 0.469924 -0.193785
vn 0.761686 0.419120 -0.494138
vn 0.589967 0.721844 -0.361772
vn 0.604895 0.781604 -0.152305
vn 0.604895 0.781604 -0.152305
vn 0.000000 0.990091 -0.140425
vn 0.000000 0.997247 -0.074149
vn 0.603969 0.792445 -0.085164
vn 0.604895 0.781604 -0.152305
vn 0.589967 0.721844 -0.361772
vn 0.000000 0.935616 -0.353020
vn 0.000000 0.990091 -0.140425
vn 0.000000 0.997247 -0.074149
vn 0.000000 0.998930 -0.046243
vn 0.598101 0.799658 -0.053121
vn 0.603969 0.792445 -0.085164
vn 0.000000 0.998930 -0.046243
vn 0.000000 0.999493 -0.031854
vn 0.591324 0.805663 -0.035260
vn 0.598101 0.799658 -0.053121
vn 0.000000 0.999493 -0.031854
vn 0.000000 0.999655 -0.026253
vn 0.589263 0.807397 -0.029645
vn 0.591324 0.805663 -0.035260
vn 0.000000 0.999655 -0.026253
vn 0.000000 0.969502 0.245084
vn 0.585069 0.780418 0.220550
vn 0.589263 0.807397 -0.029645
vn 0.000000 0.969502 0.245084
vn 0.000000 0.215760 0.976447
vn 0.148752 0.150375 0.977374
vn 0.585069 0.780418 0.220550
vn 0.000000 0.215760 0.976447
vn 0.000000 -0.960333 0.278857
vn -0.584597 -0.759825 0.284450
vn 0.148752 0.150375 0.977374
vn 0.000000 -0.960333 0.278857
vn 0.000000 -0.999584 0.028830
vn -0.629119 -0.776745 0.029616
vn -0.584597 -0.759825 0.284450
vn 0.000000 -0.999584 0.028830
vn 0.000000 -0.998931 0.046220
vn -0.638175 -0.768492 0.046391
vn -0.629119 -0.776745 0.029616
vn 0.000000 -0.998931 0.046220
vn 0.000000 -0.998498 0.054780
vn -0.653212 -0.755015 0.057158
vn -0.638175 -0.768492 0.046391
vn 0.000000 -0.998498 0.054780
vn 0.000000 -0.997337 0.072932
vn -0.670318 -0.737566 0.081669
vn -0.653212 -0.755015 0.057158
vn 0.000000 -0.997337 0.072932
vn 0.000000 -0.987773 0.155896
vn -0.676867 -0.718719 0.159039
vn -0.670318 -0.737566 0.081669
vn 0.000000 -0.987773 0.155896
vn 0.000000 -0.899928 0.436038
vn -0.631295 -0.660483 0.406484
vn -0.676867 -0.718719 0.159039
vn -0.676867 -0.718719 0.159039
vn -0.890204 -0.418331 0.180378
vn -0.906143 -0.414369 0.084869
vn -0.670318 -0.737566 0.081669
vn -0.676867 -0.718719 0.159039
vn -0.631295 -0.660483 0.406484
vn -0.779705 -0.368000 0.506593
vn -0.890204 -0.418331 0.180378
vn -0.890204 -0.418331 0.180378
vn -0.937187 -0.290610 0.192942
vn -0.961428 -0.268269 0.060724
vn -0.906143 -0.414369 0.084869
vn -0.890204 -0.418331 0.180378
vn -0.779705 -0.368000 0.506593
vn -0.725127 -0.246799 0.642869
vn -0.937187 -0.290610 0.192942
vn -0.725127 -0.246799 0.642869
vn -0.577751 -0.258890 0.774067
vn -0.903842 -0.363391 0.225868
vn -0.937187 -0.290610 0.192942
vn -0.725127 -0.246799 0.642869
vn -0.211492 -0.098456 0.972408
vn -0.103616 -0.074650 0.991812
vn -0.577751 -0.258890 0.774067
vn -0.725127 -0.246799 0.642869
vn -0.779705 -0.368000 0.506593
vn -0.296723 -0.163370 0.940885
vn -0.211492 -0.098456 0.972408
vn -0.211492 -0.098456 0.972408
vn 0.000000 -0.036305 0.999341
vn 0.000000 -0.026133 0.999658
vn -0.103616 -0.074650 0.991812
vn -0.211492 -0.098456 0.972408
vn -0.296723 -0.163370 0.940885
vn 0.000000 -0.067782 0.997700
vn 0.000000 -0.036305 0.999341
vn 0.000000 -0.026133 0.999658
vn 0.000000 -0.016832 0.999858
vn -0.039466 -0.046542 0.998136
vn -0.103616 -0.074650 0.991812
vn 0.000000 -0.016832 0.999858
vn 0.000000 -0.011228 0.999937
vn -0.016541 -0.021291 0.999636
vn -0.039466 -0.046542 0.998136
vn 0.000000 -0.011228 0.999937
vn 0.000000 -0.009577 0.999954
vn -0.011017 -0.013195 0.999852
vn -0.016541 -0.021291 0.999636
vn 0.000000 -0.009577 0.999954
vn 0.000000 -0.008367 0.999965
vn -0.008974 -0.010244 0.999907
vn -0.011017 -0.013195 0.999852
vn 0.000000 -0.008367 0.999965
vn 0.000000 -0.007435 0.999972
vn -0.008165 -0.008081 0.999934
vn -0.008974 -0.010244 0.999907
vn 0.000000 -0.007435 0.999972
vn 0.000000 -0.007289 0.999973
vn -0.007505 -0.008245 0.999938
vn -0.008165 -0.008081 0.999934
vn 0.000000 -0.007289 0.999973
vn 0.000000 -0.007141 0.999974
vn -0.006342 -0.008740 0.999942
vn -0.007505 -0.008245 0.999938
vn 0.000000 -0.007141 0.999974
vn 0.000000 -0.006522 0.999979
vn -0.005342 -0.007228 0.999960
vn -0.006342 -0.008740 0.999942
vn 0.000000 -0.006522 0.999979
vn -0.000000 -0.005944 0.999982
vn -0.006176 -0.003333 0.999975
vn -0.005342 -0.007228 0.999960
vn -0.000000 -0.005944 0.999982
vn -0.000000 -0.005991 0.999982
vn -0.008889 -0.002876 0.999956
vn -0.006176 -0.003333 0.999975
vn -0.000000 -0.005991 0.999982
vn -0.000000 -0.006343 0.999980
vn -0.010167 -0.006158 0.999929
vn -0.008889 -0.002876 0.999956
vn -0.000000 -0.006343 0.999980
vn 0.000000 -0.006566 0.999978
vn -0.008141 -0.007987 0.999935
vn -0.010167 -0.006158 0.999929
vn 0.000000 -0.006566 0.999978
vn -0.000000 -0.006179 0.999981
vn -0.004751 -0.007265 0.999962
vn -0.008141 -0.007987 0.999935
vn -0.000000 -0.006179 0.999981
vn -0.000000 -0.005694 0.999984
vn -0.003368 -0.004694 0.999983
vn -0.004751 -0.007265 0.999962
vn -0.000000 -0.005694 0.999984
vn -0.000000 -0.006096 0.999981
vn -0.006735 -0.002836 0.999973
vn -0.003368 -0.004694 0.999983
vn -0.000000 -0.006096 0.999981
vn -0.000000 -0.005509 0.999985
vn -0.015310 0.000343 0.999883
vn -0.006735 -0.002836 0.999973
vn -0.000000 -0.005509 0.999985
vn -0.000000 -0.004975 0.999988
vn -0.029839 0.002208 0.999552
vn -0.015310 0.000343 0.999883
vn -0.000000 -0.004975 0.999988
vn -0.000000 -0.004250 0.999991
vn -0.051744 0.005943 0.998643
vn -0.029839 0.002208 0.999552
vn -0.000000 -0.004250 0.999991
vn 0.000000 -0.000106 1.000000
vn -0.078754 0.011818 0.996824
vn -0.051744 0.005943 0.998643
vn 0.000000 -0.000106 1.000000
vn 0.000000 0.003886 0.999992
vn -0.100693 0.013612 0.994824
vn -0.078754 0.011818 0.996824
vn 0.000000 0.003886 0.999992
vn 0.000000 0.003968 0.999992
vn -0.114456 0.010212 0.993376
vn -0.100693 0.013612 0.994824
vn 0.000000 0.003968 0.999992
vn 0.000000 0.003119 0.999995
vn -0.110357 -0.004241 0.993883
vn -0.114456 0.010212 0.993376
vn 0.000000 0.003119 0.999995
vn -0.000000 0.018446 0.999830
vn -0.081255 -0.001680 0.996692
vn -0.110357 -0.004241 0.993883
vn -0.000000 0.018446 0.999830
vn 0.000000 0.196226 0.980559
vn -0.058405 0.188317 0.980370
vn -0.081255 -0.001680 0.996692
vn 0.000000 0.196226 0.980559
vn -0.000000 0.760881 0.648891
vn -0.025835 0.788011 0.615119
vn -0.058405 0.188317 0.980370
vn -0.000000 0.760881 0.648891
vn -0.000000 0.983384 0.181537
vn 0.003253 0.982582 0.185801
vn -0.025835 0.788011 0.615119
vn -0.000000 0.983384 0.181537
vn -0.000000 0.998073 0.062047
vn 0.008666 0.998064 0.061597
vn 0.003253 0.982582 0.185801
vn -0.000000 0.998073 0.062047
vn -0.000000 0.999358 0.035831
vn 0.006413 0.999340 0.035761
vn 0.008666 0.998064 0.061597
vn -0.000000 0.999358 0.035831
vn -0.000000 0.999658 0.026136
vn 0.002558 0.999732 0.023007
vn 0.006413 0.999340 0.035761
vn -0.000000 0.999658 0.026136
vn 0.000000 0.915826 0.401576
vn 0.005649 0.949589 0.313448
vn 0.002558 0.999732 0.023007
vn 0.000000 0.915826 0.401576
vn 0.000000 -0.616951 0.787001
vn 0.037287 -0.516050 0.855747
vn 0.005649 0.949589 0.313448
vn 0.000000 -0.616951 0.787001
vn 0.000000 -0.996658 0.081693
vn 0.009461 -0.995102 0.098396
vn 0.037287 -0.516050 0.855747
vn 0.000000 -0.996658 0.081693
vn 0.000000 -0.999618 -0.027637
vn 0.001030 -0.999635 -0.026984
vn 0.009461 -0.995102 0.098396
vn 0.000000 -0.999618 -0.027637
vn 0.000000 -0.999050 -0.043590
vn -0.000417 -0.999088 -0.042692
vn 0.001030 -0.999635 -0.026984
vn 0.000000 -0.999050 -0.043590
vn 0.000000 -0.996957 -0.077958
vn -0.002117 -0.997029 -0.077000
vn -0.000417 -0.999088 -0.042692
vn 0.000000 -0.996957 -0.077958
vn 0.000001 -0.971457 -0.237216
vn -0.006213 -0.974407 -0.224704
vn -0.002117 -0.997029 -0.077000
vn 0.000001 -0.971457 -0.237216
vn 0.000000 -0.728843 -0.684681
vn 0.008838 -0.768887 -0.639324
vn -0.006213 -0.974407 -0.224704
vn 0.000000 -0.728843 -0.684681
vn 0.000000 -0.218943 -0.975738
vn 0.036249 -0.224520 -0.973795
vn 0.008838 -0.768887 -0.639324
vn 0.000000 -0.218943 -0.975738
vn 0.000000 -0.033105 -0.999452
vn 0.052176 -0.016492 -0.998502
vn 0.036249 -0.224520 -0.973795
vn 0.000000 -0.033105 -0.999452
vn 0.000000 -0.004431 -0.999990
vn 0.080625 0.006229 -0.996725
vn 0.052176 -0.016492 -0.998502
vn 0.000000 -0.004431 -0.999990
vn 0.000000 -0.003466 -0.999994
vn 0.092240 -0.006656 -0.995715
vn 0.080625 0.006229 -0.996725
vn 0.000000 -0.003466 -0.999994
vn 0.000000 -0.004070 -0.999992
vn 0.081241 -0.013098 -0.996608
vn 0.092240 -0.006656 -0.995715
vn 0.000000 -0.004070 -0.999992
vn 0.000000 -0.000410 -1.000000
vn 0.060840 -0.010887 -0.998088
vn 0.081241 -0.013098 -0.996608
vn 0.000000 -0.000410 -1.000000
vn 0.000000 0.004059 -0.999992
vn 0.039466 -0.004475 -0.999211
vn 0.060840 -0.010887 -0.998088
vn 0.000000 0.004059 -0.999992
vn 0.000000 0.004882 -0.999988
vn 0.023980 -0.000592 -0.999712
vn 0.039466 -0.004475 -0.999211
vn 0.000000 0.004882 -0.999988
vn 0.000000 0.005311 -0.999986
vn 0.014673 0.001424 -0.999891
vn 0.023980 -0.000592 -0.999712
vn 0.000000 0.005311 -0.999986
vn 0.000000 0.005939 -0.999982
vn 0.009390 0.003514 -0.999950
vn 0.014673 0.001424 -0.999891
vn 0.000000 0.005939 -0.999982
vn 0.000000 0.005616 -0.999984
vn 0.006936 0.004228 -0.999967
vn 0.009390 0.003514 -0.999950
vn 0.000000 0.005616 -0.999984
vn 0.000000 0.006087 -0.999981
vn 0.007660 0.006291 -0.999951
vn 0.006936 0.004228 -0.999967
vn 0.000000 0.006087 -0.999981
vn 0.000000 0.006528 -0.999979
vn 0.010126 0.007365 -0.999922
vn 0.007660 0.006291 -0.999951
vn 0.006936 0.004228 -0.999967
vn 0.142163 -0.041687 -0.988965
vn 0.190043 -0.041064 -0.980917
vn 0.009390 0.003514 -0.999950
vn 0.006936 0.004228 -0.999967
vn 0.007660 0.006291 -0.999951
vn 0.110104 -0.030560 -0.993450
vn 0.142163 -0.041687 -0.988965
vn 0.190043 -0.041064 -0.980917
vn 0.240092 -0.048563 -0.969535
vn 0.014673 0.001424 -0.999891
vn 0.009390 0.003514 -0.999950
vn 0.190043 -0.041064 -0.980917
vn 0.727125 -0.170899 -0.664893
vn 0.777111 -0.180757 -0.602848
vn 0.240092 -0.048563 -0.969535
vn 0.190043 -0.041064 -0.980917
vn 0.142163 -0.041687 -0.988965
vn 0.657602 -0.194317 -0.727874
vn 0.727125 -0.170899 -0.664893
vn 0.777111 -0.180757 -0.602848
vn 0.833357 -0.116590 -0.540299
vn 0.295826 -0.041696 -0.954331
vn 0.240092 -0.048563 -0.969535
vn 0.777111 -0.180757 -0.602848
vn 0.958115 -0.258967 -0.122277
vn 0.985886 -0.146189 -0.081600
vn 0.833357 -0.116590 -0.540299
vn 0.777111 -0.180757 -0.602848
vn 0.727125 -0.170899 -0.664893
vn 0.957968 -0.235869 -0.163289
vn 0.958115 -0.258967 -0.122277
vn 0.985886 -0.146189 -0.081600
vn 0.996044 -0.022525 -0.085959
vn 0.864593 -0.057793 -0.499139
vn 0.833357 -0.116590 -0.540299
vn 0.985886 -0.146189 -0.081600
vn 0.986864 -0.161531 0.002813
vn 0.999907 0.013056 -0.003982
vn 0.996044 -0.022525 -0.085959
vn 0.985886 -0.146189 -0.081600
vn 0.958115 -0.258967 -0.122277
vn 0.954227 -0.298421 -0.019875
vn 0.986864 -0.161531 0.002813
vn 0.999907 0.013056 -0.003982
vn 0.999455 -0.017673 -0.027879
vn 0.992939 -0.045345 -0.109617
vn 0.996044 -0.022525 -0.085959
vn 0.999907 0.013056 -0.003982
vn 0.999292 0.035988 0.010947
vn 0.999981 0.002350 -0.005709
vn 0.999455 -0.017673 -0.027879
vn 0.999907 0.013056 -0.003982
vn 0.986864 -0.161531 0.002813
vn 0.985646 -0.168276 0.013634
vn 0.999292 0.035988 0.010947
vn 0.999981 0.002350 -0.005709
vn 0.994367 -0.105284 -0.012200
vn 0.994247 -0.101395 -0.034530
vn 0.999455 -0.017673 -0.027879
vn 0.999981 0.002350 -0.005709
vn 0.999923 0.012081 0.002810
vn 0.994088 -0.108560 -0.001722
vn 0.994367 -0.105284 -0.012200
vn 0.999981 0.002350 -0.005709
vn 0.999292 0.035988 0.010947
vn 0.998515 0.051781 0.016942
vn 0.999923 0.012081 0.002810
vn 0.994088 -0.108560 -0.001722
vn 0.997569 -0.069638 0.002742
vn 0.997761 -0.066536 -0.006837
vn 0.994367 -0.105284 -0.012200
vn 0.994088 -0.108560 -0.001722
vn 0.989974 -0.105756 0.093632
vn 0.993649 -0.070193 0.087945
vn 0.997569 -0.069638 0.002742
vn 0.994088 -0.108560 -0.001722
vn 0.999923 0.012081 0.002810
vn 0.994443 0.017689 0.103781
vn 0.989974 -0.105756 0.093632
vn 0.993649 -0.070193 0.087945
vn 0.994184 -0.040561 0.099763
vn 0.999542 -0.028249 0.010855
vn 0.997569 -0.069638 0.002742
vn 0.993649 -0.070193 0.087945
vn 0.515325 -0.043720 0.855879
vn 0.470208 -0.042340 0.881539
vn 0.994184 -0.040561 0.099763
vn 0.993649 -0.070193 0.087945
vn 0.989974 -0.105756 0.093632
vn 0.543205 -0.056219 0.837716
vn 0.515325 -0.043720 0.855879
vn 0.470208 -0.042340 0.881539
vn 0.306295 0.022800 0.951664
vn 0.976533 0.172028 0.129571
vn 0.994184 -0.040561 0.099763
vn 0.470208 -0.042340 0.881539
vn -0.930032 0.030788 0.366186
vn -0.936616 -0.162930 0.310168
vn 0.306295 0.022800 0.951664
vn 0.470208 -0.042340 0.881539
vn 0.515325 -0.043720 0.855879
vn -0.919757 0.059048 0.388022
vn -0.930032 0.030788 0.366186
vn -0.936616 -0.162930 0.310168
vn -0.882511 -0.365639 0.295775
vn 0.417267 0.104050 0.902808
vn 0.306295 0.022800 0.951664
vn -0.936616 -0.162930 0.310168
vn -0.987249 -0.157897 -0.020204
vn -0.927839 -0.372696 -0.014591
vn -0.882511 -0.365639 0.295775
vn -0.936616 -0.162930 0.310168
vn -0.930032 0.030788 0.366186
vn -0.999327 0.036098 -0.006530
vn -0.987249 -0.157897 -0.020204
vn -0.927839 -0.372696 -0.014591
vn -0.936615 0.347385 0.045572
vn -0.824656 0.352219 0.442589
vn -0.882511 -0.365639 0.295775
vn -0.927839 -0.372696 -0.014591
vn -0.938401 -0.345291 -0.013333
vn -0.950149 0.308619 0.044399
vn -0.936615 0.347385 0.045572
vn -0.927839 -0.372696 -0.014591
vn -0.987249 -0.157897 -0.020204
vn -0.989008 -0.146723 -0.018308
vn -0.938401 -0.345291 -0.013333
vn -0.950149 0.308619 0.044399
vn -0.187193 0.980966 0.051613
vn -0.153203 0.987417 0.039206
vn -0.936615 0.347385 0.045572
vn -0.950149 0.308619 0.044399
vn -0.963720 0.259669 0.061765
vn -0.246935 0.965435 0.083413
vn -0.187193 0.980966 0.051613
vn -0.950149 0.308619 0.044399
vn -0.938401 -0.345291 -0.013333
vn -0.949325 -0.314137 -0.009996
vn -0.963720 0.259669 0.061765
vn -0.246935 0.965435 0.083413
vn 0.008666 0.998064 0.061597
vn 0.006413 0.999340 0.035761
vn -0.187193 0.980966 0.051613
vn -0.246935 0.965435 0.083413
vn -0.280188 0.931688 0.231196
vn 0.003253 0.982582 0.185801
vn 0.008666 0.998064 0.061597
vn -0.246935 0.965435 0.083413
vn -0.963720 0.259669 0.061765
vn -0.967635 0.204070 0.148454
vn -0.280188 0.931688 0.231196
vn -0.187193 0.980966 0.051613
vn 0.006413 0.999340 0.035761
vn 0.002558 0.999732 0.023007
vn -0.153203 0.987417 0.039206
vn -0.153203 0.987417 0.039206
vn 0.002558 0.999732 0.023007
vn 0.005649 0.949589 0.313448
vn -0.133593 0.940353 0.312871
vn -0.153203 0.987417 0.039206
vn -0.133593 0.940353 0.312871
vn -0.824656 0.352219 0.442589
vn -0.936615 0.347385 0.045572
vn 0.306295 0.022800 0.951664
vn 0.417267 0.104050 0.902808
vn 0.946238 0.300663 0.119308
vn 0.976533 0.172028 0.129571
vn 0.976533 0.172028 0.129571
vn 0.946238 0.300663 0.119308
vn 0.961461 0.274738 0.010561
vn 0.982150 0.186978 0.020510
vn 0.976533 0.172028 0.129571
vn 0.982150 0.186978 0.020510
vn 0.999542 -0.028249 0.010855
vn 0.994184 -0.040561 0.099763
vn 0.961461 0.274738 0.010561
vn 0.884194 -0.466915 -0.013835
vn 0.882745 -0.467590 -0.046047
vn 0.967561 0.252632 -0.001739
vn 0.961461 0.274738 0.010561
vn 0.946238 0.300663 0.119308
vn 0.880142 -0.457094 0.128119
vn 0.884194 -0.466915 -0.013835
vn 0.961461 0.274738 0.010561
vn 0.967561 0.252632 -0.001739
vn 0.982952 0.183400 0.013037
vn 0.982150 0.186978 0.020510
vn 0.982952 0.183400 0.013037
vn 0.967561 0.252632 -0.001739
vn 0.974265 0.223531 -0.028996
vn 0.986778 0.162078 -0.001000
vn 0.982952 0.183400 0.013037
vn 0.999812 -0.019236 0.002516
vn 0.999542 -0.028249 0.010855
vn 0.982150 0.186978 0.020510
vn 0.982952 0.183400 0.013037
vn 0.986778 0.162078 -0.001000
vn 0.999884 -0.008017 -0.012954
vn 0.999812 -0.019236 0.002516
vn 0.999884 -0.008017 -0.012954
vn 0.986778 0.162078 -0.001000
vn 0.987088 0.144595 -0.068912
vn 0.996924 0.007076 -0.078053
vn 0.999884 -0.008017 -0.012954
vn 0.997861 -0.059993 -0.025965
vn 0.997761 -0.066536 -0.006837
vn 0.999812 -0.019236 0.002516
vn 0.999884 -0.008017 -0.012954
vn 0.996924 0.007076 -0.078053
vn 0.994701 -0.049616 -0.090041
vn 0.997861 -0.059993 -0.025965
vn 0.994701 -0.049616 -0.090041
vn 0.996924 0.007076 -0.078053
vn 0.893862 0.030541 -0.447300
vn 0.893706 -0.037358 -0.447096
vn 0.994701 -0.049616 -0.090041
vn 0.990292 -0.090662 -0.105365
vn 0.994247 -0.101395 -0.034530
vn 0.997861 -0.059993 -0.025965
vn 0.994701 -0.049616 -0.090041
vn 0.893706 -0.037358 -0.447096
vn 0.886647 -0.073406 -0.456583
vn 0.990292 -0.090662 -0.105365
vn 0.886647 -0.073406 -0.456583
vn 0.893706 -0.037358 -0.447096
vn 0.439687 -0.018896 -0.897952
vn 0.432537 -0.041019 -0.900683
vn 0.886647 -0.073406 -0.456583
vn 0.875735 -0.064116 -0.478516
vn 0.992939 -0.045345 -0.109617
vn 0.990292 -0.090662 -0.105365
vn 0.886647 -0.073406 -0.456583
vn 0.432537 -0.041019 -0.900683
vn 0.403011 -0.044408 -0.914117
vn 0.875735 -0.064116 -0.478516
vn 0.403011 -0.044408 -0.914117
vn 0.432537 -0.041019 -0.900683
vn 0.081241 -0.013098 -0.996608
vn 0.060840 -0.010887 -0.998088
vn 0.403011 -0.044408 -0.914117
vn 0.352879 -0.039229 -0.934846
vn 0.864593 -0.057793 -0.499139
vn 0.875735 -0.064116 -0.478516
vn 0.403011 -0.044408 -0.914117
vn 0.060840 -0.010887 -0.998088
vn 0.039466 -0.004475 -0.999211
vn 0.352879 -0.039229 -0.934846
vn 0.352879 -0.039229 -0.934846
vn 0.295826 -0.041696 -0.954331
vn 0.833357 -0.116590 -0.540299
vn 0.864593 -0.057793 -0.499139
vn 0.352879 -0.039229 -0.934846
vn 0.039466 -0.004475 -0.999211
vn 0.023980 -0.000592 -0.999712
vn 0.295826 -0.041696 -0.954331
vn 0.875735 -0.064116 -0.478516
vn 0.864593 -0.057793 -0.499139
vn 0.996044 -0.022525 -0.085959
vn 0.992939 -0.045345 -0.109617
vn 0.439687 -0.018896 -0.897952
vn 0.421401 0.031420 -0.906330
vn 0.080625 0.006229 -0.996725
vn 0.092240 -0.006656 -0.995715
vn 0.439687 -0.018896 -0.897952
vn 0.893706 -0.037358 -0.447096
vn 0.893862 0.030541 -0.447300
vn 0.421401 0.031420 -0.906330
vn 0.439687 -0.018896 -0.897952
vn 0.092240 -0.006656 -0.995715
vn 0.081241 -0.013098 -0.996608
vn 0.432537 -0.041019 -0.900683
vn 0.421401 0.031420 -0.906330
vn 0.360291 0.056717 -0.931114
vn 0.052176 -0.016492 -0.998502
vn 0.080625 0.006229 -0.996725
vn 0.421401 0.031420 -0.906330
vn 0.893862 0.030541 -0.447300
vn 0.868858 0.137050 -0.475713
vn 0.360291 0.056717 -0.931114
vn 0.868858 0.137050 -0.475713
vn 0.843200 0.101940 -0.527847
vn 0.274006 -0.129291 -0.952998
vn 0.360291 0.056717 -0.931114
vn 0.868858 0.137050 -0.475713
vn 0.987088 0.144595 -0.068912
vn 0.975909 0.197934 -0.091785
vn 0.843200 0.101940 -0.527847
vn 0.868858 0.137050 -0.475713
vn 0.893862 0.030541 -0.447300
vn 0.996924 0.007076 -0.078053
vn 0.987088 0.144595 -0.068912
vn 0.360291 0.056717 -0.931114
vn 0.274006 -0.129291 -0.952998
vn 0.036249 -0.224520 -0.973795
vn 0.052176 -0.016492 -0.998502
vn 0.990292 -0.090662 -0.105365
vn 0.992939 -0.045345 -0.109617
vn 0.999455 -0.017673 -0.027879
vn 0.994247 -0.101395 -0.034530
vn 0.997861 -0.059993 -0.025965
vn 0.994247 -0.101395 -0.034530
vn 0.994367 -0.105284 -0.012200
vn 0.997761 -0.066536 -0.006837
vn 0.987088 0.144595 -0.068912
vn 0.986778 0.162078 -0.001000
vn 0.974265 0.223531 -0.028996
vn 0.975909 0.197934 -0.091785
vn 0.999812 -0.019236 0.002516
vn 0.997761 -0.066536 -0.006837
vn 0.997569 -0.069638 0.002742
vn 0.999542 -0.028249 0.010855
vn 0.974265 0.223531 -0.028996
vn 0.882247 -0.459306 -0.103339
vn 0.861494 -0.456047 -0.223270
vn 0.975909 0.197934 -0.091785
vn 0.974265 0.223531 -0.028996
vn 0.967561 0.252632 -0.001739
vn 0.882745 -0.467590 -0.046047
vn 0.882247 -0.459306 -0.103339
vn 0.882247 -0.459306 -0.103339
vn 0.214515 -0.972135 -0.094534
vn 0.195237 -0.952916 -0.232023
vn 0.861494 -0.456047 -0.223270
vn 0.882247 -0.459306 -0.103339
vn 0.882745 -0.467590 -0.046047
vn 0.211378 -0.976205 -0.048398
vn 0.214515 -0.972135 -0.094534
vn 0.211378 -0.976205 -0.048398
vn -0.000417 -0.999088 -0.042692
vn -0.002117 -0.997029 -0.077000
vn 0.214515 -0.972135 -0.094534
vn 0.211378 -0.976205 -0.048398
vn 0.214796 -0.976368 -0.023843
vn 0.001030 -0.999635 -0.026984
vn -0.000417 -0.999088 -0.042692
vn 0.211378 -0.976205 -0.048398
vn 0.882745 -0.467590 -0.046047
vn 0.884194 -0.466915 -0.013835
vn 0.214796 -0.976368 -0.023843
vn 0.214796 -0.976368 -0.023843
vn 0.205831 -0.972034 0.113065
vn 0.009461 -0.995102 0.098396
vn 0.001030 -0.999635 -0.026984
vn 0.214796 -0.976368 -0.023843
vn 0.884194 -0.466915 -0.013835
vn 0.880142 -0.457094 0.128119
vn 0.205831 -0.972034 0.113065
vn 0.214515 -0.972135 -0.094534
vn -0.002117 -0.997029 -0.077000
vn -0.006213 -0.974407 -0.224704
vn 0.195237 -0.952916 -0.232023
vn 0.295826 -0.041696 -0.954331
vn 0.023980 -0.000592 -0.999712
vn 0.014673 0.001424 -0.999891
vn 0.240092 -0.048563 -0.969535
vn 0.036249 -0.224520 -0.973795
vn 0.274006 -0.129291 -0.952998
vn 0.187263 -0.716852 -0.671607
vn 0.008838 -0.768887 -0.639324
vn 0.008838 -0.768887 -0.639324
vn 0.187263 -0.716852 -0.671607
vn 0.195237 -0.952916 -0.232023
vn -0.006213 -0.974407 -0.224704
vn 0.009461 -0.995102 0.098396
vn 0.205831 -0.972034 0.113065
vn 0.126898 -0.499593 0.856915
vn 0.037287 -0.516050 0.855747
vn 0.037287 -0.516050 0.855747
vn 0.126898 -0.499593 0.856915
vn -0.133593 0.940353 0.312871
vn 0.005649 0.949589 0.313448
vn 0.003253 0.982582 0.185801
vn -0.280188 0.931688 0.231196
vn -0.317205 0.653713 0.687052
vn -0.025835 0.788011 0.615119
vn -0.025835 0.788011 0.615119
vn -0.317205 0.653713 0.687052
vn -0.413488 0.057144 0.908715
vn -0.058405 0.188317 0.980370
vn -0.058405 0.188317 0.980370
vn -0.413488 0.057144 0.908715
vn -0.519542 -0.071075 0.851484
vn -0.081255 -0.001680 0.996692
vn -0.519542 -0.071075 0.851484
vn -0.413488 0.057144 0.908715
vn -0.927180 -0.173677 0.331924
vn -0.957907 -0.105810 0.266867
vn -0.519542 -0.071075 0.851484
vn -0.574504 -0.019577 0.818268
vn -0.110357 -0.004241 0.993883
vn -0.081255 -0.001680 0.996692
vn -0.519542 -0.071075 0.851484
vn -0.957907 -0.105810 0.266867
vn -0.964522 -0.009902 0.263818
vn -0.574504 -0.019577 0.818268
vn -0.964522 -0.009902 0.263818
vn -0.957907 -0.105810 0.266867
vn -0.995396 -0.094848 0.013813
vn -0.999578 0.008668 0.027723
vn -0.964522 -0.009902 0.263818
vn -0.963086 0.049204 0.264658
vn -0.587150 0.031285 0.808873
vn -0.574504 -0.019577 0.818268
vn -0.964522 -0.009902 0.263818
vn -0.999578 0.008668 0.027723
vn -0.997477 0.058523 0.040184
vn -0.963086 0.049204 0.264658
vn -0.997477 0.058523 0.040184
vn -0.999578 0.008668 0.027723
vn -0.999819 0.018240 0.005490
vn -0.997767 0.065151 0.014697
vn -0.997477 0.058523 0.040184
vn -0.993905 0.097269 0.051883
vn -0.956637 0.084585 0.278732
vn -0.963086 0.049204 0.264658
vn -0.997477 0.058523 0.040184
vn -0.997767 0.065151 0.014697
vn -0.994454 0.103098 0.020774
vn -0.993905 0.097269 0.051883
vn -0.994454 0.103098 0.020774
vn -0.997767 0.065151 0.014697
vn -0.997653 0.068471 0.001066
vn -0.994370 0.105818 0.005643
vn -0.994454 0.103098 0.020774
vn -0.999917 0.002245 0.012708
vn -0.998655 0.025538 0.045127
vn -0.993905 0.097269 0.051883
vn -0.994454 0.103098 0.020774
vn -0.994370 0.105818 0.005643
vn -0.999948 -0.010072 -0.001689
vn -0.999917 0.002245 0.012708
vn -0.999948 -0.010072 -0.001689
vn -0.994370 0.105818 0.005643
vn -0.994243 0.107144 0.000344
vn -0.999796 -0.018483 -0.008122
vn -0.999948 -0.010072 -0.001689
vn -0.999096 -0.039164 -0.016546
vn -0.999721 -0.022733 -0.006369
vn -0.999917 0.002245 0.012708
vn -0.999948 -0.010072 -0.001689
vn -0.999796 -0.018483 -0.008122
vn -0.998591 -0.049171 -0.019960
vn -0.999096 -0.039164 -0.016546
vn -0.998591 -0.049171 -0.019960
vn -0.999796 -0.018483 -0.008122
vn -0.922778 -0.022320 0.384686
vn -0.931925 -0.048562 0.359385
vn -0.998591 -0.049171 -0.019960
vn -0.983787 0.178152 -0.020609
vn -0.985130 0.170909 -0.017601
vn -0.999096 -0.039164 -0.016546
vn -0.998591 -0.049171 -0.019960
vn -0.931925 -0.048562 0.359385
vn -0.916038 0.176623 0.360109
vn -0.983787 0.178152 -0.020609
vn -0.916038 0.176623 0.360109
vn -0.931925 -0.048562 0.359385
vn 0.502504 0.025439 0.864201
vn 0.471199 -0.069005 0.879324
vn -0.916038 0.176623 0.360109
vn -0.869059 0.334614 0.364376
vn -0.938129 0.346209 -0.007248
vn -0.983787 0.178152 -0.020609
vn -0.916038 0.176623 0.360109
vn 0.471199 -0.069005 0.879324
vn 0.512793 -0.186618 0.837984
vn -0.869059 0.334614 0.364376
vn 0.512793 -0.186618 0.837984
vn 0.471199 -0.069005 0.879324
vn 0.979265 -0.179008 0.094850
vn 0.932513 -0.351511 0.082827
vn 0.512793 -0.186618 0.837984
vn 0.598777 -0.172213 0.782182
vn -0.893200 0.226774 0.388288
vn -0.869059 0.334614 0.364376
vn 0.512793 -0.186618 0.837984
vn 0.932513 -0.351511 0.082827
vn 0.963902 -0.254507 0.078225
vn 0.598777 -0.172213 0.782182
vn 0.963902 -0.254507 0.078225
vn 0.932513 -0.351511 0.082827
vn 0.940408 -0.340041 0.002401
vn 0.966645 -0.255989 -0.008215
vn 0.963902 -0.254507 0.078225
vn 0.974544 -0.207881 0.083959
vn 0.495744 -0.110767 0.861376
vn 0.598777 -0.172213 0.782182
vn 0.963902 -0.254507 0.078225
vn 0.966645 -0.255989 -0.008215
vn 0.975821 -0.218571 0.000502
vn 0.974544 -0.207881 0.083959
vn 0.975821 -0.218571 0.000502
vn 0.966645 -0.255989 -0.008215
vn 0.967064 -0.254001 -0.016467
vn 0.972275 -0.233664 -0.009098
vn 0.975821 -0.218571 0.000502
vn 0.885610 -0.464422 0.002587
vn 0.877706 -0.472417 0.080335
vn 0.974544 -0.207881 0.083959
vn 0.975821 -0.218571 0.000502
vn 0.972275 -0.233664 -0.009098
vn 0.891548 -0.452847 -0.008493
vn 0.885610 -0.464422 0.002587
vn 0.891548 -0.452847 -0.008493
vn 0.972275 -0.233664 -0.009098
vn 0.967084 -0.252591 -0.030758
vn 0.896378 -0.441889 -0.035224
vn 0.891548 -0.452847 -0.008493
vn 0.851595 -0.523144 -0.033261
vn 0.837995 -0.545320 -0.019771
vn 0.885610 -0.464422 0.002587
vn 0.891548 -0.452847 -0.008493
vn 0.896378 -0.441889 -0.035224
vn 0.874915 -0.478971 -0.071495
vn 0.851595 -0.523144 -0.033261
vn 0.874915 -0.478971 -0.071495
vn 0.896378 -0.441889 -0.035224
vn 0.887275 -0.401500 -0.227026
vn 0.872865 -0.388294 -0.295523
vn 0.874915 -0.478971 -0.071495
vn 0.928015 -0.357087 -0.106189
vn 0.923296 -0.379612 -0.058481
vn 0.851595 -0.523144 -0.033261
vn 0.874915 -0.478971 -0.071495
vn 0.872865 -0.388294 -0.295523
vn 0.891041 -0.302162 -0.338738
vn 0.928015 -0.357087 -0.106189
vn 0.891041 -0.302162 -0.338738
vn 0.872865 -0.388294 -0.295523
vn 0.555938 -0.188704 -0.809521
vn 0.548580 -0.152058 -0.822155
vn 0.891041 -0.302162 -0.338738
vn 0.912076 -0.206400 -0.354283
vn 0.973630 -0.201770 -0.106455
vn 0.928015 -0.357087 -0.106189
vn 0.891041 -0.302162 -0.338738
vn 0.548580 -0.152058 -0.822155
vn 0.541760 -0.135662 -0.829513
vn 0.912076 -0.206400 -0.354283
vn 0.541760 -0.135662 -0.829513
vn 0.548580 -0.152058 -0.822155
vn 0.108873 -0.013673 -0.993962
vn 0.102673 -0.027972 -0.994322
vn 0.541760 -0.135662 -0.829513
vn 0.545726 -0.047345 -0.836625
vn 0.934022 -0.064417 -0.351359
vn 0.912076 -0.206400 -0.354283
vn 0.541760 -0.135662 -0.829513
vn 0.102673 -0.027972 -0.994322
vn 0.094818 -0.010516 -0.995439
vn 0.545726 -0.047345 -0.836625
vn 0.094818 -0.010516 -0.995439
vn 0.102673 -0.027972 -0.994322
vn 0.010000 0.002259 -0.999947
vn 0.007331 0.003304 -0.999968
vn 0.094818 -0.010516 -0.995439
vn 0.097634 0.019784 -0.995026
vn 0.549430 0.045350 -0.834308
vn 0.545726 -0.047345 -0.836625
vn 0.094818 -0.010516 -0.995439
vn 0.007331 0.003304 -0.999968
vn 0.006852 0.007803 -0.999946
vn 0.097634 0.019784 -0.995026
vn 0.097634 0.019784 -0.995026
vn 0.105089 0.023219 -0.994192
vn 0.562597 0.083135 -0.822541
vn 0.549430 0.045350 -0.834308
vn 0.097634 0.019784 -0.995026
vn 0.006852 0.007803 -0.999946
vn 0.008254 0.009211 -0.999924
vn 0.105089 0.023219 -0.994192
vn 0.105089 0.023219 -0.994192
vn 0.115804 0.030384 -0.992807
vn 0.585804 0.118877 -0.801687
vn 0.562597 0.083135 -0.822541
vn 0.105089 0.023219 -0.994192
vn 0.008254 0.009211 -0.999924
vn 0.009766 0.008617 -0.999915
vn 0.115804 0.030384 -0.992807
vn 0.115804 0.030384 -0.992807
vn 0.139616 0.040794 -0.989365
vn 0.628450 0.146529 -0.763924
vn 0.585804 0.118877 -0.801687
vn 0.115804 0.030384 -0.992807
vn 0.009766 0.008617 -0.999915
vn 0.010944 0.009007 -0.999900
vn 0.139616 0.040794 -0.989365
vn 0.139616 0.040794 -0.989365
vn 0.167951 0.057759 -0.984102
vn 0.675458 0.211788 -0.706330
vn 0.628450 0.146529 -0.763924
vn 0.139616 0.040794 -0.989365
vn 0.010944 0.009007 -0.999900
vn 0.012862 0.012447 -0.999840
vn 0.167951 0.057759 -0.984102
vn 0.167951 0.057759 -0.984102
vn 0.204972 0.103330 -0.973298
vn 0.700595 0.336771 -0.629088
vn 0.675458 0.211788 -0.706330
vn 0.167951 0.057759 -0.984102
vn 0.012862 0.012447 -0.999840
vn 0.017357 0.017091 -0.999703
vn 0.204972 0.103330 -0.973298
vn 0.204972 0.103330 -0.973298
vn 0.259452 0.172225 -0.950275
vn 0.719142 0.460364 -0.520481
vn 0.700595 0.336771 -0.629088
vn 0.204972 0.103330 -0.973298
vn 0.017357 0.017091 -0.999703
vn 0.026898 0.027634 -0.999256
vn 0.259452 0.172225 -0.950275
vn 0.259452 0.172225 -0.950275
vn 0.371365 0.242794 -0.896180
vn 0.792401 0.475737 -0.381805
vn 0.719142 0.460364 -0.520481
vn 0.259452 0.172225 -0.950275
vn 0.026898 0.027634 -0.999256
vn 0.052984 0.054138 -0.997127
vn 0.371365 0.242794 -0.896180
vn 0.371365 0.242794 -0.896180
vn 0.558443 0.257596 -0.788534
vn 0.890421 0.357726 -0.281394
vn 0.792401 0.475737 -0.381805
vn 0.371365 0.242794 -0.896180
vn 0.052984 0.054138 -0.997127
vn 0.120279 0.086057 -0.989003
vn 0.558443 0.257596 -0.788534
vn 0.792401 0.475737 -0.381805
vn 0.856042 0.514331 -0.051535
vn 0.824210 0.559000 -0.090536
vn 0.719142 0.460364 -0.520481
vn 0.792401 0.475737 -0.381805
vn 0.890421 0.357726 -0.281394
vn 0.937680 0.342211 -0.060398
vn 0.856042 0.514331 -0.051535
vn 0.937680 0.342211 -0.060398
vn 0.948326 0.316722 -0.019095
vn 0.852469 0.522742 -0.006067
vn 0.856042 0.514331 -0.051535
vn 0.937680 0.342211 -0.060398
vn 0.954446 0.286258 -0.084203
vn 0.963124 0.265362 -0.044451
vn 0.948326 0.316722 -0.019095
vn 0.937680 0.342211 -0.060398
vn 0.890421 0.357726 -0.281394
vn 0.922861 0.307323 -0.232123
vn 0.954446 0.286258 -0.084203
vn 0.963124 0.265362 -0.044451
vn 0.968033 0.249470 -0.026022
vn 0.953954 0.299940 -0.002814
vn 0.948326 0.316722 -0.019095
vn 0.963124 0.265362 -0.044451
vn 0.875845 0.478898 -0.059593
vn 0.876504 0.479834 -0.038733
vn 0.968033 0.249470 -0.026022
vn 0.963124 0.265362 -0.044451
vn 0.954446 0.286258 -0.084203
vn 0.874981 0.474319 -0.097107
vn 0.875845 0.478898 -0.059593
vn 0.875845 0.478898 -0.059593
vn 0.598101 0.799658 -0.053121
vn 0.591324 0.805663 -0.035260
vn 0.876504 0.479834 -0.038733
vn 0.875845 0.478898 -0.059593
vn 0.874981 0.474319 -0.097107
vn 0.603969 0.792445 -0.085164
vn 0.598101 0.799658 -0.053121
vn 0.876504 0.479834 -0.038733
vn 0.881390 0.471474 -0.029387
vn 0.972557 0.232285 -0.013318
vn 0.968033 0.249470 -0.026022
vn 0.876504 0.479834 -0.038733
vn 0.591324 0.805663 -0.035260
vn 0.589263 0.807397 -0.029645
vn 0.881390 0.471474 -0.029387
vn 0.881390 0.471474 -0.029387
vn 0.875181 0.442327 0.195973
vn 0.959939 0.213745 0.181191
vn 0.972557 0.232285 -0.013318
vn 0.881390 0.471474 -0.029387
vn 0.589263 0.807397 -0.029645
vn 0.585069 0.780418 0.220550
vn 0.875181 0.442327 0.195973
vn 0.875181 0.442327 0.195973
vn 0.251088 0.098600 0.962929
vn 0.250003 0.048141 0.967048
vn 0.959939 0.213745 0.181191
vn 0.875181 0.442327 0.195973
vn 0.585069 0.780418 0.220550
vn 0.148752 0.150375 0.977374
vn 0.251088 0.098600 0.962929
vn 0.251088 0.098600 0.962929
vn -0.854817 -0.414717 0.311927
vn -0.928034 -0.200457 0.313959
vn 0.250003 0.048141 0.967048
vn 0.251088 0.098600 0.962929
vn 0.148752 0.150375 0.977374
vn -0.584597 -0.759825 0.284450
vn -0.854817 -0.414717 0.311927
vn -0.854817 -0.414717 0.311927
vn -0.905084 -0.424390 0.026764
vn -0.976780 -0.214077 0.008511
vn -0.928034 -0.200457 0.313959
vn -0.854817 -0.414717 0.311927
vn -0.584597 -0.759825 0.284450
vn -0.629119 -0.776745 0.029616
vn -0.905084 -0.424390 0.026764
vn -0.905084 -0.424390 0.026764
vn -0.904792 -0.423959 0.040125
vn -0.973294 -0.228822 0.018426
vn -0.976780 -0.214077 0.008511
vn -0.905084 -0.424390 0.026764
vn -0.629119 -0.776745 0.029616
vn -0.638175 -0.768492 0.046391
vn -0.904792 -0.423959 0.040125
vn -0.904792 -0.423959 0.040125
vn -0.906088 -0.419699 0.053457
vn -0.969108 -0.244541 0.032081
vn -0.973294 -0.228822 0.018426
vn -0.904792 -0.423959 0.040125
vn -0.638175 -0.768492 0.046391
vn -0.653212 -0.755015 0.057158
vn -0.906088 -0.419699 0.053457
vn -0.906088 -0.419699 0.053457
vn -0.906143 -0.414369 0.084869
vn -0.961428 -0.268269 0.060724
vn -0.969108 -0.244541 0.032081
vn -0.906088 -0.419699 0.053457
vn -0.653212 -0.755015 0.057158
vn -0.670318 -0.737566 0.081669
vn -0.906143 -0.414369 0.084869
vn -0.969108 -0.244541 0.032081
vn -0.944442 -0.328512 0.010474
vn -0.950721 -0.310029 -0.003406
vn -0.973294 -0.228822 0.018426
vn -0.969108 -0.244541 0.032081
vn -0.961428 -0.268269 0.060724
vn -0.936295 -0.349781 0.031713
vn -0.944442 -0.328512 0.010474
vn -0.936295 -0.349781 0.031713
vn -0.850175 -0.526099 0.020564
vn -0.846471 -0.532434 0.000047
vn -0.944442 -0.328512 0.010474
vn -0.936295 -0.349781 0.031713
vn -0.903842 -0.363391 0.225868
vn -0.810601 -0.492462 0.316871
vn -0.850175 -0.526099 0.020564
vn -0.936295 -0.349781 0.031713
vn -0.961428 -0.268269 0.060724
vn -0.937187 -0.290610 0.192942
vn -0.903842 -0.363391 0.225868
vn -0.810601 -0.492462 0.316871
vn -0.748592 -0.486504 0.450471
vn -0.817799 -0.573261 0.050762
vn -0.850175 -0.526099 0.020564
vn -0.810601 -0.492462 0.316871
vn -0.386789 -0.252305 0.886982
vn -0.277804 -0.180611 0.943507
vn -0.748592 -0.486504 0.450471
vn -0.810601 -0.492462 0.316871
vn -0.903842 -0.363391 0.225868
vn -0.577751 -0.258890 0.774067
vn -0.386789 -0.252305 0.886982
vn -0.386789 -0.252305 0.886982
vn -0.039466 -0.046542 0.998136
vn -0.016541 -0.021291 0.999636
vn -0.277804 -0.180611 0.943507
vn -0.386789 -0.252305 0.886982
vn -0.577751 -0.258890 0.774067
vn -0.103616 -0.074650 0.991812
vn -0.039466 -0.046542 0.998136
vn -0.277804 -0.180611 0.943507
vn -0.221853 -0.108582 0.969016
vn -0.742379 -0.361951 0.563795
vn -0.748592 -0.486504 0.450471
vn -0.277804 -0.180611 0.943507
vn -0.016541 -0.021291 0.999636
vn -0.011017 -0.013195 0.999852
vn -0.221853 -0.108582 0.969016
vn -0.221853 -0.108582 0.969016
vn -0.184837 -0.060347 0.980915
vn -0.730603 -0.225690 0.644425
vn -0.742379 -0.361951 0.563795
vn -0.221853 -0.108582 0.969016
vn -0.011017 -0.013195 0.999852
vn -0.008974 -0.010244 0.999907
vn -0.184837 -0.060347 0.980915
vn -0.184837 -0.060347 0.980915
vn -0.152266 -0.042506 0.987425
vn -0.692089 -0.157811 0.704350
vn -0.730603 -0.225690 0.644425
vn -0.184837 -0.060347 0.980915
vn -0.008974 -0.010244 0.999907
vn -0.008165 -0.008081 0.999934
vn -0.152266 -0.042506 0.987425
vn -0.152266 -0.042506 0.987425
vn -0.125111 -0.033219 0.991587
vn -0.652768 -0.136708 0.745121
vn -0.692089 -0.157811 0.704350
vn -0.152266 -0.042506 0.987425
vn -0.008165 -0.008081 0.999934
vn -0.007505 -0.008245 0.999938
vn -0.125111 -0.033219 0.991587
vn -0.125111 -0.033219 0.991587
vn -0.112246 -0.026253 0.993334
vn -0.629956 -0.097497 0.770487
vn -0.652768 -0.136708 0.745121
vn -0.125111 -0.033219 0.991587
vn -0.007505 -0.008245 0.999938
vn -0.006342 -0.008740 0.999942
vn -0.112246 -0.026253 0.993334
vn -0.112246 -0.026253 0.993334
vn -0.105483 -0.017383 0.994269
vn -0.622950 -0.040342 0.781221
vn -0.629956 -0.097497 0.770487
vn -0.112246 -0.026253 0.993334
vn -0.006342 -0.008740 0.999942
vn -0.005342 -0.007228 0.999960
vn -0.105483 -0.017383 0.994269
vn -0.105483 -0.017383 0.994269
vn -0.107177 0.016343 0.994106
vn -0.623527 0.063585 0.779212
vn -0.622950 -0.040342 0.781221
vn -0.105483 -0.017383 0.994269
vn -0.005342 -0.007228 0.999960
vn -0.006176 -0.003333 0.999975
vn -0.107177 0.016343 0.994106
vn -0.107177 0.016343 0.994106
vn -0.121574 0.032541 0.992049
vn -0.622468 0.154431 0.767258
vn -0.623527 0.063585 0.779212
vn -0.107177 0.016343 0.994106
vn -0.006176 -0.003333 0.999975
vn -0.008889 -0.002876 0.999956
vn -0.121574 0.032541 0.992049
vn -0.121574 0.032541 0.992049
vn -0.130450 0.018185 0.991288
vn -0.630777 0.187008 0.753093
vn -0.622468 0.154431 0.767258
vn -0.121574 0.032541 0.992049
vn -0.008889 -0.002876 0.999956
vn -0.010167 -0.006158 0.999929
vn -0.130450 0.018185 0.991288
vn -0.130450 0.018185 0.991288
vn -0.129083 0.024200 0.991338
vn -0.645322 0.252505 0.720972
vn -0.630777 0.187008 0.753093
vn -0.130450 0.018185 0.991288
vn -0.010167 -0.006158 0.999929
vn -0.008141 -0.007987 0.999935
vn -0.129083 0.024200 0.991338
vn -0.129083 0.024200 0.991338
vn -0.145291 0.047587 0.988244
vn -0.690119 0.287173 0.664280
vn -0.645322 0.252505 0.720972
vn -0.129083 0.024200 0.991338
vn -0.008141 -0.007987 0.999935
vn -0.004751 -0.007265 0.999962
vn -0.145291 0.047587 0.988244
vn -0.145291 0.047587 0.988244
vn -0.201063 0.055422 0.978009
vn -0.787209 0.215730 0.577722
vn -0.690119 0.287173 0.664280
vn -0.145291 0.047587 0.988244
vn -0.004751 -0.007265 0.999962
vn -0.003368 -0.004694 0.999983
vn -0.201063 0.055422 0.978009
vn -0.201063 0.055422 0.978009
vn -0.271836 0.059286 0.960516
vn -0.845324 0.197700 0.496328
vn -0.787209 0.215730 0.577722
vn -0.201063 0.055422 0.978009
vn -0.003368 -0.004694 0.999983
vn -0.006735 -0.002836 0.999973
vn -0.271836 0.059286 0.960516
vn -0.271836 0.059286 0.960516
vn -0.338055 0.075207 0.938117
vn -0.881025 0.223305 0.417048
vn -0.845324 0.197700 0.496328
vn -0.271836 0.059286 0.960516
vn -0.006735 -0.002836 0.999973
vn -0.015310 0.000343 0.999883
vn -0.338055 0.075207 0.938117
vn -0.338055 0.075207 0.938117
vn -0.413900 0.056867 0.908544
vn -0.930840 0.134740 0.339679
vn -0.881025 0.223305 0.417048
vn -0.338055 0.075207 0.938117
vn -0.015310 0.000343 0.999883
vn -0.029839 0.002208 0.999552
vn -0.413900 0.056867 0.908544
vn -0.413900 0.056867 0.908544
vn -0.491997 0.036572 0.869828
vn -0.953237 0.035672 0.300111
vn -0.930840 0.134740 0.339679
vn -0.413900 0.056867 0.908544
vn -0.029839 0.002208 0.999552
vn -0.051744 0.005943 0.998643
vn -0.491997 0.036572 0.869828
vn -0.491997 0.036572 0.869828
vn -0.543974 0.046700 0.837802
vn -0.954465 0.051141 0.293908
vn -0.953237 0.035672 0.300111
vn -0.491997 0.036572 0.869828
vn -0.051744 0.005943 0.998643
vn -0.078754 0.011818 0.996824
vn -0.543974 0.046700 0.837802
vn -0.543974 0.046700 0.837802
vn -0.575235 0.051929 0.816338
vn -0.956637 0.084585 0.278732
vn -0.954465 0.051141 0.293908
vn -0.543974 0.046700 0.837802
vn -0.078754 0.011818 0.996824
vn -0.100693 0.013612 0.994824
vn -0.575235 0.051929 0.816338
vn -0.575235 0.051929 0.816338
vn -0.587150 0.031285 0.808873
vn -0.963086 0.049204 0.264658
vn -0.956637 0.084585 0.278732
vn -0.575235 0.051929 0.816338
vn -0.100693 0.013612 0.994824
vn -0.114456 0.010212 0.993376
vn -0.587150 0.031285 0.808873
vn -0.954465 0.051141 0.293908
vn -0.956637 0.084585 0.278732
vn -0.993905 0.097269 0.051883
vn -0.998655 0.025538 0.045127
vn -0.954465 0.051141 0.293908
vn -0.998655 0.025538 0.045127
vn -0.999860 0.002832 0.016500
vn -0.953237 0.035672 0.300111
vn -0.999860 0.002832 0.016500
vn -0.998655 0.025538 0.045127
vn -0.999917 0.002245 0.012708
vn -0.999721 -0.022733 -0.006369
vn -0.999860 0.002832 0.016500
vn -0.987535 0.157128 0.009275
vn -0.930840 0.134740 0.339679
vn -0.953237 0.035672 0.300111
vn -0.999860 0.002832 0.016500
vn -0.999721 -0.022733 -0.006369
vn -0.986008 0.166385 -0.010202
vn -0.987535 0.157128 0.009275
vn -0.986008 0.166385 -0.010202
vn -0.999721 -0.022733 -0.006369
vn -0.999096 -0.039164 -0.016546
vn -0.985130 0.170909 -0.017601
vn -0.986008 0.166385 -0.010202
vn -0.950842 0.309576 0.007883
vn -0.958971 0.280860 0.038621
vn -0.987535 0.157128 0.009275
vn -0.986008 0.166385 -0.010202
vn -0.985130 0.170909 -0.017601
vn -0.944287 0.329121 -0.001347
vn -0.950842 0.309576 0.007883
vn -0.944287 0.329121 -0.001347
vn -0.985130 0.170909 -0.017601
vn -0.983787 0.178152 -0.020609
vn -0.938129 0.346209 -0.007248
vn -0.944287 0.329121 -0.001347
vn -0.966563 0.256168 0.011583
vn -0.966875 0.254241 0.022693
vn -0.950842 0.309576 0.007883
vn -0.944287 0.329121 -0.001347
vn -0.938129 0.346209 -0.007248
vn -0.966539 0.256502 0.003070
vn -0.966563 0.256168 0.011583
vn -0.966539 0.256502 0.003070
vn -0.938129 0.346209 -0.007248
vn -0.869059 0.334614 0.364376
vn -0.893200 0.226774 0.388288
vn -0.966539 0.256502 0.003070
vn -0.977235 0.212151 -0.002189
vn -0.974969 0.222290 0.004765
vn -0.966563 0.256168 0.011583
vn -0.966539 0.256502 0.003070
vn -0.893200 0.226774 0.388288
vn -0.914422 0.190366 0.357201
vn -0.977235 0.212151 -0.002189
vn -0.914422 0.190366 0.357201
vn -0.893200 0.226774 0.388288
vn 0.598777 -0.172213 0.782182
vn 0.495744 -0.110767 0.861376
vn -0.914422 0.190366 0.357201
vn -0.827000 0.445064 0.343496
vn -0.888819 0.458230 -0.005089
vn -0.977235 0.212151 -0.002189
vn -0.914422 0.190366 0.357201
vn 0.495744 -0.110767 0.861376
vn 0.407412 -0.203539 0.890274
vn -0.827000 0.445064 0.343496
vn 0.407412 -0.203539 0.890274
vn 0.495744 -0.110767 0.861376
vn 0.974544 -0.207881 0.083959
vn 0.877706 -0.472417 0.080335
vn 0.407412 -0.203539 0.890274
vn 0.474460 -0.312872 0.822799
vn -0.764617 0.530355 0.366176
vn -0.827000 0.445064 0.343496
vn 0.407412 -0.203539 0.890274
vn 0.877706 -0.472417 0.080335
vn 0.827876 -0.556368 0.071240
vn 0.474460 -0.312872 0.822799
vn 0.827876 -0.556368 0.071240
vn 0.877706 -0.472417 0.080335
vn 0.885610 -0.464422 0.002587
vn 0.837995 -0.545320 -0.019771
vn 0.827876 -0.556368 0.071240
vn 0.916208 -0.394272 0.071499
vn 0.517297 -0.243375 0.820471
vn 0.474460 -0.312872 0.822799
vn 0.827876 -0.556368 0.071240
vn 0.837995 -0.545320 -0.019771
vn 0.921088 -0.387321 -0.039739
vn 0.916208 -0.394272 0.071499
vn 0.921088 -0.387321 -0.039739
vn 0.837995 -0.545320 -0.019771
vn 0.851595 -0.523144 -0.033261
vn 0.923296 -0.379612 -0.058481
vn 0.921088 -0.387321 -0.039739
vn 0.982534 -0.182420 -0.036747
vn 0.980704 -0.179783 0.076799
vn 0.916208 -0.394272 0.071499
vn 0.921088 -0.387321 -0.039739
vn 0.923296 -0.379612 -0.058481
vn 0.980091 -0.190336 -0.056518
vn 0.982534 -0.182420 -0.036747
vn 0.980091 -0.190336 -0.056518
vn 0.923296 -0.379612 -0.058481
vn 0.928015 -0.357087 -0.106189
vn 0.973630 -0.201770 -0.106455
vn 0.980091 -0.190336 -0.056518
vn 0.998030 -0.046927 -0.041645
vn 0.998892 -0.040783 -0.023478
vn 0.982534 -0.182420 -0.036747
vn 0.980091 -0.190336 -0.056518
vn 0.973630 -0.201770 -0.106455
vn 0.994520 -0.054649 -0.089129
vn 0.998030 -0.046927 -0.041645
vn 0.994520 -0.054649 -0.089129
vn 0.973630 -0.201770 -0.106455
vn 0.912076 -0.206400 -0.354283
vn 0.934022 -0.064417 -0.351359
vn 0.994520 -0.054649 -0.089129
vn 0.995545 0.035507 -0.087345
vn 0.998877 0.026922 -0.038995
vn 0.998030 -0.046927 -0.041645
vn 0.994520 -0.054649 -0.089129
vn 0.934022 -0.064417 -0.351359
vn 0.937190 0.047623 -0.345553
vn 0.995545 0.035507 -0.087345
vn 0.937190 0.047623 -0.345553
vn 0.934022 -0.064417 -0.351359
vn 0.545726 -0.047345 -0.836625
vn 0.549430 0.045350 -0.834308
vn 0.937190 0.047623 -0.345553
vn 0.934709 0.137264 -0.327839
vn 0.984238 0.154877 -0.085374
vn 0.995545 0.035507 -0.087345
vn 0.937190 0.047623 -0.345553
vn 0.549430 0.045350 -0.834308
vn 0.562597 0.083135 -0.822541
vn 0.934709 0.137264 -0.327839
vn 0.934709 0.137264 -0.327839
vn 0.936590 0.191145 -0.293705
vn 0.973948 0.215742 -0.069863
vn 0.984238 0.154877 -0.085374
vn 0.934709 0.137264 -0.327839
vn 0.562597 0.083135 -0.822541
vn 0.585804 0.118877 -0.801687
vn 0.936590 0.191145 -0.293705
vn 0.936590 0.191145 -0.293705
vn 0.942158 0.213522 -0.258353
vn 0.972759 0.223849 -0.060269
vn 0.973948 0.215742 -0.069863
vn 0.936590 0.191145 -0.293705
vn 0.585804 0.118877 -0.801687
vn 0.628450 0.146529 -0.763924
vn 0.942158 0.213522 -0.258353
vn 0.942158 0.213522 -0.258353
vn 0.927721 0.307497 -0.211611
vn 0.942649 0.328970 -0.056491
vn 0.972759 0.223849 -0.060269
vn 0.942158 0.213522 -0.258353
vn 0.628450 0.146529 -0.763924
vn 0.675458 0.211788 -0.706330
vn 0.927721 0.307497 -0.211611
vn 0.927721 0.307497 -0.211611
vn 0.879282 0.450947 -0.153328
vn 0.874550 0.482949 -0.043852
vn 0.942649 0.328970 -0.056491
vn 0.927721 0.307497 -0.211611
vn 0.675458 0.211788 -0.706330
vn 0.700595 0.336771 -0.629088
vn 0.879282 0.450947 -0.153328
vn 0.879282 0.450947 -0.153328
vn 0.824210 0.559000 -0.090536
vn 0.806917 0.590306 -0.020594
vn 0.874550 0.482949 -0.043852
vn 0.879282 0.450947 -0.153328
vn 0.700595 0.336771 -0.629088
vn 0.719142 0.460364 -0.520481
vn 0.824210 0.559000 -0.090536
vn 0.806917 0.590306 -0.020594
vn 0.797141 0.603792 -0.000897
vn 0.873398 0.486807 -0.013969
vn 0.874550 0.482949 -0.043852
vn 0.806917 0.590306 -0.020594
vn 0.852469 0.522742 -0.006067
vn 0.847256 0.531114 0.008711
vn 0.797141 0.603792 -0.000897
vn 0.806917 0.590306 -0.020594
vn 0.824210 0.559000 -0.090536
vn 0.856042 0.514331 -0.051535
vn 0.852469 0.522742 -0.006067
vn 0.847256 0.531114 0.008711
vn 0.844944 0.534636 0.015289
vn 0.791358 0.611311 0.007195
vn 0.797141 0.603792 -0.000897
vn 0.847256 0.531114 0.008711
vn 0.953954 0.299940 -0.002814
vn 0.958680 0.284395 0.007239
vn 0.844944 0.534636 0.015289
vn 0.847256 0.531114 0.008711
vn 0.852469 0.522742 -0.006067
vn 0.948326 0.316722 -0.019095
vn 0.953954 0.299940 -0.002814
vn 0.958680 0.284395 0.007239
vn 0.945822 0.275175 0.172335
vn 0.832287 0.532035 0.155687
vn 0.844944 0.534636 0.015289
vn 0.958680 0.284395 0.007239
vn 0.972557 0.232285 -0.013318
vn 0.959939 0.213745 0.181191
vn 0.945822 0.275175 0.172335
vn 0.958680 0.284395 0.007239
vn 0.953954 0.299940 -0.002814
vn 0.968033 0.249470 -0.026022
vn 0.972557 0.232285 -0.013318
vn 0.945822 0.275175 0.172335
vn 0.221405 0.069126 0.972729
vn 0.219036 0.141086 0.965463
vn 0.832287 0.532035 0.155687
vn 0.945822 0.275175 0.172335
vn 0.959939 0.213745 0.181191
vn 0.250003 0.048141 0.967048
vn 0.221405 0.069126 0.972729
vn 0.221405 0.069126 0.972729
vn -0.909998 -0.267502 0.316775
vn -0.797834 -0.506887 0.326384
vn 0.219036 0.141086 0.965463
vn 0.221405 0.069126 0.972729
vn 0.250003 0.048141 0.967048
vn -0.928034 -0.200457 0.313959
vn -0.909998 -0.267502 0.316775
vn -0.909998 -0.267502 0.316775
vn -0.956419 -0.291753 -0.011918
vn -0.845125 -0.534209 -0.019597
vn -0.797834 -0.506887 0.326384
vn -0.909998 -0.267502 0.316775
vn -0.928034 -0.200457 0.313959
vn -0.976780 -0.214077 0.008511
vn -0.956419 -0.291753 -0.011918
vn -0.956419 -0.291753 -0.011918
vn -0.950721 -0.310029 -0.003406
vn -0.845102 -0.534468 -0.012124
vn -0.845125 -0.534209 -0.019597
vn -0.956419 -0.291753 -0.011918
vn -0.976780 -0.214077 0.008511
vn -0.973294 -0.228822 0.018426
vn -0.950721 -0.310029 -0.003406
vn -0.845102 -0.534468 -0.012124
vn -0.791257 -0.611476 -0.003062
vn -0.785368 -0.618905 -0.012411
vn -0.845125 -0.534209 -0.019597
vn -0.845102 -0.534468 -0.012124
vn -0.846471 -0.532434 0.000047
vn -0.800247 -0.599570 0.011000
vn -0.791257 -0.611476 -0.003062
vn -0.845102 -0.534468 -0.012124
vn -0.950721 -0.310029 -0.003406
vn -0.944442 -0.328512 0.010474
vn -0.846471 -0.532434 0.000047
vn -0.800247 -0.599570 0.011000
vn -0.872355 -0.488062 0.028153
vn -0.871803 -0.489795 0.007827
vn -0.791257 -0.611476 -0.003062
vn -0.800247 -0.599570 0.011000
vn -0.817799 -0.573261 0.050762
vn -0.881152 -0.461955 0.100841
vn -0.872355 -0.488062 0.028153
vn -0.800247 -0.599570 0.011000
vn -0.846471 -0.532434 0.000047
vn -0.850175 -0.526099 0.020564
vn -0.817799 -0.573261 0.050762
vn -0.881152 -0.461955 0.100841
vn -0.940071 -0.308054 0.146184
vn -0.944775 -0.325775 0.035641
vn -0.872355 -0.488062 0.028153
vn -0.881152 -0.461955 0.100841
vn -0.742379 -0.361951 0.563795
vn -0.730603 -0.225690 0.644425
vn -0.940071 -0.308054 0.146184
vn -0.881152 -0.461955 0.100841
vn -0.817799 -0.573261 0.050762
vn -0.748592 -0.486504 0.450471
vn -0.742379 -0.361951 0.563795
vn -0.940071 -0.308054 0.146184
vn -0.960339 -0.213337 0.179548
vn -0.974603 -0.220793 0.037411
vn -0.944775 -0.325775 0.035641
vn -0.940071 -0.308054 0.146184
vn -0.730603 -0.225690 0.644425
vn -0.692089 -0.157811 0.704350
vn -0.960339 -0.213337 0.179548
vn -0.960339 -0.213337 0.179548
vn -0.957159 -0.202850 0.206636
vn -0.973858 -0.222579 0.045384
vn -0.974603 -0.220793 0.037411
vn -0.960339 -0.213337 0.179548
vn -0.692089 -0.157811 0.704350
vn -0.652768 -0.136708 0.745121
vn -0.957159 -0.202850 0.206636
vn -0.957159 -0.202850 0.206636
vn -0.960471 -0.145007 0.237630
vn -0.985756 -0.158224 0.057011
vn -0.973858 -0.222579 0.045384
vn -0.957159 -0.202850 0.206636
vn -0.652768 -0.136708 0.745121
vn -0.629956 -0.097497 0.770487
vn -0.960471 -0.145007 0.237630
vn -0.960471 -0.145007 0.237630
vn -0.967669 -0.039573 0.249099
vn -0.997885 -0.029628 0.057854
vn -0.985756 -0.158224 0.057011
vn -0.960471 -0.145007 0.237630
vn -0.629956 -0.097497 0.770487
vn -0.622950 -0.040342 0.781221
vn -0.967669 -0.039573 0.249099
vn -0.967669 -0.039573 0.249099
vn -0.964328 0.072133 0.254694
vn -0.996619 0.054283 0.061678
vn -0.997885 -0.029628 0.057854
vn -0.967669 -0.039573 0.249099
vn -0.622950 -0.040342 0.781221
vn -0.623527 0.063585 0.779212
vn -0.964328 0.072133 0.254694
vn -0.964328 0.072133 0.254694
vn -0.941095 0.213450 0.262258
vn -0.976304 0.201784 0.078196
vn -0.996619 0.054283 0.061678
vn -0.964328 0.072133 0.254694
vn -0.623527 0.063585 0.779212
vn -0.622468 0.154431 0.767258
vn -0.941095 0.213450 0.262258
vn -0.941095 0.213450 0.262258
vn -0.910593 0.336366 0.240162
vn -0.919716 0.385337 0.075085
vn -0.976304 0.201784 0.078196
vn -0.941095 0.213450 0.262258
vn -0.622468 0.154431 0.767258
vn -0.630777 0.187008 0.753093
vn -0.910593 0.336366 0.240162
vn -0.910593 0.336366 0.240162
vn -0.880866 0.438784 0.177606
vn -0.858426 0.511201 0.042166
vn -0.919716 0.385337 0.075085
vn -0.910593 0.336366 0.240162
vn -0.630777 0.187008 0.753093
vn -0.645322 0.252505 0.720972
vn -0.880866 0.438784 0.177606
vn -0.880866 0.438784 0.177606
vn -0.904515 0.412664 0.107522
vn -0.900338 0.434937 0.014910
vn -0.858426 0.511201 0.042166
vn -0.880866 0.438784 0.177606
vn -0.645322 0.252505 0.720972
vn -0.690119 0.287173 0.664280
vn -0.904515 0.412664 0.107522
vn -0.904515 0.412664 0.107522
vn -0.964782 0.249933 0.082032
vn -0.971634 0.235888 0.016866
vn -0.900338 0.434937 0.014910
vn -0.904515 0.412664 0.107522
vn -0.690119 0.287173 0.664280
vn -0.787209 0.215730 0.577722
vn -0.964782 0.249933 0.082032
vn -0.964782 0.249933 0.082032
vn -0.967551 0.242721 0.070221
vn -0.966875 0.254241 0.022693
vn -0.971634 0.235888 0.016866
vn -0.964782 0.249933 0.082032
vn -0.787209 0.215730 0.577722
vn -0.845324 0.197700 0.496328
vn -0.967551 0.242721 0.070221
vn -0.967551 0.242721 0.070221
vn -0.958971 0.280860 0.038621
vn -0.950842 0.309576 0.007883
vn -0.966875 0.254241 0.022693
vn -0.967551 0.242721 0.070221
vn -0.845324 0.197700 0.496328
vn -0.881025 0.223305 0.417048
vn -0.958971 0.280860 0.038621
vn -0.971634 0.235888 0.016866
vn -0.966875 0.254241 0.022693
vn -0.966563 0.256168 0.011583
vn -0.974969 0.222290 0.004765
vn -0.971634 0.235888 0.016866
vn -0.974969 0.222290 0.004765
vn -0.894500 0.447068 0.000277
vn -0.900338 0.434937 0.014910
vn -0.894500 0.447068 0.000277
vn -0.974969 0.222290 0.004765
vn -0.977235 0.212151 -0.002189
vn -0.888819 0.458230 -0.005089
vn -0.894500 0.447068 0.000277
vn -0.840648 0.541183 0.020790
vn -0.858426 0.511201 0.042166
vn -0.900338 0.434937 0.014910
vn -0.894500 0.447068 0.000277
vn -0.888819 0.458230 -0.005089
vn -0.828267 0.560170 0.013517
vn -0.840648 0.541183 0.020790
vn -0.828267 0.560170 0.013517
vn -0.888819 0.458230 -0.005089
vn -0.827000 0.445064 0.343496
vn -0.764617 0.530355 0.366176
vn -0.828267 0.560170 0.013517
vn -0.915882 0.399959 0.034537
vn -0.917617 0.394748 0.046404
vn -0.840648 0.541183 0.020790
vn -0.828267 0.560170 0.013517
vn -0.764617 0.530355 0.366176
vn -0.856816 0.366522 0.362668
vn -0.915882 0.399959 0.034537
vn -0.856816 0.366522 0.362668
vn -0.764617 0.530355 0.366176
vn 0.474460 -0.312872 0.822799
vn 0.517297 -0.243375 0.820471
vn -0.856816 0.366522 0.362668
vn -0.921144 0.150103 0.359114
vn -0.983525 0.177918 0.032003
vn -0.915882 0.399959 0.034537
vn -0.856816 0.366522 0.362668
vn 0.517297 -0.243375 0.820471
vn 0.548928 -0.125617 0.826377
vn -0.921144 0.150103 0.359114
vn 0.548928 -0.125617 0.826377
vn 0.517297 -0.243375 0.820471
vn 0.916208 -0.394272 0.071499
vn 0.980704 -0.179783 0.076799
vn 0.548928 -0.125617 0.826377
vn 0.514789 -0.030444 0.856776
vn -0.940130 0.024268 0.339950
vn -0.921144 0.150103 0.359114
vn 0.548928 -0.125617 0.826377
vn 0.980704 -0.179783 0.076799
vn 0.995649 -0.036320 0.085816
vn 0.514789 -0.030444 0.856776
vn 0.995649 -0.036320 0.085816
vn 0.980704 -0.179783 0.076799
vn 0.982534 -0.182420 -0.036747
vn 0.998892 -0.040783 -0.023478
vn 0.995649 -0.036320 0.085816
vn 0.995720 0.018572 0.090540
vn 0.507894 0.002850 0.861415
vn 0.514789 -0.030444 0.856776
vn 0.995649 -0.036320 0.085816
vn 0.998892 -0.040783 -0.023478
vn 0.999558 0.022220 -0.019733
vn 0.995720 0.018572 0.090540
vn 0.999558 0.022220 -0.019733
vn 0.998892 -0.040783 -0.023478
vn 0.998030 -0.046927 -0.041645
vn 0.998877 0.026922 -0.038995
vn 0.999558 0.022220 -0.019733
vn 0.986127 0.165098 -0.017193
vn 0.981831 0.166604 0.090831
vn 0.995720 0.018572 0.090540
vn 0.999558 0.022220 -0.019733
vn 0.998877 0.026922 -0.038995
vn 0.986233 0.161056 -0.037484
vn 0.986127 0.165098 -0.017193
vn 0.986233 0.161056 -0.037484
vn 0.998877 0.026922 -0.038995
vn 0.995545 0.035507 -0.087345
vn 0.984238 0.154877 -0.085374
vn 0.986233 0.161056 -0.037484
vn 0.973042 0.229125 -0.026281
vn 0.970802 0.239796 -0.006416
vn 0.986127 0.165098 -0.017193
vn 0.986233 0.161056 -0.037484
vn 0.984238 0.154877 -0.085374
vn 0.973948 0.215742 -0.069863
vn 0.973042 0.229125 -0.026281
vn 0.973042 0.229125 -0.026281
vn 0.974582 0.223236 -0.018875
vn 0.974836 0.222922 0.000672
vn 0.970802 0.239796 -0.006416
vn 0.973042 0.229125 -0.026281
vn 0.973948 0.215742 -0.069863
vn 0.972759 0.223849 -0.060269
vn 0.974582 0.223236 -0.018875
vn 0.974582 0.223236 -0.018875
vn 0.944927 0.326777 -0.018158
vn 0.946653 0.322255 0.000602
vn 0.974836 0.222922 0.000672
vn 0.974582 0.223236 -0.018875
vn 0.972759 0.223849 -0.060269
vn 0.942649 0.328970 -0.056491
vn 0.944927 0.326777 -0.018158
vn 0.944927 0.326777 -0.018158
vn 0.873398 0.486807 -0.013969
vn 0.874807 0.484471 0.000709
vn 0.946653 0.322255 0.000602
vn 0.944927 0.326777 -0.018158
vn 0.942649 0.328970 -0.056491
vn 0.874550 0.482949 -0.043852
vn 0.873398 0.486807 -0.013969
vn 0.874807 0.484471 0.000709
vn 0.870592 0.472825 0.136038
vn 0.940352 0.316037 0.125929
vn 0.946653 0.322255 0.000602
vn 0.874807 0.484471 0.000709
vn 0.791358 0.611311 0.007195
vn 0.783481 0.605273 0.140717
vn 0.870592 0.472825 0.136038
vn 0.874807 0.484471 0.000709
vn 0.873398 0.486807 -0.013969
vn 0.797141 0.603792 -0.000897
vn 0.791358 0.611311 0.007195
vn 0.783481 0.605273 0.140717
vn 0.332392 0.229501 0.914792
vn 0.408051 0.183965 0.894232
vn 0.870592 0.472825 0.136038
vn 0.783481 0.605273 0.140717
vn 0.832287 0.532035 0.155687
vn 0.219036 0.141086 0.965463
vn 0.332392 0.229501 0.914792
vn 0.783481 0.605273 0.140717
vn 0.791358 0.611311 0.007195
vn 0.844944 0.534636 0.015289
vn 0.832287 0.532035 0.155687
vn 0.332392 0.229501 0.914792
vn -0.733998 -0.589034 0.338062
vn -0.821508 -0.467974 0.325767
vn 0.408051 0.183965 0.894232
vn 0.332392 0.229501 0.914792
vn 0.219036 0.141086 0.965463
vn -0.797834 -0.506887 0.326384
vn -0.733998 -0.589034 0.338062
vn -0.733998 -0.589034 0.338062
vn -0.785368 -0.618905 -0.012411
vn -0.873749 -0.486352 -0.004940
vn -0.821508 -0.467974 0.325767
vn -0.733998 -0.589034 0.338062
vn -0.797834 -0.506887 0.326384
vn -0.845125 -0.534209 -0.019597
vn -0.785368 -0.618905 -0.012411
vn -0.873749 -0.486352 -0.004940
vn -0.948078 -0.318000 -0.004909
vn -0.896364 -0.306410 0.320380
vn -0.821508 -0.467974 0.325767
vn -0.873749 -0.486352 -0.004940
vn -0.871803 -0.489795 0.007827
vn -0.946378 -0.322934 0.009126
vn -0.948078 -0.318000 -0.004909
vn -0.873749 -0.486352 -0.004940
vn -0.785368 -0.618905 -0.012411
vn -0.791257 -0.611476 -0.003062
vn -0.871803 -0.489795 0.007827
vn -0.946378 -0.322934 0.009126
vn -0.975240 -0.220973 0.008873
vn -0.975304 -0.220800 -0.005515
vn -0.948078 -0.318000 -0.004909
vn -0.946378 -0.322934 0.009126
vn -0.944775 -0.325775 0.035641
vn -0.974603 -0.220793 0.037411
vn -0.975240 -0.220973 0.008873
vn -0.946378 -0.322934 0.009126
vn -0.871803 -0.489795 0.007827
vn -0.872355 -0.488062 0.028153
vn -0.944775 -0.325775 0.035641
vn -0.975240 -0.220973 0.008873
vn -0.972103 -0.233983 0.016359
vn -0.969668 -0.244422 0.001346
vn -0.975304 -0.220800 -0.005515
vn -0.975240 -0.220973 0.008873
vn -0.974603 -0.220793 0.037411
vn -0.973858 -0.222579 0.045384
vn -0.972103 -0.233983 0.016359
vn -0.972103 -0.233983 0.016359
vn -0.986137 -0.163655 0.027393
vn -0.985480 -0.169336 0.012452
vn -0.969668 -0.244422 0.001346
vn -0.972103 -0.233983 0.016359
vn -0.973858 -0.222579 0.045384
vn -0.985756 -0.158224 0.057011
vn -0.986137 -0.163655 0.027393
vn -0.986137 -0.163655 0.027393
vn -0.999289 -0.023895 0.029149
vn -0.999698 -0.019694 0.014673
vn -0.985480 -0.169336 0.012452
vn -0.986137 -0.163655 0.027393
vn -0.985756 -0.158224 0.057011
vn -0.997885 -0.029628 0.057854
vn -0.999289 -0.023895 0.029149
vn -0.999289 -0.023895 0.029149
vn -0.998516 0.043906 0.032233
vn -0.999174 0.036037 0.018786
vn -0.999698 -0.019694 0.014673
vn -0.999289 -0.023895 0.029149
vn -0.997885 -0.029628 0.057854
vn -0.996619 0.054283 0.061678
vn -0.998516 0.043906 0.032233
vn -0.998516 0.043906 0.032233
vn -0.981252 0.187170 0.045962
vn -0.983525 0.177918 0.032003
vn -0.999174 0.036037 0.018786
vn -0.998516 0.043906 0.032233
vn -0.996619 0.054283 0.061678
vn -0.976304 0.201784 0.078196
vn -0.981252 0.187170 0.045962
vn -0.981252 0.187170 0.045962
vn -0.917617 0.394748 0.046404
vn -0.915882 0.399959 0.034537
vn -0.983525 0.177918 0.032003
vn -0.981252 0.187170 0.045962
vn -0.976304 0.201784 0.078196
vn -0.919716 0.385337 0.075085
vn -0.917617 0.394748 0.046404
vn -0.999174 0.036037 0.018786
vn -0.983525 0.177918 0.032003
vn -0.921144 0.150103 0.359114
vn -0.940130 0.024268 0.339950
vn -0.999174 0.036037 0.018786
vn -0.940130 0.024268 0.339950
vn -0.942180 -0.019399 0.334545
vn -0.999698 -0.019694 0.014673
vn -0.942180 -0.019399 0.334545
vn -0.940130 0.024268 0.339950
vn 0.514789 -0.030444 0.856776
vn 0.507894 0.002850 0.861415
vn -0.942180 -0.019399 0.334545
vn -0.923468 -0.161610 0.347978
vn -0.985480 -0.169336 0.012452
vn -0.999698 -0.019694 0.014673
vn -0.942180 -0.019399 0.334545
vn 0.507894 0.002850 0.861415
vn 0.531003 0.085357 0.843060
vn -0.923468 -0.161610 0.347978
vn 0.531003 0.085357 0.843060
vn 0.507894 0.002850 0.861415
vn 0.995720 0.018572 0.090540
vn 0.981831 0.166604 0.090831
vn 0.531003 0.085357 0.843060
vn 0.433345 0.114973 0.893864
vn -0.914506 -0.235116 0.329240
vn -0.923468 -0.161610 0.347978
vn 0.531003 0.085357 0.843060
vn 0.981831 0.166604 0.090831
vn 0.964257 0.246678 0.096735
vn 0.433345 0.114973 0.893864
vn 0.964257 0.246678 0.096735
vn 0.981831 0.166604 0.090831
vn 0.986127 0.165098 -0.017193
vn 0.970802 0.239796 -0.006416
vn 0.964257 0.246678 0.096735
vn 0.968290 0.224531 0.109549
vn 0.440863 0.106154 0.891275
vn 0.433345 0.114973 0.893864
vn 0.964257 0.246678 0.096735
vn 0.970802 0.239796 -0.006416
vn 0.974836 0.222922 0.000672
vn 0.968290 0.224531 0.109549
vn 0.968290 0.224531 0.109549
vn 0.940352 0.316037 0.125929
vn 0.440788 0.132731 0.887743
vn 0.440863 0.106154 0.891275
vn 0.968290 0.224531 0.109549
vn 0.974836 0.222922 0.000672
vn 0.946653 0.322255 0.000602
vn 0.940352 0.316037 0.125929
vn 0.440788 0.132731 0.887743
vn -0.896364 -0.306410 0.320380
vn -0.922571 -0.210752 0.323182
vn 0.440863 0.106154 0.891275
vn 0.440788 0.132731 0.887743
vn 0.408051 0.183965 0.894232
vn -0.821508 -0.467974 0.325767
vn -0.896364 -0.306410 0.320380
vn 0.440788 0.132731 0.887743
vn 0.940352 0.316037 0.125929
vn 0.870592 0.472825 0.136038
vn 0.408051 0.183965 0.894232
vn -0.922571 -0.210752 0.323182
vn -0.914506 -0.235116 0.329240
vn 0.433345 0.114973 0.893864
vn 0.440863 0.106154 0.891275
vn -0.922571 -0.210752 0.323182
vn -0.975304 -0.220800 -0.005515
vn -0.969668 -0.244422 0.001346
vn -0.914506 -0.235116 0.329240
vn -0.922571 -0.210752 0.323182
vn -0.896364 -0.306410 0.320380
vn -0.948078 -0.318000 -0.004909
vn -0.975304 -0.220800 -0.005515
vn -0.914506 -0.235116 0.329240
vn -0.969668 -0.244422 0.001346
vn -0.985480 -0.169336 0.012452
vn -0.923468 -0.161610 0.347978
vn -0.917617 0.394748 0.046404
vn -0.919716 0.385337 0.075085
vn -0.858426 0.511201 0.042166
vn -0.840648 0.541183 0.020790
vn -0.958971 0.280860 0.038621
vn -0.881025 0.223305 0.417048
vn -0.930840 0.134740 0.339679
vn -0.987535 0.157128 0.009275
vn -0.587150 0.031285 0.808873
vn -0.114456 0.010212 0.993376
vn -0.110357 -0.004241 0.993883
vn -0.574504 -0.019577 0.818268
vn -0.824656 0.352219 0.442589
vn 0.623473 -0.285517 0.727847
vn 0.417267 0.104050 0.902808
vn -0.882511 -0.365639 0.295775
vn -0.824656 0.352219 0.442589
vn -0.133593 0.940353 0.312871
vn 0.126898 -0.499593 0.856915
vn 0.623473 -0.285517 0.727847
s off
g polySurface1 GROB
usemtl initialShadingGroup
f 1/1/1 6/2/2 7/3/3 8/4/4
f 1/1/5 8/4/6 9/5/7 10/6/8
f 1/1/9 10/6/10 11/7/11 6/2/12
f 2/8/13 12/9/14 13/10/15 14/11/16
f 2/8/17 14/11/18 15/12/19 16/13/20
f 2/8/21 16/13/22 17/14/23 12/9/24
f 3/15/25 18/16/26 19/17/27 20/18/28
f 3/15/29 21/19/30 22/20/31 18/16/32
f 3/15/33 20/18/34 23/21/35 21/19/36
f 4/22/37 24/23/38 25/24/39 26/25/40
f 4/22/41 26/25/42 27/26/43 28/27/44
f 5/28/45 29/29/46 30/30/47 31/31/48
f 5/28/49 32/32/50 33/33/51 29/29/52
f 5/28/53 31/31/54 34/34/55 32/32/56
f 34/34/57 35/35/58 36/36/59 32/32/60
f 34/34/61 31/31/62 37/37/63 38/38/64
f 34/34/65 38/38/66 39/39/67 35/35/68
f 39/39/69 40/40/70 41/41/71 35/35/72
f 39/39/73 38/38/74 42/42/75 43/43/76
f 39/39/77 43/43/78 44/44/79 40/40/80
f 44/44/81 45/45/82 46/46/83 40/40/84
f 44/44/85 43/43/86 47/47/87 48/48/88
f 44/44/89 48/48/90 49/49/91 45/45/92
f 49/49/93 50/50/94 51/51/95 45/45/96
f 49/49/97 48/48/98 52/52/99 53/53/100
f 49/49/101 53/53/102 54/54/103 50/50/104
f 54/55/105 55/56/106 56/57/107 50/58/108
f 54/54/109 53/53/110 57/59/111 58/60/112
f 54/55/113 58/61/114 59/62/115 55/56/116
f 59/62/117 60/63/118 61/64/119 55/56/120
f 59/62/121 58/61/122 62/65/123 63/66/124
f 59/62/125 63/66/126 64/67/127 60/63/128
f 64/67/129 65/68/130 66/69/131 60/63/132
f 64/67/133 63/66/134 67/70/135 68/71/136
f 64/67/137 68/71/138 69/72/139 65/68/140
f 69/72/141 70/73/142 71/74/143 65/68/144
f 69/72/145 68/71/146 72/75/147 73/76/148
f 69/72/149 73/76/150 74/77/151 70/73/152
f 74/77/153 75/78/154 76/79/155 70/73/156
f 74/77/157 73/76/158 77/80/159 78/81/160
f 74/77/161 78/81/162 79/82/163 75/78/164
f 79/82/165 80/83/166 81/84/167 75/78/168
f 79/82/169 78/81/170 82/85/171 83/86/172
f 79/82/173 83/86/174 84/87/175 80/83/176
f 84/87/177 85/88/178 86/89/179 80/83/180
f 84/87/181 83/86/182 87/90/183 88/91/184
f 84/87/185 88/91/186 89/92/187 85/88/188
f 89/92/189 90/93/190 91/94/191 85/88/192
f 89/92/193 88/91/194 92/95/195 93/96/196
f 89/92/197 93/96/198 94/97/199 90/93/200
f 94/98/201 95/99/202 96/100/203 90/101/204
f 94/97/205 93/96/206 97/102/207 98/103/208
f 94/98/209 98/104/210 99/105/211 95/99/212
f 99/105/213 100/106/214 101/107/215 95/99/216
f 99/105/217 98/104/218 102/108/219 103/109/220
f 99/105/221 103/109/222 104/110/223 100/106/224
f 104/110/225 103/109/226 105/111/227 106/112/228
f 106/112/229 105/111/230 107/113/231 108/114/232
f 108/114/233 107/113/234 109/115/235 110/116/236
f 110/116/237 109/115/238 111/117/239 112/118/240
f 112/118/241 111/117/242 113/119/243 114/120/244
f 114/120/245 113/119/246 115/121/247 116/122/248
f 116/122/249 115/121/250 117/123/251 118/124/252
f 118/124/253 117/123/254 119/125/255 120/126/256
f 120/126/257 119/125/258 121/127/259 122/128/260
f 122/128/261 121/127/262 123/129/263 124/130/264
f 124/130/265 123/129/266 125/131/267 126/132/268
f 126/132/269 125/131/270 12/9/271 17/14/272
f 125/131/273 123/129/274 127/133/275 128/134/276
f 125/131/277 128/134/278 13/10/279 12/9/280
f 128/135/281 127/136/282 129/137/283 130/138/284
f 128/135/285 130/138/286 131/139/287 13/140/288
f 131/139/289 130/138/290 132/141/291 133/142/292
f 131/139/293 133/142/294 134/143/295 135/144/296
f 131/139/297 135/144/298 14/145/299 13/140/300
f 135/144/301 134/143/302 136/146/303 137/147/304
f 135/144/305 137/147/306 15/148/307 14/145/308
f 136/146/309 134/143/310 138/149/311 139/150/312
f 139/150/313 138/149/314 140/151/315 141/152/316
f 141/152/317 140/151/318 142/153/319 143/154/320
f 143/154/321 142/153/322 144/155/323 145/156/324
f 145/156/325 144/155/326 146/157/327 147/158/328
f 147/158/329 146/157/330 148/159/331 149/160/332
f 149/161/333 148/162/334 150/163/335 151/164/336
f 151/164/337 150/163/338 152/165/339 153/166/340
f 153/166/341 152/165/342 154/167/343 155/168/344
f 155/168/345 154/167/346 156/169/347 157/170/348
f 157/170/349 156/169/350 158/171/351 159/172/352
f 159/172/353 158/171/354 20/173/355 19/174/356
f 158/175/357 156/176/358 160/177/359 161/178/360
f 158/175/361 161/178/362 23/179/363 20/180/364
f 161/178/365 160/177/366 162/181/367 163/182/368
f 161/178/369 163/182/370 164/183/371 23/179/372
f 164/183/373 163/182/374 165/184/375 166/185/376
f 164/186/377 166/187/378 167/188/379 168/189/380
f 164/186/381 168/189/382 21/19/383 23/21/384
f 168/189/385 167/188/386 169/190/387 170/191/388
f 168/189/389 170/191/390 22/20/391 21/19/392
f 169/190/393 167/188/394 171/192/395 172/193/396
f 172/193/397 171/192/398 173/194/399 174/195/400
f 174/195/401 173/194/402 175/196/403 176/197/404
f 176/197/405 175/196/406 177/198/407 178/199/408
f 178/199/409 177/198/410 179/200/411 180/201/412
f 180/201/413 179/200/414 181/202/415 182/203/416
f 182/203/417 181/202/418 183/204/419 184/205/420
f 184/205/421 183/204/422 185/206/423 186/207/424
f 186/207/425 185/206/426 187/208/427 188/209/428
f 188/209/429 187/208/430 189/210/431 190/211/432
f 190/211/433 189/210/434 191/212/435 192/213/436
f 192/213/437 191/212/438 193/214/439 194/215/440
f 194/215/441 193/214/442 195/216/443 196/217/444
f 196/217/445 195/216/446 197/218/447 198/219/448
f 198/219/449 197/218/450 199/220/451 200/221/452
f 200/221/453 199/220/454 201/222/455 202/223/456
f 202/223/457 201/222/458 203/224/459 204/225/460
f 204/225/461 203/224/462 205/226/463 206/227/464
f 206/227/465 205/226/466 207/228/467 208/229/468
f 208/229/469 207/228/470 209/230/471 210/231/472
f 210/231/473 209/230/474 211/232/475 212/233/476
f 212/233/477 211/232/478 213/234/479 214/235/480
f 214/235/481 213/234/482 215/236/483 216/237/484
f 216/237/485 215/236/486 217/238/487 218/239/488
f 218/239/489 217/238/490 219/240/491 220/241/492
f 220/241/493 219/240/494 221/242/495 222/243/496
f 222/243/497 221/242/498 223/244/499 224/245/500
f 224/245/501 223/244/502 225/246/503 226/247/504
f 226/247/505 225/246/506 227/248/507 228/249/508
f 228/249/509 227/248/510 229/250/511 230/251/512
f 230/252/513 229/253/514 231/254/515 232/255/516
f 232/255/517 231/254/518 233/256/519 234/257/520
f 234/257/521 233/256/522 235/258/523 236/259/524
f 236/259/525 235/258/526 237/260/527 238/261/528
f 238/261/529 237/260/530 239/262/531 240/263/532
f 240/263/533 239/262/534 241/264/535 242/265/536
f 242/265/537 241/264/538 243/266/539 244/267/540
f 244/267/541 243/266/542 245/268/543 246/269/544
f 246/269/545 245/268/546 247/270/547 248/271/548
f 248/271/549 247/270/550 249/272/551 250/273/552
f 250/273/553 249/272/554 251/274/555 252/275/556
f 252/275/557 251/274/558 253/276/559 254/277/560
f 254/277/561 253/276/562 255/278/563 256/279/564
f 256/279/565 255/278/566 257/280/567 258/281/568
f 258/281/569 257/280/570 259/282/571 260/283/572
f 260/283/573 259/282/574 261/284/575 262/285/576
f 262/285/577 261/284/578 263/286/579 264/287/580
f 264/287/581 263/286/582 265/288/583 266/289/584
f 266/289/585 265/288/586 96/100/587 267/290/588
f 267/290/589 96/100/590 95/99/591 101/107/592
f 265/288/593 263/286/594 268/291/595 91/292/596
f 265/288/597 91/292/598 90/101/599 96/100/600
f 268/291/601 263/286/602 261/284/603 269/293/604
f 268/294/605 269/295/606 270/296/607 86/89/608
f 268/294/609 86/89/610 85/88/611 91/94/612
f 270/296/613 269/295/614 271/297/615 272/298/616
f 270/296/617 272/298/618 273/299/619 81/84/620
f 270/296/621 81/84/622 80/83/623 86/89/624
f 273/299/625 272/298/626 274/300/627 275/301/628
f 273/299/629 275/301/630 276/302/631 76/79/632
f 273/299/633 76/79/634 75/78/635 81/84/636
f 276/302/637 275/301/638 277/303/639 278/304/640
f 276/302/641 278/304/642 279/305/643 71/74/644
f 276/302/645 71/74/646 70/73/647 76/79/648
f 279/305/649 278/304/650 280/306/651 281/307/652
f 279/305/653 281/307/654 282/308/655 66/69/656
f 279/305/657 66/69/658 65/68/659 71/74/660
f 282/308/661 281/307/662 283/309/663 284/310/664
f 282/308/665 284/310/666 285/311/667 61/64/668
f 282/308/669 61/64/670 60/63/671 66/69/672
f 285/311/673 284/310/674 286/312/675 287/313/676
f 285/311/677 287/313/678 288/314/679 56/57/680
f 285/311/681 56/57/682 55/56/683 61/64/684
f 288/314/685 287/313/686 289/315/687 290/316/688
f 288/314/689 290/316/690 291/317/691 51/318/692
f 288/314/693 51/318/694 50/58/695 56/57/696
f 291/317/697 290/316/698 24/23/699 292/319/700
f 291/320/701 292/321/702 293/322/703 46/46/704
f 291/320/705 46/46/706 45/45/707 51/51/708
f 293/322/709 292/321/710 294/323/711 295/324/712
f 293/322/713 295/324/714 296/325/715 41/41/716
f 293/322/717 41/41/718 40/40/719 46/46/720
f 296/325/721 295/324/722 297/326/723 298/327/724
f 296/325/725 298/327/726 299/328/727 36/36/728
f 296/325/729 36/36/730 35/35/731 41/41/732
f 299/329/733 298/330/734 225/246/735 223/244/736
f 299/329/737 223/244/738 221/242/739 33/331/740
f 299/328/741 33/33/742 32/32/743 36/36/744
f 298/330/745 297/332/746 227/248/747 225/246/748
f 297/332/749 300/333/750 229/250/751 227/248/752
f 297/326/753 295/324/754 294/323/755 300/334/756
f 290/316/757 289/315/758 25/24/759 24/23/760
f 289/315/761 301/335/762 302/336/763 25/24/764
f 289/315/765 287/313/766 286/312/767 301/335/768
f 302/336/769 303/337/770 304/338/771 305/339/772
f 302/336/773 305/339/774 26/25/775 25/24/776
f 302/336/777 301/335/778 306/340/779 303/337/780
f 306/340/781 307/341/782 308/342/783 303/337/784
f 306/340/785 301/335/786 286/312/787 309/343/788
f 306/340/789 309/343/790 310/344/791 307/341/792
f 310/344/793 311/345/794 312/346/795 307/341/796
f 310/344/797 309/343/798 283/309/799 313/347/800
f 310/344/801 313/347/802 314/348/803 311/345/804
f 314/348/805 315/349/806 316/350/807 311/345/808
f 314/348/809 313/347/810 280/306/811 317/351/812
f 314/348/813 317/351/814 318/352/815 315/349/816
f 318/352/817 319/353/818 320/354/819 315/349/820
f 318/352/821 317/351/822 277/303/823 321/355/824
f 318/352/825 321/355/826 322/356/827 319/353/828
f 322/357/829 255/278/830 253/276/831 319/358/832
f 322/356/833 321/355/834 274/300/835 323/359/836
f 322/357/837 323/360/838 257/280/839 255/278/840
f 323/359/841 274/300/842 272/298/843 271/297/844
f 323/360/845 271/361/846 259/282/847 257/280/848
f 321/355/849 277/303/850 275/301/851 274/300/852
f 320/362/853 251/274/854 249/272/855 324/363/856
f 320/354/857 324/364/858 316/350/859 315/349/860
f 320/362/861 319/358/862 253/276/863 251/274/864
f 324/363/865 249/272/866 247/270/867 325/365/868
f 324/364/869 325/366/870 326/367/871 316/350/872
f 326/367/873 325/366/874 9/5/875 8/4/876
f 326/367/877 8/4/878 7/3/879 312/346/880
f 326/367/881 312/346/882 311/345/883 316/350/884
f 325/365/885 247/270/886 245/268/887 9/368/888
f 317/351/889 280/306/890 278/304/891 277/303/892
f 313/347/893 283/309/894 281/307/895 280/306/896
f 312/346/897 7/3/898 308/342/899 307/341/900
f 309/343/901 286/312/902 284/310/903 283/309/904
f 308/342/905 7/3/906 6/2/907 327/369/908
f 308/342/909 327/369/910 304/338/911 303/337/912
f 327/369/913 6/2/914 11/7/915 328/370/916
f 327/369/917 328/370/918 329/371/919 304/338/920
f 329/372/921 328/373/922 239/262/923 237/260/924
f 329/372/925 237/260/926 235/258/927 330/374/928
f 329/371/929 330/375/930 305/339/931 304/338/932
f 330/374/933 235/258/934 233/256/935 27/376/936
f 330/375/937 27/26/938 26/25/939 305/339/940
f 328/373/941 11/377/942 241/264/943 239/262/944
f 271/361/945 269/293/946 261/284/947 259/282/948
f 245/268/949 243/266/950 10/378/951 9/368/952
f 243/266/953 241/264/954 11/377/955 10/378/956
f 233/256/957 231/254/958 28/379/959 27/376/960
f 231/254/961 229/253/962 300/380/963 28/379/964
f 221/242/965 219/240/966 29/381/967 33/331/968
f 219/240/969 217/238/970 30/382/971 29/381/972
f 217/238/973 215/236/974 331/383/975 30/382/976
f 331/384/977 37/37/978 31/31/979 30/30/980
f 331/383/981 215/236/982 213/234/983 332/385/984
f 331/384/985 332/386/986 333/387/987 37/37/988
f 333/387/989 42/42/990 38/38/991 37/37/992
f 333/387/993 332/386/994 334/388/995 335/389/996
f 333/387/997 335/389/998 336/390/999 42/42/1000
f 336/390/1001 47/47/1002 43/43/1003 42/42/1004
f 336/390/1005 335/389/1006 337/391/1007 338/392/1008
f 336/390/1009 338/392/1010 339/393/1011 47/47/1012
f 339/393/1013 52/52/1014 48/48/1015 47/47/1016
f 339/393/1017 338/392/1018 340/394/1019 341/395/1020
f 339/393/1021 341/395/1022 342/396/1023 52/52/1024
f 342/396/1025 57/59/1026 53/53/1027 52/52/1028
f 342/396/1029 341/395/1030 343/397/1031 344/398/1032
f 342/396/1033 344/398/1034 345/399/1035 57/59/1036
f 345/399/1037 62/400/1038 58/60/1039 57/59/1040
f 345/399/1041 344/398/1042 346/401/1043 347/402/1044
f 345/399/1045 347/402/1046 348/403/1047 62/400/1048
f 348/404/1049 67/70/1050 63/66/1051 62/65/1052
f 348/403/1053 347/402/1054 349/405/1055 350/406/1056
f 348/404/1057 350/407/1058 351/408/1059 67/70/1060
f 351/408/1061 72/75/1062 68/71/1063 67/70/1064
f 351/408/1065 350/407/1066 352/409/1067 353/410/1068
f 351/408/1069 353/410/1070 354/411/1071 72/75/1072
f 354/411/1073 77/80/1074 73/76/1075 72/75/1076
f 354/411/1077 353/410/1078 355/412/1079 356/413/1080
f 354/411/1081 356/413/1082 357/414/1083 77/80/1084
f 357/414/1085 82/85/1086 78/81/1087 77/80/1088
f 357/414/1089 356/413/1090 358/415/1091 359/416/1092
f 357/414/1093 359/416/1094 360/417/1095 82/85/1096
f 360/417/1097 87/90/1098 83/86/1099 82/85/1100
f 360/417/1101 359/416/1102 361/418/1103 362/419/1104
f 360/417/1105 362/419/1106 363/420/1107 87/90/1108
f 363/420/1109 92/95/1110 88/91/1111 87/90/1112
f 363/420/1113 362/419/1114 364/421/1115 365/422/1116
f 363/420/1117 365/422/1118 366/423/1119 92/95/1120
f 366/423/1121 97/102/1122 93/96/1123 92/95/1124
f 366/423/1125 365/422/1126 367/424/1127 368/425/1128
f 366/423/1129 368/425/1130 369/426/1131 97/102/1132
f 369/426/1133 102/427/1134 98/103/1135 97/102/1136
f 369/426/1137 368/425/1138 370/428/1139 371/429/1140
f 369/426/1141 371/429/1142 372/430/1143 102/427/1144
f 372/431/1145 105/111/1146 103/109/1147 102/108/1148
f 372/430/1149 371/429/1150 373/432/1151 374/433/1152
f 372/431/1153 374/434/1154 107/113/1155 105/111/1156
f 374/433/1157 373/432/1158 375/435/1159 376/436/1160
f 374/434/1161 376/437/1162 109/115/1163 107/113/1164
f 376/436/1165 375/435/1166 377/438/1167 378/439/1168
f 376/437/1169 378/440/1170 111/117/1171 109/115/1172
f 378/439/1173 377/438/1174 379/441/1175 380/442/1176
f 378/440/1177 380/443/1178 113/119/1179 111/117/1180
f 380/442/1181 379/441/1182 381/444/1183 382/445/1184
f 380/443/1185 382/446/1186 115/121/1187 113/119/1188
f 382/445/1189 381/444/1190 383/447/1191 384/448/1192
f 382/446/1193 384/449/1194 117/123/1195 115/121/1196
f 384/448/1197 383/447/1198 385/450/1199 386/451/1200
f 384/449/1201 386/452/1202 119/125/1203 117/123/1204
f 386/451/1205 385/450/1206 387/453/1207 388/454/1208
f 386/452/1209 388/455/1210 121/127/1211 119/125/1212
f 388/454/1213 387/453/1214 129/137/1215 127/136/1216
f 388/455/1217 127/133/1218 123/129/1219 121/127/1220
f 387/453/1221 385/450/1222 389/456/1223 390/457/1224
f 387/453/1225 390/457/1226 391/458/1227 129/137/1228
f 391/458/1229 390/457/1230 392/459/1231 393/460/1232
f 391/458/1233 393/460/1234 394/461/1235 132/141/1236
f 391/458/1237 132/141/1238 130/138/1239 129/137/1240
f 394/461/1241 393/460/1242 395/462/1243 396/463/1244
f 394/461/1245 396/463/1246 397/464/1247 398/465/1248
f 394/461/1249 398/465/1250 133/142/1251 132/141/1252
f 398/465/1253 397/464/1254 140/151/1255 138/149/1256
f 398/465/1257 138/149/1258 134/143/1259 133/142/1260
f 397/464/1261 396/463/1262 399/466/1263 400/467/1264
f 397/464/1265 400/467/1266 142/153/1267 140/151/1268
f 400/467/1269 399/466/1270 401/468/1271 402/469/1272
f 400/467/1273 402/469/1274 144/155/1275 142/153/1276
f 402/469/1277 401/468/1278 403/470/1279 404/471/1280
f 402/469/1281 404/471/1282 146/157/1283 144/155/1284
f 404/471/1285 403/470/1286 405/472/1287 406/473/1288
f 404/471/1289 406/473/1290 148/159/1291 146/157/1292
f 406/474/1293 405/475/1294 407/476/1295 408/477/1296
f 406/474/1297 408/477/1298 150/478/1299 148/479/1300
f 408/477/1301 407/476/1302 409/480/1303 410/481/1304
f 408/477/1305 410/481/1306 152/482/1307 150/478/1308
f 410/481/1309 409/480/1310 411/483/1311 412/484/1312
f 410/481/1313 412/484/1314 154/485/1315 152/482/1316
f 412/484/1317 411/483/1318 162/181/1319 160/177/1320
f 412/484/1321 160/177/1322 156/176/1323 154/485/1324
f 411/483/1325 409/480/1326 413/486/1327 414/487/1328
f 411/483/1329 414/487/1330 415/488/1331 162/181/1332
f 415/488/1333 414/487/1334 416/489/1335 417/490/1336
f 415/488/1337 417/490/1338 418/491/1339 165/184/1340
f 415/488/1341 165/184/1342 163/182/1343 162/181/1344
f 418/491/1345 417/490/1346 419/492/1347 420/493/1348
f 418/491/1349 420/493/1350 421/494/1351 422/495/1352
f 418/491/1353 422/495/1354 166/185/1355 165/184/1356
f 422/496/1357 421/497/1358 173/194/1359 171/192/1360
f 422/496/1361 171/192/1362 167/188/1363 166/187/1364
f 421/494/1365 420/493/1366 423/498/1367 424/499/1368
f 421/497/1369 424/500/1370 175/196/1371 173/194/1372
f 424/499/1373 423/498/1374 425/501/1375 426/502/1376
f 424/500/1377 426/503/1378 177/198/1379 175/196/1380
f 426/502/1381 425/501/1382 427/504/1383 428/505/1384
f 426/503/1385 428/506/1386 179/200/1387 177/198/1388
f 428/505/1389 427/504/1390 429/507/1391 430/508/1392
f 428/506/1393 430/509/1394 181/202/1395 179/200/1396
f 430/508/1397 429/507/1398 431/510/1399 432/511/1400
f 430/509/1401 432/512/1402 183/204/1403 181/202/1404
f 432/511/1405 431/510/1406 433/513/1407 434/514/1408
f 432/512/1409 434/515/1410 185/206/1411 183/204/1412
f 434/514/1413 433/513/1414 435/516/1415 436/517/1416
f 434/515/1417 436/518/1418 187/208/1419 185/206/1420
f 436/517/1421 435/516/1422 437/519/1423 438/520/1424
f 436/518/1425 438/521/1426 189/210/1427 187/208/1428
f 438/520/1429 437/519/1430 439/522/1431 440/523/1432
f 438/521/1433 440/524/1434 191/212/1435 189/210/1436
f 440/523/1437 439/522/1438 441/525/1439 442/526/1440
f 440/524/1441 442/527/1442 193/214/1443 191/212/1444
f 442/526/1445 441/525/1446 443/528/1447 444/529/1448
f 442/527/1449 444/530/1450 195/216/1451 193/214/1452
f 444/529/1453 443/528/1454 445/531/1455 446/532/1456
f 444/530/1457 446/533/1458 197/218/1459 195/216/1460
f 446/532/1461 445/531/1462 447/534/1463 448/535/1464
f 446/533/1465 448/536/1466 199/220/1467 197/218/1468
f 448/535/1469 447/534/1470 449/537/1471 450/538/1472
f 448/536/1473 450/539/1474 201/222/1475 199/220/1476
f 450/538/1477 449/537/1478 451/540/1479 452/541/1480
f 450/539/1481 452/542/1482 203/224/1483 201/222/1484
f 452/541/1485 451/540/1486 453/543/1487 454/544/1488
f 452/542/1489 454/545/1490 205/226/1491 203/224/1492
f 454/544/1493 453/543/1494 455/546/1495 456/547/1496
f 454/545/1497 456/548/1498 207/228/1499 205/226/1500
f 456/547/1501 455/546/1502 337/391/1503 457/549/1504
f 456/548/1505 457/550/1506 209/230/1507 207/228/1508
f 457/549/1509 337/391/1510 335/389/1511 334/388/1512
f 457/550/1513 334/551/1514 211/232/1515 209/230/1516
f 455/546/1517 340/394/1518 338/392/1519 337/391/1520
f 455/546/1521 453/543/1522 458/552/1523 340/394/1524
f 458/552/1525 343/397/1526 341/395/1527 340/394/1528
f 458/552/1529 453/543/1530 451/540/1531 459/553/1532
f 458/552/1533 459/553/1534 460/554/1535 343/397/1536
f 460/554/1537 346/401/1538 344/398/1539 343/397/1540
f 460/554/1541 459/553/1542 461/555/1543 462/556/1544
f 460/554/1545 462/556/1546 463/557/1547 346/401/1548
f 463/557/1549 349/405/1550 347/402/1551 346/401/1552
f 463/557/1553 462/556/1554 464/558/1555 465/559/1556
f 463/557/1557 465/559/1558 466/560/1559 349/405/1560
f 466/560/1561 352/561/1562 350/406/1563 349/405/1564
f 466/560/1565 465/559/1566 467/562/1567 468/563/1568
f 466/560/1569 468/563/1570 469/564/1571 352/561/1572
f 469/565/1573 355/412/1574 353/410/1575 352/409/1576
f 469/564/1577 468/563/1578 470/566/1579 471/567/1580
f 469/565/1581 471/568/1582 472/569/1583 355/412/1584
f 472/569/1585 358/415/1586 356/413/1587 355/412/1588
f 472/569/1589 471/568/1590 473/570/1591 474/571/1592
f 472/569/1593 474/571/1594 475/572/1595 358/415/1596
f 475/572/1597 361/418/1598 359/416/1599 358/415/1600
f 475/572/1601 474/571/1602 476/573/1603 477/574/1604
f 475/572/1605 477/574/1606 478/575/1607 361/418/1608
f 478/575/1609 364/421/1610 362/419/1611 361/418/1612
f 478/575/1613 477/574/1614 479/576/1615 480/577/1616
f 478/575/1617 480/577/1618 481/578/1619 364/421/1620
f 481/578/1621 367/424/1622 365/422/1623 364/421/1624
f 481/578/1625 480/577/1626 482/579/1627 483/580/1628
f 481/578/1629 483/580/1630 484/581/1631 367/424/1632
f 484/581/1633 370/428/1634 368/425/1635 367/424/1636
f 484/581/1637 483/580/1638 485/582/1639 486/583/1640
f 484/581/1641 486/583/1642 487/584/1643 370/428/1644
f 487/584/1645 373/432/1646 371/429/1647 370/428/1648
f 487/584/1649 486/583/1650 488/585/1651 489/586/1652
f 487/584/1653 489/586/1654 375/435/1655 373/432/1656
f 489/586/1657 488/585/1658 490/587/1659 491/588/1660
f 489/586/1661 491/588/1662 377/438/1663 375/435/1664
f 491/588/1665 490/587/1666 492/589/1667 493/590/1668
f 491/588/1669 493/590/1670 379/441/1671 377/438/1672
f 493/590/1673 492/589/1674 494/591/1675 495/592/1676
f 493/590/1677 495/592/1678 381/444/1679 379/441/1680
f 495/592/1681 494/591/1682 496/593/1683 497/594/1684
f 495/592/1685 497/594/1686 383/447/1687 381/444/1688
f 497/594/1689 496/593/1690 498/595/1691 389/456/1692
f 497/594/1693 389/456/1694 385/450/1695 383/447/1696
f 498/595/1697 496/593/1698 499/596/1699 500/597/1700
f 498/595/1701 500/597/1702 501/598/1703 392/459/1704
f 498/595/1705 392/459/1706 390/457/1707 389/456/1708
f 501/598/1709 500/597/1710 502/599/1711 503/600/1712
f 501/598/1713 503/600/1714 504/601/1715 395/462/1716
f 501/598/1717 395/462/1718 393/460/1719 392/459/1720
f 504/601/1721 503/600/1722 505/602/1723 506/603/1724
f 504/601/1725 506/603/1726 401/468/1727 399/466/1728
f 504/601/1729 399/466/1730 396/463/1731 395/462/1732
f 506/603/1733 505/602/1734 507/604/1735 508/605/1736
f 506/603/1737 508/605/1738 403/470/1739 401/468/1740
f 508/605/1741 507/604/1742 509/606/1743 510/607/1744
f 508/605/1745 510/607/1746 405/472/1747 403/470/1748
f 510/608/1749 509/609/1750 511/610/1751 512/611/1752
f 510/608/1753 512/611/1754 407/476/1755 405/475/1756
f 512/611/1757 511/610/1758 513/612/1759 413/486/1760
f 512/611/1761 413/486/1762 409/480/1763 407/476/1764
f 513/612/1765 511/610/1766 514/613/1767 515/614/1768
f 513/612/1769 515/614/1770 516/615/1771 416/489/1772
f 513/612/1773 416/489/1774 414/487/1775 413/486/1776
f 516/615/1777 515/614/1778 517/616/1779 518/617/1780
f 516/615/1781 518/617/1782 519/618/1783 419/492/1784
f 516/615/1785 419/492/1786 417/490/1787 416/489/1788
f 519/618/1789 518/617/1790 520/619/1791 521/620/1792
f 519/618/1793 521/620/1794 425/501/1795 423/498/1796
f 519/618/1797 423/498/1798 420/493/1799 419/492/1800
f 521/620/1801 520/619/1802 522/621/1803 523/622/1804
f 521/620/1805 523/622/1806 427/504/1807 425/501/1808
f 523/622/1809 522/621/1810 524/623/1811 525/624/1812
f 523/622/1813 525/624/1814 429/507/1815 427/504/1816
f 525/624/1817 524/623/1818 526/625/1819 527/626/1820
f 525/624/1821 527/626/1822 431/510/1823 429/507/1824
f 527/626/1825 526/625/1826 528/627/1827 529/628/1828
f 527/626/1829 529/628/1830 433/513/1831 431/510/1832
f 529/628/1833 528/627/1834 530/629/1835 531/630/1836
f 529/628/1837 531/630/1838 435/516/1839 433/513/1840
f 531/630/1841 530/629/1842 532/631/1843 533/632/1844
f 531/630/1845 533/632/1846 437/519/1847 435/516/1848
f 533/632/1849 532/631/1850 534/633/1851 535/634/1852
f 533/632/1853 535/634/1854 439/522/1855 437/519/1856
f 535/634/1857 534/633/1858 536/635/1859 537/636/1860
f 535/634/1861 537/636/1862 441/525/1863 439/522/1864
f 537/636/1865 536/635/1866 538/637/1867 539/638/1868
f 537/636/1869 539/638/1870 443/528/1871 441/525/1872
f 539/638/1873 538/637/1874 540/639/1875 541/640/1876
f 539/638/1877 541/640/1878 445/531/1879 443/528/1880
f 541/640/1881 540/639/1882 464/558/1883 542/641/1884
f 541/640/1885 542/641/1886 447/534/1887 445/531/1888
f 542/641/1889 464/558/1890 462/556/1891 461/555/1892
f 542/641/1893 461/555/1894 449/537/1895 447/534/1896
f 540/639/1897 467/562/1898 465/559/1899 464/558/1900
f 540/639/1901 538/637/1902 543/642/1903 467/562/1904
f 543/642/1905 470/566/1906 468/563/1907 467/562/1908
f 543/642/1909 538/637/1910 536/635/1911 544/643/1912
f 543/642/1913 544/643/1914 545/644/1915 470/566/1916
f 545/644/1917 473/645/1918 471/567/1919 470/566/1920
f 545/644/1921 544/643/1922 546/646/1923 547/647/1924
f 545/644/1925 547/647/1926 548/648/1927 473/645/1928
f 548/649/1929 476/573/1930 474/571/1931 473/570/1932
f 548/648/1933 547/647/1934 549/650/1935 550/651/1936
f 548/649/1937 550/652/1938 551/653/1939 476/573/1940
f 551/653/1941 479/576/1942 477/574/1943 476/573/1944
f 551/653/1945 550/652/1946 552/654/1947 553/655/1948
f 551/653/1949 553/655/1950 554/656/1951 479/576/1952
f 554/656/1953 482/579/1954 480/577/1955 479/576/1956
f 554/656/1957 553/655/1958 555/657/1959 556/658/1960
f 554/656/1961 556/658/1962 557/659/1963 482/579/1964
f 557/659/1965 485/582/1966 483/580/1967 482/579/1968
f 557/659/1969 556/658/1970 558/660/1971 559/661/1972
f 557/659/1973 559/661/1974 560/662/1975 485/582/1976
f 560/662/1977 488/585/1978 486/583/1979 485/582/1980
f 560/662/1981 559/661/1982 561/663/1983 562/664/1984
f 560/662/1985 562/664/1986 490/587/1987 488/585/1988
f 562/664/1989 561/663/1990 563/665/1991 564/666/1992
f 562/664/1993 564/666/1994 492/589/1995 490/587/1996
f 564/666/1997 563/665/1998 565/667/1999 566/668/2000
f 564/666/2001 566/668/2002 494/591/2003 492/589/2004
f 566/668/2005 565/667/2006 567/669/2007 499/596/2008
f 566/668/2009 499/596/2010 496/593/2011 494/591/2012
f 567/669/2013 565/667/2014 568/670/2015 569/671/2016
f 567/669/2017 569/671/2018 570/672/2019 502/599/2020
f 567/669/2021 502/599/2022 500/597/2023 499/596/2024
f 570/672/2025 569/671/2026 571/673/2027 572/674/2028
f 570/672/2029 572/674/2030 507/604/2031 505/602/2032
f 570/672/2033 505/602/2034 503/600/2035 502/599/2036
f 572/674/2037 571/673/2038 573/675/2039 574/676/2040
f 572/674/2041 574/676/2042 509/606/2043 507/604/2044
f 574/677/2045 573/678/2046 575/679/2047 514/613/2048
f 574/677/2049 514/613/2050 511/610/2051 509/609/2052
f 575/679/2053 573/678/2054 576/680/2055 577/681/2056
f 575/679/2057 577/681/2058 578/682/2059 517/616/2060
f 575/679/2061 517/616/2062 515/614/2063 514/613/2064
f 578/682/2065 577/681/2066 579/683/2067 580/684/2068
f 578/682/2069 580/684/2070 522/621/2071 520/619/2072
f 578/682/2073 520/619/2074 518/617/2075 517/616/2076
f 580/684/2077 579/683/2078 581/685/2079 582/686/2080
f 580/684/2081 582/686/2082 524/623/2083 522/621/2084
f 582/686/2085 581/685/2086 583/687/2087 584/688/2088
f 582/686/2089 584/688/2090 526/625/2091 524/623/2092
f 584/688/2093 583/687/2094 585/689/2095 586/690/2096
f 584/688/2097 586/690/2098 528/627/2099 526/625/2100
f 586/690/2101 585/689/2102 587/691/2103 588/692/2104
f 586/690/2105 588/692/2106 530/629/2107 528/627/2108
f 588/692/2109 587/691/2110 549/650/2111 589/693/2112
f 588/692/2113 589/693/2114 532/631/2115 530/629/2116
f 589/693/2117 549/650/2118 547/647/2119 546/646/2120
f 589/693/2121 546/646/2122 534/633/2123 532/631/2124
f 587/691/2125 552/694/2126 550/651/2127 549/650/2128
f 587/691/2129 585/689/2130 590/695/2131 552/694/2132
f 590/696/2133 555/657/2134 553/655/2135 552/654/2136
f 590/695/2137 585/689/2138 583/687/2139 591/697/2140
f 590/696/2141 591/698/2142 592/699/2143 555/657/2144
f 592/699/2145 558/660/2146 556/658/2147 555/657/2148
f 592/699/2149 591/698/2150 593/700/2151 594/701/2152
f 592/699/2153 594/701/2154 595/702/2155 558/660/2156
f 595/702/2157 561/663/2158 559/661/2159 558/660/2160
f 595/702/2161 594/701/2162 596/703/2163 597/704/2164
f 595/702/2165 597/704/2166 563/665/2167 561/663/2168
f 597/704/2169 596/703/2170 598/705/2171 568/670/2172
f 597/704/2173 568/670/2174 565/667/2175 563/665/2176
f 598/705/2177 596/703/2178 599/706/2179 576/707/2180
f 598/705/2181 576/707/2182 573/675/2183 571/673/2184
f 598/705/2185 571/673/2186 569/671/2187 568/670/2188
f 599/706/2189 596/703/2190 594/701/2191 593/700/2192
f 599/708/2193 593/709/2194 581/685/2195 579/683/2196
f 599/708/2197 579/683/2198 577/681/2199 576/680/2200
f 593/709/2201 591/697/2202 583/687/2203 581/685/2204
f 546/646/2205 544/643/2206 536/635/2207 534/633/2208
f 461/555/2209 459/553/2210 451/540/2211 449/537/2212
f 334/551/2213 332/385/2214 213/234/2215 211/232/2216
f 294/710/2217 292/319/2218 24/23/2219 4/22/2220
f 294/710/2221 4/22/2222 28/27/2223 300/711/2224
f 600/712/2225 607/713/2226 606/714/2227 605/715/2228
f 600/712/2229 609/716/2230 608/717/2231 607/713/2232
f 600/712/2233 605/715/2234 610/718/2235 609/716/2236
f 601/719/2237 613/720/2238 612/721/2239 611/722/2240
f 601/719/2241 16/13/2242 15/12/2243 613/720/2244
f 601/719/2245 611/722/2246 17/14/2247 16/13/2248
f 602/723/2249 614/724/2250 19/17/2251 18/16/2252
f 602/723/2253 18/16/2254 22/20/2255 615/725/2256
f 602/723/2257 615/725/2258 616/726/2259 614/724/2260
f 603/727/2261 619/728/2262 618/729/2263 617/730/2264
f 603/727/2265 621/731/2266 620/732/2267 619/728/2268
f 604/733/2269 624/734/2270 623/735/2271 622/736/2272
f 604/733/2273 622/736/2274 626/737/2275 625/738/2276
f 604/733/2277 625/738/2278 627/739/2279 624/734/2280
f 627/739/2281 625/738/2282 629/740/2283 628/741/2284
f 627/739/2285 631/742/2286 630/743/2287 624/734/2288
f 627/739/2289 628/741/2290 632/744/2291 631/742/2292
f 632/744/2293 628/741/2294 634/745/2295 633/746/2296
f 632/744/2297 636/747/2298 635/748/2299 631/742/2300
f 632/744/2301 633/746/2302 637/749/2303 636/747/2304
f 637/749/2305 633/746/2306 639/750/2307 638/751/2308
f 637/749/2309 641/752/2310 640/753/2311 636/747/2312
f 637/749/2313 638/751/2314 642/754/2315 641/752/2316
f 642/754/2317 638/751/2318 644/755/2319 643/756/2320
f 642/754/2321 646/757/2322 645/758/2323 641/752/2324
f 642/754/2325 643/756/2326 647/759/2327 646/757/2328
f 647/760/2329 643/761/2330 649/762/2331 648/763/2332
f 647/759/2333 651/764/2334 650/765/2335 646/757/2336
f 647/760/2337 648/763/2338 652/766/2339 651/767/2340
f 652/766/2341 648/763/2342 654/768/2343 653/769/2344
f 652/766/2345 656/770/2346 655/771/2347 651/767/2348
f 652/766/2349 653/769/2350 657/772/2351 656/770/2352
f 657/772/2353 653/769/2354 659/773/2355 658/774/2356
f 657/772/2357 661/775/2358 660/776/2359 656/770/2360
f 657/772/2361 658/774/2362 662/777/2363 661/775/2364
f 662/777/2365 658/774/2366 664/778/2367 663/779/2368
f 662/777/2369 666/780/2370 665/781/2371 661/775/2372
f 662/777/2373 663/779/2374 667/782/2375 666/780/2376
f 667/782/2377 663/779/2378 669/783/2379 668/784/2380
f 667/782/2381 671/785/2382 670/786/2383 666/780/2384
f 667/782/2385 668/784/2386 672/787/2387 671/785/2388
f 672/787/2389 668/784/2390 674/788/2391 673/789/2392
f 672/787/2393 676/790/2394 675/791/2395 671/785/2396
f 672/787/2397 673/789/2398 677/792/2399 676/790/2400
f 677/792/2401 673/789/2402 679/793/2403 678/794/2404
f 677/792/2405 681/795/2406 680/796/2407 676/790/2408
f 677/792/2409 678/794/2410 682/797/2411 681/795/2412
f 682/797/2413 678/794/2414 684/798/2415 683/799/2416
f 682/797/2417 686/800/2418 685/801/2419 681/795/2420
f 682/797/2421 683/799/2422 687/802/2423 686/800/2424
f 687/803/2425 683/804/2426 689/805/2427 688/806/2428
f 687/802/2429 691/807/2430 690/808/2431 686/800/2432
f 687/803/2433 688/806/2434 692/809/2435 691/810/2436
f 692/809/2437 688/806/2438 101/107/2439 100/106/2440
f 692/809/2441 694/811/2442 693/812/2443 691/810/2444
f 692/809/2445 100/106/2446 104/110/2447 694/811/2448
f 104/110/2449 106/112/2450 695/813/2451 694/811/2452
f 106/112/2453 108/114/2454 696/814/2455 695/813/2456
f 108/114/2457 110/116/2458 697/815/2459 696/814/2460
f 110/116/2461 112/118/2462 698/816/2463 697/815/2464
f 112/118/2465 114/120/2466 699/817/2467 698/816/2468
f 114/120/2469 116/122/2470 700/818/2471 699/817/2472
f 116/122/2473 118/124/2474 701/819/2475 700/818/2476
f 118/124/2477 120/126/2478 702/820/2479 701/819/2480
f 120/126/2481 122/128/2482 703/821/2483 702/820/2484
f 122/128/2485 124/130/2486 704/822/2487 703/821/2488
f 124/130/2489 126/132/2490 705/823/2491 704/822/2492
f 126/132/2493 17/14/2494 611/722/2495 705/823/2496
f 705/823/2497 707/824/2498 706/825/2499 704/822/2500
f 705/823/2501 611/722/2502 612/721/2503 707/824/2504
f 707/826/2505 709/827/2506 708/828/2507 706/829/2508
f 707/826/2509 612/830/2510 710/831/2511 709/827/2512
f 710/831/2513 712/832/2514 711/833/2515 709/827/2516
f 710/831/2517 714/834/2518 713/835/2519 712/832/2520
f 710/831/2521 612/830/2522 613/836/2523 714/834/2524
f 714/834/2525 137/837/2526 136/838/2527 713/835/2528
f 714/834/2529 613/836/2530 15/839/2531 137/837/2532
f 136/838/2533 139/840/2534 715/841/2535 713/835/2536
f 139/840/2537 141/842/2538 716/843/2539 715/841/2540
f 141/842/2541 143/844/2542 717/845/2543 716/843/2544
f 143/844/2545 145/846/2546 718/847/2547 717/845/2548
f 145/846/2549 147/848/2550 719/849/2551 718/847/2552
f 147/848/2553 149/850/2554 720/851/2555 719/849/2556
f 149/161/2557 151/164/2558 721/852/2559 720/853/2560
f 151/164/2561 153/166/2562 722/854/2563 721/852/2564
f 153/166/2565 155/168/2566 723/855/2567 722/854/2568
f 155/168/2569 157/170/2570 724/856/2571 723/855/2572
f 157/170/2573 159/172/2574 725/857/2575 724/856/2576
f 159/172/2577 19/174/2578 614/858/2579 725/857/2580
f 725/857/2581 727/859/2582 726/860/2583 724/856/2584
f 725/857/2585 614/858/2586 616/861/2587 727/859/2588
f 727/859/2589 729/862/2590 728/863/2591 726/860/2592
f 727/859/2593 616/861/2594 730/864/2595 729/862/2596
f 730/864/2597 732/865/2598 731/866/2599 729/862/2600
f 730/867/2601 734/868/2602 733/869/2603 732/870/2604
f 730/867/2605 616/726/2606 615/725/2607 734/868/2608
f 734/868/2609 170/191/2610 169/190/2611 733/869/2612
f 734/868/2613 615/725/2614 22/20/2615 170/191/2616
f 169/190/2617 172/193/2618 735/871/2619 733/869/2620
f 172/193/2621 174/195/2622 736/872/2623 735/871/2624
f 174/195/2625 176/197/2626 737/873/2627 736/872/2628
f 176/197/2629 178/199/2630 738/874/2631 737/873/2632
f 178/199/2633 180/201/2634 739/875/2635 738/874/2636
f 180/201/2637 182/203/2638 740/876/2639 739/875/2640
f 182/203/2641 184/205/2642 741/877/2643 740/876/2644
f 184/205/2645 186/207/2646 742/878/2647 741/877/2648
f 186/207/2649 188/209/2650 743/879/2651 742/878/2652
f 188/209/2653 190/211/2654 744/880/2655 743/879/2656
f 190/211/2657 192/213/2658 745/881/2659 744/880/2660
f 192/213/2661 194/215/2662 746/882/2663 745/881/2664
f 194/215/2665 196/217/2666 747/883/2667 746/882/2668
f 196/217/2669 198/219/2670 748/884/2671 747/883/2672
f 198/219/2673 200/221/2674 749/885/2675 748/884/2676
f 200/221/2677 202/223/2678 750/886/2679 749/885/2680
f 202/223/2681 204/225/2682 751/887/2683 750/886/2684
f 204/225/2685 206/227/2686 752/888/2687 751/887/2688
f 206/227/2689 208/229/2690 753/889/2691 752/888/2692
f 208/229/2693 210/231/2694 754/890/2695 753/889/2696
f 210/231/2697 212/233/2698 755/891/2699 754/890/2700
f 212/233/2701 214/235/2702 756/892/2703 755/891/2704
f 214/235/2705 216/237/2706 757/893/2707 756/892/2708
f 216/237/2709 218/239/2710 758/894/2711 757/893/2712
f 218/239/2713 220/241/2714 759/895/2715 758/894/2716
f 220/241/2717 222/243/2718 760/896/2719 759/895/2720
f 222/243/2721 224/245/2722 761/897/2723 760/896/2724
f 224/245/2725 226/247/2726 762/898/2727 761/897/2728
f 226/247/2729 228/249/2730 763/899/2731 762/898/2732
f 228/249/2733 230/251/2734 764/900/2735 763/899/2736
f 230/252/2737 232/255/2738 765/901/2739 764/902/2740
f 232/255/2741 234/257/2742 766/903/2743 765/901/2744
f 234/257/2745 236/259/2746 767/904/2747 766/903/2748
f 236/259/2749 238/261/2750 768/905/2751 767/904/2752
f 238/261/2753 240/263/2754 769/906/2755 768/905/2756
f 240/263/2757 242/265/2758 770/907/2759 769/906/2760
f 242/265/2761 244/267/2762 771/908/2763 770/907/2764
f 244/267/2765 246/269/2766 772/909/2767 771/908/2768
f 246/269/2769 248/271/2770 773/910/2771 772/909/2772
f 248/271/2773 250/273/2774 774/911/2775 773/910/2776
f 250/273/2777 252/275/2778 775/912/2779 774/911/2780
f 252/275/2781 254/277/2782 776/913/2783 775/912/2784
f 254/277/2785 256/279/2786 777/914/2787 776/913/2788
f 256/279/2789 258/281/2790 778/915/2791 777/914/2792
f 258/281/2793 260/283/2794 779/916/2795 778/915/2796
f 260/283/2797 262/285/2798 780/917/2799 779/916/2800
f 262/285/2801 264/287/2802 781/918/2803 780/917/2804
f 264/287/2805 266/289/2806 782/919/2807 781/918/2808
f 266/289/2809 267/290/2810 689/805/2811 782/919/2812
f 267/290/2813 101/107/2814 688/806/2815 689/805/2816
f 782/919/2817 684/920/2818 783/921/2819 781/918/2820
f 782/919/2821 689/805/2822 683/804/2823 684/920/2824
f 783/921/2825 784/922/2826 780/917/2827 781/918/2828
f 783/923/2829 679/793/2830 785/924/2831 784/925/2832
f 783/923/2833 684/798/2834 678/794/2835 679/793/2836
f 785/924/2837 787/926/2838 786/927/2839 784/925/2840
f 785/924/2841 674/788/2842 788/928/2843 787/926/2844
f 785/924/2845 679/793/2846 673/789/2847 674/788/2848
f 788/928/2849 790/929/2850 789/930/2851 787/926/2852
f 788/928/2853 669/783/2854 791/931/2855 790/929/2856
f 788/928/2857 674/788/2858 668/784/2859 669/783/2860
f 791/931/2861 793/932/2862 792/933/2863 790/929/2864
f 791/931/2865 664/778/2866 794/934/2867 793/932/2868
f 791/931/2869 669/783/2870 663/779/2871 664/778/2872
f 794/934/2873 796/935/2874 795/936/2875 793/932/2876
f 794/934/2877 659/773/2878 797/937/2879 796/935/2880
f 794/934/2881 664/778/2882 658/774/2883 659/773/2884
f 797/937/2885 799/938/2886 798/939/2887 796/935/2888
f 797/937/2889 654/768/2890 800/940/2891 799/938/2892
f 797/937/2893 659/773/2894 653/769/2895 654/768/2896
f 800/940/2897 802/941/2898 801/942/2899 799/938/2900
f 800/940/2901 649/762/2902 803/943/2903 802/941/2904
f 800/940/2905 654/768/2906 648/763/2907 649/762/2908
f 803/943/2909 805/944/2910 804/945/2911 802/941/2912
f 803/943/2913 644/946/2914 806/947/2915 805/944/2916
f 803/943/2917 649/762/2918 643/761/2919 644/946/2920
f 806/947/2921 807/948/2922 617/730/2923 805/944/2924
f 806/949/2925 639/750/2926 808/950/2927 807/951/2928
f 806/949/2929 644/755/2930 638/751/2931 639/750/2932
f 808/950/2933 810/952/2934 809/953/2935 807/951/2936
f 808/950/2937 634/745/2938 811/954/2939 810/952/2940
f 808/950/2941 639/750/2942 633/746/2943 634/745/2944
f 811/954/2945 813/955/2946 812/956/2947 810/952/2948
f 811/954/2949 629/740/2950 814/957/2951 813/955/2952
f 811/954/2953 634/745/2954 628/741/2955 629/740/2956
f 814/958/2957 761/897/2958 762/898/2959 813/959/2960
f 814/958/2961 626/960/2962 760/896/2963 761/897/2964
f 814/957/2965 629/740/2966 625/738/2967 626/737/2968
f 813/959/2969 762/898/2970 763/899/2971 812/961/2972
f 812/961/2973 763/899/2974 764/900/2975 815/962/2976
f 812/956/2977 815/963/2978 809/953/2979 810/952/2980
f 805/944/2981 617/730/2982 618/729/2983 804/945/2984
f 804/945/2985 618/729/2986 817/964/2987 816/965/2988
f 804/945/2989 816/965/2990 801/942/2991 802/941/2992
f 817/964/2993 820/966/2994 819/967/2995 818/968/2996
f 817/964/2997 618/729/2998 619/728/2999 820/966/3000
f 817/964/3001 818/968/3002 821/969/3003 816/965/3004
f 821/969/3005 818/968/3006 823/970/3007 822/971/3008
f 821/969/3009 824/972/3010 801/942/3011 816/965/3012
f 821/969/3013 822/971/3014 825/973/3015 824/972/3016
f 825/973/3017 822/971/3018 827/974/3019 826/975/3020
f 825/973/3021 828/976/3022 798/939/3023 824/972/3024
f 825/973/3025 826/975/3026 829/977/3027 828/976/3028
f 829/977/3029 826/975/3030 831/978/3031 830/979/3032
f 829/977/3033 832/980/3034 795/936/3035 828/976/3036
f 829/977/3037 830/979/3038 833/981/3039 832/980/3040
f 833/981/3041 830/979/3042 835/982/3043 834/983/3044
f 833/981/3045 836/984/3046 792/933/3047 832/980/3048
f 833/981/3049 834/983/3050 837/985/3051 836/984/3052
f 837/986/3053 834/987/3054 776/913/3055 777/914/3056
f 837/985/3057 838/988/3058 789/930/3059 836/984/3060
f 837/986/3061 777/914/3062 778/915/3063 838/989/3064
f 838/988/3065 786/927/3066 787/926/3067 789/930/3068
f 838/989/3069 778/915/3070 779/916/3071 786/990/3072
f 836/984/3073 789/930/3074 790/929/3075 792/933/3076
f 835/991/3077 839/992/3078 774/911/3079 775/912/3080
f 835/982/3081 830/979/3082 831/978/3083 839/993/3084
f 835/991/3085 775/912/3086 776/913/3087 834/987/3088
f 839/992/3089 840/994/3090 773/910/3091 774/911/3092
f 839/993/3093 831/978/3094 841/995/3095 840/996/3096
f 841/995/3097 607/713/3098 608/717/3099 840/996/3100
f 841/995/3101 827/974/3102 606/714/3103 607/713/3104
f 841/995/3105 831/978/3106 826/975/3107 827/974/3108
f 840/994/3109 608/997/3110 772/909/3111 773/910/3112
f 832/980/3113 792/933/3114 793/932/3115 795/936/3116
f 828/976/3117 795/936/3118 796/935/3119 798/939/3120
f 827/974/3121 822/971/3122 823/970/3123 606/714/3124
f 824/972/3125 798/939/3126 799/938/3127 801/942/3128
f 823/970/3129 842/998/3130 605/715/3131 606/714/3132
f 823/970/3133 818/968/3134 819/967/3135 842/998/3136
f 842/998/3137 843/999/3138 610/718/3139 605/715/3140
f 842/998/3141 819/967/3142 844/1000/3143 843/999/3144
f 844/1001/3145 768/905/3146 769/906/3147 843/1002/3148
f 844/1001/3149 845/1003/3150 767/904/3151 768/905/3152
f 844/1000/3153 819/967/3154 820/966/3155 845/1004/3156
f 845/1003/3157 620/1005/3158 766/903/3159 767/904/3160
f 845/1004/3161 820/966/3162 619/728/3163 620/732/3164
f 843/1002/3165 769/906/3166 770/907/3167 610/1006/3168
f 786/990/3169 779/916/3170 780/917/3171 784/922/3172
f 772/909/3173 608/997/3174 609/1007/3175 771/908/3176
f 771/908/3177 609/1007/3178 610/1006/3179 770/907/3180
f 766/903/3181 620/1005/3182 621/1008/3183 765/901/3184
f 765/901/3185 621/1008/3186 815/1009/3187 764/902/3188
f 760/896/3189 626/960/3190 622/1010/3191 759/895/3192
f 759/895/3193 622/1010/3194 623/1011/3195 758/894/3196
f 758/894/3197 623/1011/3198 846/1012/3199 757/893/3200
f 846/1013/3201 623/735/3202 624/734/3203 630/743/3204
f 846/1012/3205 847/1014/3206 756/892/3207 757/893/3208
f 846/1013/3209 630/743/3210 848/1015/3211 847/1016/3212
f 848/1015/3213 630/743/3214 631/742/3215 635/748/3216
f 848/1015/3217 850/1017/3218 849/1018/3219 847/1016/3220
f 848/1015/3221 635/748/3222 851/1019/3223 850/1017/3224
f 851/1019/3225 635/748/3226 636/747/3227 640/753/3228
f 851/1019/3229 853/1020/3230 852/1021/3231 850/1017/3232
f 851/1019/3233 640/753/3234 854/1022/3235 853/1020/3236
f 854/1022/3237 640/753/3238 641/752/3239 645/758/3240
f 854/1022/3241 856/1023/3242 855/1024/3243 853/1020/3244
f 854/1022/3245 645/758/3246 857/1025/3247 856/1023/3248
f 857/1025/3249 645/758/3250 646/757/3251 650/765/3252
f 857/1025/3253 859/1026/3254 858/1027/3255 856/1023/3256
f 857/1025/3257 650/765/3258 860/1028/3259 859/1026/3260
f 860/1028/3261 650/765/3262 651/764/3263 655/1029/3264
f 860/1028/3265 862/1030/3266 861/1031/3267 859/1026/3268
f 860/1028/3269 655/1029/3270 863/1032/3271 862/1030/3272
f 863/1033/3273 655/771/3274 656/770/3275 660/776/3276
f 863/1032/3277 865/1034/3278 864/1035/3279 862/1030/3280
f 863/1033/3281 660/776/3282 866/1036/3283 865/1037/3284
f 866/1036/3285 660/776/3286 661/775/3287 665/781/3288
f 866/1036/3289 868/1038/3290 867/1039/3291 865/1037/3292
f 866/1036/3293 665/781/3294 869/1040/3295 868/1038/3296
f 869/1040/3297 665/781/3298 666/780/3299 670/786/3300
f 869/1040/3301 871/1041/3302 870/1042/3303 868/1038/3304
f 869/1040/3305 670/786/3306 872/1043/3307 871/1041/3308
f 872/1043/3309 670/786/3310 671/785/3311 675/791/3312
f 872/1043/3313 874/1044/3314 873/1045/3315 871/1041/3316
f 872/1043/3317 675/791/3318 875/1046/3319 874/1044/3320
f 875/1046/3321 675/791/3322 676/790/3323 680/796/3324
f 875/1046/3325 877/1047/3326 876/1048/3327 874/1044/3328
f 875/1046/3329 680/796/3330 878/1049/3331 877/1047/3332
f 878/1049/3333 680/796/3334 681/795/3335 685/801/3336
f 878/1049/3337 880/1050/3338 879/1051/3339 877/1047/3340
f 878/1049/3341 685/801/3342 881/1052/3343 880/1050/3344
f 881/1052/3345 685/801/3346 686/800/3347 690/808/3348
f 881/1052/3349 883/1053/3350 882/1054/3351 880/1050/3352
f 881/1052/3353 690/808/3354 884/1055/3355 883/1053/3356
f 884/1055/3357 690/808/3358 691/807/3359 693/1056/3360
f 884/1055/3361 886/1057/3362 885/1058/3363 883/1053/3364
f 884/1055/3365 693/1056/3366 887/1059/3367 886/1057/3368
f 887/1060/3369 693/812/3370 694/811/3371 695/813/3372
f 887/1059/3373 889/1061/3374 888/1062/3375 886/1057/3376
f 887/1060/3377 695/813/3378 696/814/3379 889/1063/3380
f 889/1061/3381 891/1064/3382 890/1065/3383 888/1062/3384
f 889/1063/3385 696/814/3386 697/815/3387 891/1066/3388
f 891/1064/3389 893/1067/3390 892/1068/3391 890/1065/3392
f 891/1066/3393 697/815/3394 698/816/3395 893/1069/3396
f 893/1067/3397 895/1070/3398 894/1071/3399 892/1068/3400
f 893/1069/3401 698/816/3402 699/817/3403 895/1072/3404
f 895/1070/3405 897/1073/3406 896/1074/3407 894/1071/3408
f 895/1072/3409 699/817/3410 700/818/3411 897/1075/3412
f 897/1073/3413 899/1076/3414 898/1077/3415 896/1074/3416
f 897/1075/3417 700/818/3418 701/819/3419 899/1078/3420
f 899/1076/3421 901/1079/3422 900/1080/3423 898/1077/3424
f 899/1078/3425 701/819/3426 702/820/3427 901/1081/3428
f 901/1079/3429 903/1082/3430 902/1083/3431 900/1080/3432
f 901/1081/3433 702/820/3434 703/821/3435 903/1084/3436
f 903/1082/3437 706/829/3438 708/828/3439 902/1083/3440
f 903/1084/3441 703/821/3442 704/822/3443 706/825/3444
f 902/1083/3445 905/1085/3446 904/1086/3447 900/1080/3448
f 902/1083/3449 708/828/3450 906/1087/3451 905/1085/3452
f 906/1087/3453 908/1088/3454 907/1089/3455 905/1085/3456
f 906/1087/3457 711/833/3458 909/1090/3459 908/1088/3460
f 906/1087/3461 708/828/3462 709/827/3463 711/833/3464
f 909/1090/3465 911/1091/3466 910/1092/3467 908/1088/3468
f 909/1090/3469 913/1093/3470 912/1094/3471 911/1091/3472
f 909/1090/3473 711/833/3474 712/832/3475 913/1093/3476
f 913/1093/3477 715/841/3478 716/843/3479 912/1094/3480
f 913/1093/3481 712/832/3482 713/835/3483 715/841/3484
f 912/1094/3485 915/1095/3486 914/1096/3487 911/1091/3488
f 912/1094/3489 716/843/3490 717/845/3491 915/1095/3492
f 915/1095/3493 917/1097/3494 916/1098/3495 914/1096/3496
f 915/1095/3497 717/845/3498 718/847/3499 917/1097/3500
f 917/1097/3501 919/1099/3502 918/1100/3503 916/1098/3504
f 917/1097/3505 718/847/3506 719/849/3507 919/1099/3508
f 919/1099/3509 921/1101/3510 920/1102/3511 918/1100/3512
f 919/1099/3513 719/849/3514 720/851/3515 921/1101/3516
f 921/1103/3517 923/1104/3518 922/1105/3519 920/1106/3520
f 921/1103/3521 720/853/3522 721/852/3523 923/1104/3524
f 923/1104/3525 925/1107/3526 924/1108/3527 922/1105/3528
f 923/1104/3529 721/852/3530 722/854/3531 925/1107/3532
f 925/1107/3533 927/1109/3534 926/1110/3535 924/1108/3536
f 925/1107/3537 722/854/3538 723/855/3539 927/1109/3540
f 927/1109/3541 726/860/3542 728/863/3543 926/1110/3544
f 927/1109/3545 723/855/3546 724/856/3547 726/860/3548
f 926/1110/3549 929/1111/3550 928/1112/3551 924/1108/3552
f 926/1110/3553 728/863/3554 930/1113/3555 929/1111/3556
f 930/1113/3557 932/1114/3558 931/1115/3559 929/1111/3560
f 930/1113/3561 731/866/3562 933/1116/3563 932/1114/3564
f 930/1113/3565 728/863/3566 729/862/3567 731/866/3568
f 933/1116/3569 935/1117/3570 934/1118/3571 932/1114/3572
f 933/1116/3573 937/1119/3574 936/1120/3575 935/1117/3576
f 933/1116/3577 731/866/3578 732/865/3579 937/1119/3580
f 937/1121/3581 735/871/3582 736/872/3583 936/1122/3584
f 937/1121/3585 732/870/3586 733/869/3587 735/871/3588
f 936/1120/3589 939/1123/3590 938/1124/3591 935/1117/3592
f 936/1122/3593 736/872/3594 737/873/3595 939/1125/3596
f 939/1123/3597 941/1126/3598 940/1127/3599 938/1124/3600
f 939/1125/3601 737/873/3602 738/874/3603 941/1128/3604
f 941/1126/3605 943/1129/3606 942/1130/3607 940/1127/3608
f 941/1128/3609 738/874/3610 739/875/3611 943/1131/3612
f 943/1129/3613 945/1132/3614 944/1133/3615 942/1130/3616
f 943/1131/3617 739/875/3618 740/876/3619 945/1134/3620
f 945/1132/3621 947/1135/3622 946/1136/3623 944/1133/3624
f 945/1134/3625 740/876/3626 741/877/3627 947/1137/3628
f 947/1135/3629 949/1138/3630 948/1139/3631 946/1136/3632
f 947/1137/3633 741/877/3634 742/878/3635 949/1140/3636
f 949/1138/3637 951/1141/3638 950/1142/3639 948/1139/3640
f 949/1140/3641 742/878/3642 743/879/3643 951/1143/3644
f 951/1141/3645 953/1144/3646 952/1145/3647 950/1142/3648
f 951/1143/3649 743/879/3650 744/880/3651 953/1146/3652
f 953/1144/3653 955/1147/3654 954/1148/3655 952/1145/3656
f 953/1146/3657 744/880/3658 745/881/3659 955/1149/3660
f 955/1147/3661 957/1150/3662 956/1151/3663 954/1148/3664
f 955/1149/3665 745/881/3666 746/882/3667 957/1152/3668
f 957/1150/3669 959/1153/3670 958/1154/3671 956/1151/3672
f 957/1152/3673 746/882/3674 747/883/3675 959/1155/3676
f 959/1153/3677 961/1156/3678 960/1157/3679 958/1154/3680
f 959/1155/3681 747/883/3682 748/884/3683 961/1158/3684
f 961/1156/3685 963/1159/3686 962/1160/3687 960/1157/3688
f 961/1158/3689 748/884/3690 749/885/3691 963/1161/3692
f 963/1159/3693 965/1162/3694 964/1163/3695 962/1160/3696
f 963/1161/3697 749/885/3698 750/886/3699 965/1164/3700
f 965/1162/3701 967/1165/3702 966/1166/3703 964/1163/3704
f 965/1164/3705 750/886/3706 751/887/3707 967/1167/3708
f 967/1165/3709 969/1168/3710 968/1169/3711 966/1166/3712
f 967/1167/3713 751/887/3714 752/888/3715 969/1170/3716
f 969/1168/3717 971/1171/3718 970/1172/3719 968/1169/3720
f 969/1170/3721 752/888/3722 753/889/3723 971/1173/3724
f 971/1171/3725 972/1174/3726 852/1021/3727 970/1172/3728
f 971/1173/3729 753/889/3730 754/890/3731 972/1175/3732
f 972/1174/3733 849/1018/3734 850/1017/3735 852/1021/3736
f 972/1175/3737 754/890/3738 755/891/3739 849/1176/3740
f 970/1172/3741 852/1021/3742 853/1020/3743 855/1024/3744
f 970/1172/3745 855/1024/3746 973/1177/3747 968/1169/3748
f 973/1177/3749 855/1024/3750 856/1023/3751 858/1027/3752
f 973/1177/3753 974/1178/3754 966/1166/3755 968/1169/3756
f 973/1177/3757 858/1027/3758 975/1179/3759 974/1178/3760
f 975/1179/3761 858/1027/3762 859/1026/3763 861/1031/3764
f 975/1179/3765 977/1180/3766 976/1181/3767 974/1178/3768
f 975/1179/3769 861/1031/3770 978/1182/3771 977/1180/3772
f 978/1182/3773 861/1031/3774 862/1030/3775 864/1035/3776
f 978/1182/3777 980/1183/3778 979/1184/3779 977/1180/3780
f 978/1182/3781 864/1035/3782 981/1185/3783 980/1183/3784
f 981/1185/3785 864/1035/3786 865/1034/3787 867/1186/3788
f 981/1185/3789 983/1187/3790 982/1188/3791 980/1183/3792
f 981/1185/3793 867/1186/3794 984/1189/3795 983/1187/3796
f 984/1190/3797 867/1039/3798 868/1038/3799 870/1042/3800
f 984/1189/3801 986/1191/3802 985/1192/3803 983/1187/3804
f 984/1190/3805 870/1042/3806 987/1193/3807 986/1194/3808
f 987/1193/3809 870/1042/3810 871/1041/3811 873/1045/3812
f 987/1193/3813 989/1195/3814 988/1196/3815 986/1194/3816
f 987/1193/3817 873/1045/3818 990/1197/3819 989/1195/3820
f 990/1197/3821 873/1045/3822 874/1044/3823 876/1048/3824
f 990/1197/3825 992/1198/3826 991/1199/3827 989/1195/3828
f 990/1197/3829 876/1048/3830 993/1200/3831 992/1198/3832
f 993/1200/3833 876/1048/3834 877/1047/3835 879/1051/3836
f 993/1200/3837 995/1201/3838 994/1202/3839 992/1198/3840
f 993/1200/3841 879/1051/3842 996/1203/3843 995/1201/3844
f 996/1203/3845 879/1051/3846 880/1050/3847 882/1054/3848
f 996/1203/3849 998/1204/3850 997/1205/3851 995/1201/3852
f 996/1203/3853 882/1054/3854 999/1206/3855 998/1204/3856
f 999/1206/3857 882/1054/3858 883/1053/3859 885/1058/3860
f 999/1206/3861 1001/1207/3862 1000/1208/3863 998/1204/3864
f 999/1206/3865 885/1058/3866 1002/1209/3867 1001/1207/3868
f 1002/1209/3869 885/1058/3870 886/1057/3871 888/1062/3872
f 1002/1209/3873 1004/1210/3874 1003/1211/3875 1001/1207/3876
f 1002/1209/3877 888/1062/3878 890/1065/3879 1004/1210/3880
f 1004/1210/3881 1006/1212/3882 1005/1213/3883 1003/1211/3884
f 1004/1210/3885 890/1065/3886 892/1068/3887 1006/1212/3888
f 1006/1212/3889 1008/1214/3890 1007/1215/3891 1005/1213/3892
f 1006/1212/3893 892/1068/3894 894/1071/3895 1008/1214/3896
f 1008/1214/3897 1010/1216/3898 1009/1217/3899 1007/1215/3900
f 1008/1214/3901 894/1071/3902 896/1074/3903 1010/1216/3904
f 1010/1216/3905 1012/1218/3906 1011/1219/3907 1009/1217/3908
f 1010/1216/3909 896/1074/3910 898/1077/3911 1012/1218/3912
f 1012/1218/3913 904/1086/3914 1013/1220/3915 1011/1219/3916
f 1012/1218/3917 898/1077/3918 900/1080/3919 904/1086/3920
f 1013/1220/3921 1015/1221/3922 1014/1222/3923 1011/1219/3924
f 1013/1220/3925 907/1089/3926 1016/1223/3927 1015/1221/3928
f 1013/1220/3929 904/1086/3930 905/1085/3931 907/1089/3932
f 1016/1223/3933 1018/1224/3934 1017/1225/3935 1015/1221/3936
f 1016/1223/3937 910/1092/3938 1019/1226/3939 1018/1224/3940
f 1016/1223/3941 907/1089/3942 908/1088/3943 910/1092/3944
f 1019/1226/3945 1021/1227/3946 1020/1228/3947 1018/1224/3948
f 1019/1226/3949 914/1096/3950 916/1098/3951 1021/1227/3952
f 1019/1226/3953 910/1092/3954 911/1091/3955 914/1096/3956
f 1021/1227/3957 1023/1229/3958 1022/1230/3959 1020/1228/3960
f 1021/1227/3961 916/1098/3962 918/1100/3963 1023/1229/3964
f 1023/1229/3965 1025/1231/3966 1024/1232/3967 1022/1230/3968
f 1023/1229/3969 918/1100/3970 920/1102/3971 1025/1231/3972
f 1025/1233/3973 1027/1234/3974 1026/1235/3975 1024/1236/3976
f 1025/1233/3977 920/1106/3978 922/1105/3979 1027/1234/3980
f 1027/1234/3981 928/1112/3982 1028/1237/3983 1026/1235/3984
f 1027/1234/3985 922/1105/3986 924/1108/3987 928/1112/3988
f 1028/1237/3989 1030/1238/3990 1029/1239/3991 1026/1235/3992
f 1028/1237/3993 931/1115/3994 1031/1240/3995 1030/1238/3996
f 1028/1237/3997 928/1112/3998 929/1111/3999 931/1115/4000
f 1031/1240/4001 1033/1241/4002 1032/1242/4003 1030/1238/4004
f 1031/1240/4005 934/1118/4006 1034/1243/4007 1033/1241/4008
f 1031/1240/4009 931/1115/4010 932/1114/4011 934/1118/4012
f 1034/1243/4013 1036/1244/4014 1035/1245/4015 1033/1241/4016
f 1034/1243/4017 938/1124/4018 940/1127/4019 1036/1244/4020
f 1034/1243/4021 934/1118/4022 935/1117/4023 938/1124/4024
f 1036/1244/4025 1038/1246/4026 1037/1247/4027 1035/1245/4028
f 1036/1244/4029 940/1127/4030 942/1130/4031 1038/1246/4032
f 1038/1246/4033 1040/1248/4034 1039/1249/4035 1037/1247/4036
f 1038/1246/4037 942/1130/4038 944/1133/4039 1040/1248/4040
f 1040/1248/4041 1042/1250/4042 1041/1251/4043 1039/1249/4044
f 1040/1248/4045 944/1133/4046 946/1136/4047 1042/1250/4048
f 1042/1250/4049 1044/1252/4050 1043/1253/4051 1041/1251/4052
f 1042/1250/4053 946/1136/4054 948/1139/4055 1044/1252/4056
f 1044/1252/4057 1046/1254/4058 1045/1255/4059 1043/1253/4060
f 1044/1252/4061 948/1139/4062 950/1142/4063 1046/1254/4064
f 1046/1254/4065 1048/1256/4066 1047/1257/4067 1045/1255/4068
f 1046/1254/4069 950/1142/4070 952/1145/4071 1048/1256/4072
f 1048/1256/4073 1050/1258/4074 1049/1259/4075 1047/1257/4076
f 1048/1256/4077 952/1145/4078 954/1148/4079 1050/1258/4080
f 1050/1258/4081 1052/1260/4082 1051/1261/4083 1049/1259/4084
f 1050/1258/4085 954/1148/4086 956/1151/4087 1052/1260/4088
f 1052/1260/4089 1054/1262/4090 1053/1263/4091 1051/1261/4092
f 1052/1260/4093 956/1151/4094 958/1154/4095 1054/1262/4096
f 1054/1262/4097 1056/1264/4098 1055/1265/4099 1053/1263/4100
f 1054/1262/4101 958/1154/4102 960/1157/4103 1056/1264/4104
f 1056/1264/4105 1057/1266/4106 979/1184/4107 1055/1265/4108
f 1056/1264/4109 960/1157/4110 962/1160/4111 1057/1266/4112
f 1057/1266/4113 976/1181/4114 977/1180/4115 979/1184/4116
f 1057/1266/4117 962/1160/4118 964/1163/4119 976/1181/4120
f 1055/1265/4121 979/1184/4122 980/1183/4123 982/1188/4124
f 1055/1265/4125 982/1188/4126 1058/1267/4127 1053/1263/4128
f 1058/1267/4129 982/1188/4130 983/1187/4131 985/1192/4132
f 1058/1267/4133 1059/1268/4134 1051/1261/4135 1053/1263/4136
f 1058/1267/4137 985/1192/4138 1060/1269/4139 1059/1268/4140
f 1060/1269/4141 985/1192/4142 986/1191/4143 988/1270/4144
f 1060/1269/4145 1062/1271/4146 1061/1272/4147 1059/1268/4148
f 1060/1269/4149 988/1270/4150 1063/1273/4151 1062/1271/4152
f 1063/1274/4153 988/1196/4154 989/1195/4155 991/1199/4156
f 1063/1273/4157 1065/1275/4158 1064/1276/4159 1062/1271/4160
f 1063/1274/4161 991/1199/4162 1066/1277/4163 1065/1278/4164
f 1066/1277/4165 991/1199/4166 992/1198/4167 994/1202/4168
f 1066/1277/4169 1068/1279/4170 1067/1280/4171 1065/1278/4172
f 1066/1277/4173 994/1202/4174 1069/1281/4175 1068/1279/4176
f 1069/1281/4177 994/1202/4178 995/1201/4179 997/1205/4180
f 1069/1281/4181 1071/1282/4182 1070/1283/4183 1068/1279/4184
f 1069/1281/4185 997/1205/4186 1072/1284/4187 1071/1282/4188
f 1072/1284/4189 997/1205/4190 998/1204/4191 1000/1208/4192
f 1072/1284/4193 1074/1285/4194 1073/1286/4195 1071/1282/4196
f 1072/1284/4197 1000/1208/4198 1075/1287/4199 1074/1285/4200
f 1075/1287/4201 1000/1208/4202 1001/1207/4203 1003/1211/4204
f 1075/1287/4205 1077/1288/4206 1076/1289/4207 1074/1285/4208
f 1075/1287/4209 1003/1211/4210 1005/1213/4211 1077/1288/4212
f 1077/1288/4213 1079/1290/4214 1078/1291/4215 1076/1289/4216
f 1077/1288/4217 1005/1213/4218 1007/1215/4219 1079/1290/4220
f 1079/1290/4221 1081/1292/4222 1080/1293/4223 1078/1291/4224
f 1079/1290/4225 1007/1215/4226 1009/1217/4227 1081/1292/4228
f 1081/1292/4229 1014/1222/4230 1082/1294/4231 1080/1293/4232
f 1081/1292/4233 1009/1217/4234 1011/1219/4235 1014/1222/4236
f 1082/1294/4237 1084/1295/4238 1083/1296/4239 1080/1293/4240
f 1082/1294/4241 1017/1225/4242 1085/1297/4243 1084/1295/4244
f 1082/1294/4245 1014/1222/4246 1015/1221/4247 1017/1225/4248
f 1085/1297/4249 1087/1298/4250 1086/1299/4251 1084/1295/4252
f 1085/1297/4253 1020/1228/4254 1022/1230/4255 1087/1298/4256
f 1085/1297/4257 1017/1225/4258 1018/1224/4259 1020/1228/4260
f 1087/1298/4261 1089/1300/4262 1088/1301/4263 1086/1299/4264
f 1087/1298/4265 1022/1230/4266 1024/1232/4267 1089/1300/4268
f 1089/1302/4269 1029/1239/4270 1090/1303/4271 1088/1304/4272
f 1089/1302/4273 1024/1236/4274 1026/1235/4275 1029/1239/4276
f 1090/1303/4277 1092/1305/4278 1091/1306/4279 1088/1304/4280
f 1090/1303/4281 1032/1242/4282 1093/1307/4283 1092/1305/4284
f 1090/1303/4285 1029/1239/4286 1030/1238/4287 1032/1242/4288
f 1093/1307/4289 1095/1308/4290 1094/1309/4291 1092/1305/4292
f 1093/1307/4293 1035/1245/4294 1037/1247/4295 1095/1308/4296
f 1093/1307/4297 1032/1242/4298 1033/1241/4299 1035/1245/4300
f 1095/1308/4301 1097/1310/4302 1096/1311/4303 1094/1309/4304
f 1095/1308/4305 1037/1247/4306 1039/1249/4307 1097/1310/4308
f 1097/1310/4309 1099/1312/4310 1098/1313/4311 1096/1311/4312
f 1097/1310/4313 1039/1249/4314 1041/1251/4315 1099/1312/4316
f 1099/1312/4317 1101/1314/4318 1100/1315/4319 1098/1313/4320
f 1099/1312/4321 1041/1251/4322 1043/1253/4323 1101/1314/4324
f 1101/1314/4325 1103/1316/4326 1102/1317/4327 1100/1315/4328
f 1101/1314/4329 1043/1253/4330 1045/1255/4331 1103/1316/4332
f 1103/1316/4333 1104/1318/4334 1064/1276/4335 1102/1317/4336
f 1103/1316/4337 1045/1255/4338 1047/1257/4339 1104/1318/4340
f 1104/1318/4341 1061/1272/4342 1062/1271/4343 1064/1276/4344
f 1104/1318/4345 1047/1257/4346 1049/1259/4347 1061/1272/4348
f 1102/1317/4349 1064/1276/4350 1065/1275/4351 1067/1319/4352
f 1102/1317/4353 1067/1319/4354 1105/1320/4355 1100/1315/4356
f 1105/1321/4357 1067/1280/4358 1068/1279/4359 1070/1283/4360
f 1105/1320/4361 1106/1322/4362 1098/1313/4363 1100/1315/4364
f 1105/1321/4365 1070/1283/4366 1107/1323/4367 1106/1324/4368
f 1107/1323/4369 1070/1283/4370 1071/1282/4371 1073/1286/4372
f 1107/1323/4373 1109/1325/4374 1108/1326/4375 1106/1324/4376
f 1107/1323/4377 1073/1286/4378 1110/1327/4379 1109/1325/4380
f 1110/1327/4381 1073/1286/4382 1074/1285/4383 1076/1289/4384
f 1110/1327/4385 1112/1328/4386 1111/1329/4387 1109/1325/4388
f 1110/1327/4389 1076/1289/4390 1078/1291/4391 1112/1328/4392
f 1112/1328/4393 1083/1296/4394 1113/1330/4395 1111/1329/4396
f 1112/1328/4397 1078/1291/4398 1080/1293/4399 1083/1296/4400
f 1113/1330/4401 1091/1331/4402 1114/1332/4403 1111/1329/4404
f 1113/1330/4405 1086/1299/4406 1088/1301/4407 1091/1331/4408
f 1113/1330/4409 1083/1296/4410 1084/1295/4411 1086/1299/4412
f 1114/1332/4413 1108/1326/4414 1109/1325/4415 1111/1329/4416
f 1114/1333/4417 1094/1309/4418 1096/1311/4419 1108/1334/4420
f 1114/1333/4421 1091/1306/4422 1092/1305/4423 1094/1309/4424
f 1108/1334/4425 1096/1311/4426 1098/1313/4427 1106/1322/4428
f 1061/1272/4429 1049/1259/4430 1051/1261/4431 1059/1268/4432
f 976/1181/4433 964/1163/4434 966/1166/4435 974/1178/4436
f 849/1176/4437 755/891/4438 756/892/4439 847/1014/4440
f 809/1335/4441 603/727/4442 617/730/4443 807/948/4444
f 809/1335/4445 815/1336/4446 621/731/4447 603/727/4448
